conexion_id,player_id,ping_ms,status,fecha
1,103.0,21.994569884659718,EXITOSO,2026-05-26
2,436.0,52.0525954820415,EXITOSO,2026-05-26
3,861.0,67.32240881491484,EXITOSO,2026-05-26
4,271.0,9.235997811876821,EXITOSO,2026-05-26
5,107.0,17.454164930802236,EXITOSO,2026-05-26
6,72.0,32.22068496551128,EXITOSO,2026-05-26
7,701.0,21.800454084534387,EXITOSO,2026-05-26
8,21.0,61.470329061977196,FALLIDO,2026-05-26
9,615.0,74.44886385603523,FALLIDO,2026-05-26
10,122.0,68.95495241066372,EXITOSO,2026-05-26
11,,69.01327554991211,EXITOSO,2026-05-26
12,,126.83966861154444,EXITOSO,2026-05-26
13,,76.9473439850862,EXITOSO,2026-05-26
14,,91.35856991556989,EXITOSO,2026-05-26
15,,43.41537000892109,FALLIDO,2026-05-26
16,,97.76024570645964,EXITOSO,2026-05-26
17,100.0,41.505899048267125,EXITOSO,2026-05-26
18,872.0,76.45793310354361,EXITOSO,2026-05-26
19,664.0,5.145325272704696,EXITOSO,2026-05-26
20,131.0,66.64936527952487,EXITOSO,2026-05-26
21,662.0,-50.0,EXITOSO,2026-05-26
22,309.0,-50.0,EXITOSO,2026-05-26
23,770.0,-50.0,EXITOSO,2026-05-26
24,344.0,-50.0,INVALIDO,2026-05-26
25,492.0,-50.0,FALLIDO,2026-05-26
26,414.0,-50.0,EXITOSO,2026-05-26
27,806.0,-4.480756026901091,EXITOSO,2026-05-26
28,386.0,28.835281185492796,EXITOSO,2026-05-26
29,192.0,18.234359105685968,EXITOSO,2026-05-26
30,956.0,75.18408407145019,FALLIDO,2026-05-26
31,277.0,10.585478933101903,EXITOSO,2026-05-26
32,161.0,38.43143936775019,EXITOSO,2026-05-26
33,460.0,72.5820868214708,EXITOSO,2026-05-26
34,314.0,65.5458357884721,EXITOSO,2026-05-26
35,22.0,59.49424750632882,FALLIDO,2026-05-26
36,253.0,65.04002076176269,EXITOSO,2026-05-26
37,748.0,45.179996099693824,EXITOSO,2026-05-26
38,857.0,-4.150082226653225,EXITOSO,2026-05-26
39,561.0,44.1264711702142,EXITOSO,2026-05-26
40,475.0,78.74999137261142,EXITOSO,2026-05-26
41,59.0,54.522600455623824,FALLIDO,2026-05-26
42,511.0,75.65953492522003,EXITOSO,2026-05-26
43,682.0,36.52867881962059,FALLIDO,2026-05-26
44,476.0,99.77344319511715,INVALIDO,2026-05-26
45,700.0,-42.25271469885335,EXITOSO,2026-05-26
46,976.0,65.65762051693419,EXITOSO,2026-05-26
47,783.0,113.95521388485113,FALLIDO,2026-05-26
48,190.0,119.90794064165851,EXITOSO,2026-05-26
49,958.0,50.726953230300985,EXITOSO,2026-05-26
50,687.0,6.952073774284635,EXITOSO,2026-05-26
51,958.0,114.65891369373436,EXITOSO,2026-05-26
52,563.0,57.92539332777758,EXITOSO,2026-05-26
53,876.0,53.64121842920477,EXITOSO,2026-05-26
54,567.0,24.28581436489077,EXITOSO,2026-05-26
55,244.0,10.004500765669704,EXITOSO,2026-05-26
56,832.0,82.55452675697417,EXITOSO,2026-05-26
57,505.0,86.79485819034642,EXITOSO,2026-05-26
58,131.0,68.06176007197686,EXITOSO,2026-05-26
59,485.0,29.438168736246276,EXITOSO,2026-05-26
60,819.0,17.400046995634007,EXITOSO,2026-05-26
61,647.0,2.710053791204281,EXITOSO,2026-05-26
62,21.0,37.578192956881075,EXITOSO,2026-05-26
63,841.0,19.76585741004144,EXITOSO,2026-05-26
64,167.0,-8.372387811641815,FALLIDO,2026-05-26
65,274.0,86.05380049412193,EXITOSO,2026-05-26
66,388.0,7.237445540601314,EXITOSO,2026-05-26
67,601.0,99.35690725722935,EXITOSO,2026-05-26
68,316.0,75.76286840453855,FALLIDO,2026-05-26
69,14.0,71.77364750473596,EXITOSO,2026-05-26
70,242.0,126.61236184240366,EXITOSO,2026-05-26
71,777.0,8.567894637419009,EXITOSO,2026-05-26
72,346.0,94.95087984195183,EXITOSO,2026-05-26
73,565.0,48.09429707914281,EXITOSO,2026-05-26
74,898.0,162.8428062651816,EXITOSO,2026-05-26
75,340.0,44.76822275443162,FALLIDO,2026-05-26
76,92.0,38.30766655497527,EXITOSO,2026-05-26
77,367.0,77.02143099429065,FALLIDO,2026-05-26
78,956.0,51.64365871165442,EXITOSO,2026-05-26
79,455.0,29.66148150800523,EXITOSO,2026-05-26
80,428.0,21.188928642566502,FALLIDO,2026-05-26
81,509.0,118.32817953549613,EXITOSO,2026-05-26
82,776.0,13.46153472400033,EXITOSO,2026-05-26
83,943.0,68.92350241522,EXITOSO,2026-05-26
84,35.0,102.24736558504381,FALLIDO,2026-05-26
85,206.0,104.17979941770533,EXITOSO,2026-05-26
86,81.0,35.93390391274241,EXITOSO,2026-05-26
87,932.0,51.75260797496949,EXITOSO,2026-05-26
88,562.0,43.99225995942509,FALLIDO,2026-05-26
89,872.0,-1.4007505066349921,FALLIDO,2026-05-26
90,388.0,81.5006953208046,EXITOSO,2026-05-26
91,2.0,61.54014582539235,EXITOSO,2026-05-26
92,390.0,117.62340322407516,FALLIDO,2026-05-26
93,566.0,27.071796107943086,EXITOSO,2026-05-26
94,106.0,103.54786234470782,EXITOSO,2026-05-26
95,772.0,106.36936601136819,EXITOSO,2026-05-26
96,822.0,61.882867472315496,EXITOSO,2026-05-26
97,477.0,-26.834462833346763,EXITOSO,2026-05-26
98,703.0,39.49729370222839,EXITOSO,2026-05-26
99,402.0,131.43484497216468,EXITOSO,2026-05-26
100,730.0,71.88223085967638,FALLIDO,2026-05-26
101,556.0,87.73598823487544,EXITOSO,2026-05-26
102,162.0,56.43333673460127,EXITOSO,2026-05-26
103,202.0,51.06228360547486,FALLIDO,2026-05-26
104,958.0,-14.69378274798025,EXITOSO,2026-05-26
105,996.0,91.78956868221228,EXITOSO,2026-05-26
106,270.0,103.18724818889507,EXITOSO,2026-05-26
107,863.0,21.96550858133247,EXITOSO,2026-05-26
108,816.0,52.8457951396677,EXITOSO,2026-05-26
109,271.0,47.45034890582837,EXITOSO,2026-05-26
110,456.0,76.80613175945145,EXITOSO,2026-05-26
111,462.0,38.2254567396362,EXITOSO,2026-05-26
112,727.0,97.25363692732009,EXITOSO,2026-05-26
113,252.0,62.85297264497956,EXITOSO,2026-05-26
114,702.0,-41.9769222233879,EXITOSO,2026-05-26
115,296.0,77.70881100770573,EXITOSO,2026-05-26
116,725.0,99.85403950363137,EXITOSO,2026-05-26
117,720.0,13.917533589402453,EXITOSO,2026-05-26
118,749.0,76.34907739898297,EXITOSO,2026-05-26
119,338.0,133.1983867901684,EXITOSO,2026-05-26
120,879.0,64.48265500712955,EXITOSO,2026-05-26
121,53.0,105.66515457317958,EXITOSO,2026-05-26
122,792.0,42.313801190539195,EXITOSO,2026-05-26
123,922.0,59.28142846171375,EXITOSO,2026-05-26
124,217.0,51.815148482946185,EXITOSO,2026-05-26
125,764.0,44.51518294609774,EXITOSO,2026-05-26
126,188.0,54.09111819667695,FALLIDO,2026-05-26
127,380.0,-5.2272712369726975,EXITOSO,2026-05-26
128,493.0,46.76479462466814,EXITOSO,2026-05-26
129,41.0,113.5122582170714,INVALIDO,2026-05-26
130,157.0,21.452397725926666,EXITOSO,2026-05-26
131,15.0,17.354669141067582,FALLIDO,2026-05-26
132,813.0,62.4484948557902,EXITOSO,2026-05-26
133,65.0,64.44732573428978,EXITOSO,2026-05-26
134,857.0,75.09858876215945,EXITOSO,2026-05-26
135,839.0,55.45045707261444,EXITOSO,2026-05-26
136,521.0,62.874566578333344,EXITOSO,2026-05-26
137,344.0,45.96460905484003,EXITOSO,2026-05-26
138,129.0,8.96815378800143,FALLIDO,2026-05-26
139,648.0,57.14432526757397,EXITOSO,2026-05-26
140,472.0,88.98387985769855,EXITOSO,2026-05-26
141,63.0,80.60218505409337,EXITOSO,2026-05-26
142,139.0,-9.769685077571495,EXITOSO,2026-05-26
143,499.0,70.07701453236331,EXITOSO,2026-05-26
144,593.0,24.289218965713232,EXITOSO,2026-05-26
145,392.0,115.68656020885527,EXITOSO,2026-05-26
146,675.0,73.05079131713521,EXITOSO,2026-05-26
147,419.0,95.85135840522426,EXITOSO,2026-05-26
148,289.0,60.84672577659439,EXITOSO,2026-05-26
149,379.0,57.35780004410091,FALLIDO,2026-05-26
150,773.0,119.83379670612987,EXITOSO,2026-05-26
151,490.0,98.91097586500065,EXITOSO,2026-05-26
152,231.0,64.71434608990191,EXITOSO,2026-05-26
153,41.0,52.013342954504076,EXITOSO,2026-05-26
154,28.0,-8.286989021234788,EXITOSO,2026-05-26
155,135.0,72.9827013949656,EXITOSO,2026-05-26
156,201.0,54.955841227211415,EXITOSO,2026-05-26
157,840.0,82.15824188329104,EXITOSO,2026-05-26
158,780.0,94.31275366139145,EXITOSO,2026-05-26
159,930.0,109.31684380188987,EXITOSO,2026-05-26
160,33.0,73.47971643577617,EXITOSO,2026-05-26
161,48.0,18.14558139487179,EXITOSO,2026-05-26
162,503.0,-25.97254203672533,EXITOSO,2026-05-26
163,407.0,27.01200558572834,EXITOSO,2026-05-26
164,574.0,113.33953998020272,EXITOSO,2026-05-26
165,728.0,132.93965877197763,EXITOSO,2026-05-26
166,805.0,50.483969929232984,EXITOSO,2026-05-26
167,99.0,1.5616298287059465,EXITOSO,2026-05-26
168,684.0,34.063456999886405,EXITOSO,2026-05-26
169,872.0,105.51223290791484,EXITOSO,2026-05-26
170,726.0,36.35947305891573,EXITOSO,2026-05-26
171,987.0,83.56495790670057,EXITOSO,2026-05-26
172,547.0,66.74233205192141,EXITOSO,2026-05-26
173,961.0,88.40013036148216,EXITOSO,2026-05-26
174,739.0,132.72043995788152,EXITOSO,2026-05-26
175,613.0,83.59125902137353,EXITOSO,2026-05-26
176,943.0,65.87665106551718,EXITOSO,2026-05-26
177,462.0,137.13494263235677,FALLIDO,2026-05-26
178,643.0,73.98208406500245,EXITOSO,2026-05-26
179,769.0,28.282100106735975,EXITOSO,2026-05-26
180,5.0,87.49861159077942,EXITOSO,2026-05-26
181,218.0,77.89822168531882,EXITOSO,2026-05-26
182,503.0,47.68390630917601,EXITOSO,2026-05-26
183,767.0,39.29655790134906,EXITOSO,2026-05-26
184,398.0,48.069620507403684,EXITOSO,2026-05-26
185,871.0,38.72442569992973,FALLIDO,2026-05-26
186,795.0,49.369607251484325,EXITOSO,2026-05-26
187,393.0,26.288135910325543,FALLIDO,2026-05-26
188,207.0,75.44618752639263,EXITOSO,2026-05-26
189,15.0,72.44805255835277,EXITOSO,2026-05-26
190,858.0,73.80807108917877,EXITOSO,2026-05-26
191,554.0,57.50522642253384,EXITOSO,2026-05-26
192,892.0,52.89346975899752,EXITOSO,2026-05-26
193,461.0,117.6802319061406,EXITOSO,2026-05-26
194,691.0,62.69623547351211,EXITOSO,2026-05-26
195,575.0,110.55067384221907,EXITOSO,2026-05-26
196,864.0,20.14336067334746,EXITOSO,2026-05-26
197,743.0,83.56711336805515,EXITOSO,2026-05-26
198,241.0,30.611878533599373,INVALIDO,2026-05-26
199,564.0,37.75392286826663,EXITOSO,2026-05-26
200,96.0,43.52376640289794,FALLIDO,2026-05-26
201,900.0,41.01604125584886,EXITOSO,2026-05-26
202,734.0,41.21581374072597,EXITOSO,2026-05-26
203,485.0,108.69100359562259,EXITOSO,2026-05-26
204,407.0,61.816446924705595,EXITOSO,2026-05-26
205,231.0,69.00221556838437,INVALIDO,2026-05-26
206,749.0,41.71360145794202,EXITOSO,2026-05-26
207,655.0,94.27757214872435,FALLIDO,2026-05-26
208,171.0,74.20225112955679,EXITOSO,2026-05-26
209,541.0,47.64285422601047,EXITOSO,2026-05-26
210,36.0,-3.3713557050657244,EXITOSO,2026-05-26
211,525.0,68.65185833607482,EXITOSO,2026-05-26
212,160.0,83.02718090141833,EXITOSO,2026-05-26
213,839.0,20.846086467066144,EXITOSO,2026-05-26
214,699.0,48.18421525203351,EXITOSO,2026-05-26
215,243.0,81.48642005843824,EXITOSO,2026-05-26
216,86.0,-2.837122284870695,EXITOSO,2026-05-26
217,796.0,34.04591266360441,EXITOSO,2026-05-26
218,578.0,75.07635766505605,FALLIDO,2026-05-26
219,682.0,104.2007375540644,EXITOSO,2026-05-26
220,557.0,147.43119249084668,EXITOSO,2026-05-26
221,574.0,138.3461907346836,EXITOSO,2026-05-26
222,953.0,65.75077929264037,EXITOSO,2026-05-26
223,646.0,40.63092474072191,EXITOSO,2026-05-26
224,796.0,96.92489071083544,FALLIDO,2026-05-26
225,28.0,38.25628305105371,INVALIDO,2026-05-26
226,620.0,29.51618860217394,FALLIDO,2026-05-26
227,556.0,47.78935790539598,EXITOSO,2026-05-26
228,340.0,42.77306799291573,EXITOSO,2026-05-26
229,798.0,76.50522492263502,FALLIDO,2026-05-26
230,958.0,35.903935114625554,EXITOSO,2026-05-26
231,331.0,63.40488229191259,FALLIDO,2026-05-26
232,640.0,123.79813805621282,EXITOSO,2026-05-26
233,506.0,64.88562856296191,EXITOSO,2026-05-26
234,348.0,120.66969152487111,EXITOSO,2026-05-26
235,473.0,108.08226404263796,EXITOSO,2026-05-26
236,231.0,83.68160946802531,EXITOSO,2026-05-26
237,190.0,45.83388840245918,EXITOSO,2026-05-26
238,225.0,101.62031909396417,EXITOSO,2026-05-26
239,385.0,50.00100325447705,EXITOSO,2026-05-26
240,377.0,59.91961379892155,EXITOSO,2026-05-26
241,283.0,73.20794696662377,EXITOSO,2026-05-26
242,958.0,59.78530110426073,EXITOSO,2026-05-26
243,633.0,31.18929126357852,EXITOSO,2026-05-26
244,628.0,-1.0839565993147744,EXITOSO,2026-05-26
245,973.0,98.36531721301915,FALLIDO,2026-05-26
246,745.0,82.81368507225443,EXITOSO,2026-05-26
247,259.0,-8.824439699853684,EXITOSO,2026-05-26
248,359.0,30.12850601852573,EXITOSO,2026-05-26
249,710.0,67.16261717093538,EXITOSO,2026-05-26
250,456.0,77.70289414242272,EXITOSO,2026-05-26
251,411.0,-0.7381463586836645,INVALIDO,2026-05-26
252,649.0,56.43045333830313,EXITOSO,2026-05-26
253,318.0,81.58618381015857,EXITOSO,2026-05-26
254,677.0,45.93952792402879,EXITOSO,2026-05-26
255,225.0,70.23318593737575,FALLIDO,2026-05-26
256,819.0,40.49792471822093,EXITOSO,2026-05-26
257,234.0,96.36785406798087,EXITOSO,2026-05-26
258,684.0,28.02857144534915,FALLIDO,2026-05-26
259,664.0,14.316870436224804,FALLIDO,2026-05-26
260,975.0,61.15707456246203,EXITOSO,2026-05-26
261,827.0,2.6589611084601756,EXITOSO,2026-05-26
262,374.0,-24.2044475225116,EXITOSO,2026-05-26
263,672.0,103.34941192216054,EXITOSO,2026-05-26
264,608.0,20.631020737567248,FALLIDO,2026-05-26
265,472.0,6.6539366966474915,EXITOSO,2026-05-26
266,233.0,27.529648922015674,EXITOSO,2026-05-26
267,692.0,25.733974743568183,FALLIDO,2026-05-26
268,113.0,54.31554155345824,EXITOSO,2026-05-26
269,830.0,16.26053065256133,EXITOSO,2026-05-26
270,497.0,79.9274456902462,EXITOSO,2026-05-26
271,442.0,85.84936524630861,EXITOSO,2026-05-26
272,564.0,9.00034197537859,INVALIDO,2026-05-26
273,268.0,35.2761350820645,EXITOSO,2026-05-26
274,510.0,39.07771039845656,EXITOSO,2026-05-26
275,807.0,53.39970554534633,INVALIDO,2026-05-26
276,386.0,103.30734067934728,INVALIDO,2026-05-26
277,387.0,105.61253660010433,EXITOSO,2026-05-26
278,113.0,159.95469544663146,EXITOSO,2026-05-26
279,613.0,-30.774957166167127,EXITOSO,2026-05-26
280,625.0,23.028171073934843,EXITOSO,2026-05-26
281,952.0,132.56036724299935,EXITOSO,2026-05-26
282,81.0,-12.028012711073387,EXITOSO,2026-05-26
283,699.0,131.65060256682824,EXITOSO,2026-05-26
284,113.0,65.89405092572979,EXITOSO,2026-05-26
285,2.0,67.36531092090178,FALLIDO,2026-05-26
286,642.0,8.808080555221181,EXITOSO,2026-05-26
287,220.0,41.95347119982813,EXITOSO,2026-05-26
288,566.0,129.89505438839626,EXITOSO,2026-05-26
289,855.0,58.09267459035093,EXITOSO,2026-05-26
290,997.0,42.2200388715918,EXITOSO,2026-05-26
291,736.0,76.22876785516944,EXITOSO,2026-05-26
292,225.0,52.311295987893715,FALLIDO,2026-05-26
293,385.0,73.80604599225764,EXITOSO,2026-05-26
294,403.0,26.01034671360315,FALLIDO,2026-05-26
295,638.0,56.91389405567579,FALLIDO,2026-05-26
296,130.0,34.356949382371255,EXITOSO,2026-05-26
297,53.0,-12.158665627787101,EXITOSO,2026-05-26
298,684.0,79.27831148990741,EXITOSO,2026-05-26
299,730.0,10.649086337777774,FALLIDO,2026-05-26
300,672.0,53.410362795835916,EXITOSO,2026-05-26
301,710.0,97.04272983311644,EXITOSO,2026-05-26
302,416.0,0.08746173838279958,EXITOSO,2026-05-26
303,247.0,84.18736387798407,EXITOSO,2026-05-26
304,836.0,48.0074617212535,EXITOSO,2026-05-26
305,439.0,21.339063962917443,INVALIDO,2026-05-26
306,203.0,140.91693155544274,EXITOSO,2026-05-26
307,184.0,59.97774816980659,EXITOSO,2026-05-26
308,123.0,37.27628441693035,EXITOSO,2026-05-26
309,401.0,28.79148310534393,EXITOSO,2026-05-26
310,767.0,95.24649873746785,EXITOSO,2026-05-26
311,294.0,35.51775094146354,EXITOSO,2026-05-26
312,280.0,90.26072394164103,EXITOSO,2026-05-26
313,837.0,59.900806755073575,EXITOSO,2026-05-26
314,884.0,104.64752257735394,EXITOSO,2026-05-26
315,610.0,18.29842210068464,EXITOSO,2026-05-26
316,198.0,23.87747043615982,EXITOSO,2026-05-26
317,982.0,48.75978743879726,EXITOSO,2026-05-26
318,907.0,52.077340099008964,EXITOSO,2026-05-26
319,511.0,45.817718852119576,FALLIDO,2026-05-26
320,752.0,165.2576162170607,INVALIDO,2026-05-26
321,144.0,142.5298801740763,EXITOSO,2026-05-26
322,609.0,71.96220299284172,EXITOSO,2026-05-26
323,201.0,76.6788829620183,EXITOSO,2026-05-26
324,124.0,50.542712796816765,EXITOSO,2026-05-26
325,187.0,18.006978659274765,EXITOSO,2026-05-26
326,326.0,52.717110377789915,EXITOSO,2026-05-26
327,464.0,90.84471005848215,EXITOSO,2026-05-26
328,349.0,112.22507046272037,EXITOSO,2026-05-26
329,771.0,99.82833682090822,EXITOSO,2026-05-26
330,660.0,-0.3909717261684591,EXITOSO,2026-05-26
331,764.0,48.43089287385148,EXITOSO,2026-05-26
332,955.0,1.2452974053603043,EXITOSO,2026-05-26
333,932.0,106.75374229610875,FALLIDO,2026-05-26
334,403.0,43.504624207986694,EXITOSO,2026-05-26
335,346.0,58.115595374758676,EXITOSO,2026-05-26
336,963.0,79.20201072020006,FALLIDO,2026-05-26
337,511.0,170.64559679247594,EXITOSO,2026-05-26
338,147.0,70.73099759158104,EXITOSO,2026-05-26
339,148.0,50.46915848774993,FALLIDO,2026-05-26
340,864.0,10.358315151854399,EXITOSO,2026-05-26
341,711.0,118.34557794012422,EXITOSO,2026-05-26
342,820.0,52.734541428116984,EXITOSO,2026-05-26
343,489.0,126.28569859710798,EXITOSO,2026-05-26
344,929.0,104.22452451794894,EXITOSO,2026-05-26
345,936.0,41.48175589566113,EXITOSO,2026-05-26
346,640.0,4.308952765763827,EXITOSO,2026-05-26
347,551.0,70.90276468814427,FALLIDO,2026-05-26
348,338.0,35.40385884913593,FALLIDO,2026-05-26
349,872.0,61.57383369825223,EXITOSO,2026-05-26
350,641.0,101.9619842741735,EXITOSO,2026-05-26
351,779.0,-6.143284624993342,EXITOSO,2026-05-26
352,988.0,70.58455376272855,EXITOSO,2026-05-26
353,953.0,90.38384763542948,EXITOSO,2026-05-26
354,473.0,92.32442247024252,EXITOSO,2026-05-26
355,946.0,5.458313152503081,EXITOSO,2026-05-26
356,151.0,76.77345879095856,EXITOSO,2026-05-26
357,415.0,108.1414632762677,EXITOSO,2026-05-26
358,990.0,73.72935193600303,EXITOSO,2026-05-26
359,298.0,55.37223175565853,EXITOSO,2026-05-26
360,611.0,105.58451762293775,EXITOSO,2026-05-26
361,263.0,32.2272475824468,EXITOSO,2026-05-26
362,764.0,-1.1933163281308055,FALLIDO,2026-05-26
363,144.0,51.97608740276274,EXITOSO,2026-05-26
364,346.0,81.40180766815995,EXITOSO,2026-05-26
365,624.0,101.55747045745734,INVALIDO,2026-05-26
366,572.0,81.22010296671729,EXITOSO,2026-05-26
367,881.0,93.43284274899432,EXITOSO,2026-05-26
368,2.0,101.81245720415839,EXITOSO,2026-05-26
369,897.0,46.42491974807558,EXITOSO,2026-05-26
370,304.0,54.08242792369641,EXITOSO,2026-05-26
371,254.0,111.48671172599502,EXITOSO,2026-05-26
372,652.0,11.593719030772505,EXITOSO,2026-05-26
373,453.0,77.1653144608918,EXITOSO,2026-05-26
374,37.0,31.33164684331915,EXITOSO,2026-05-26
375,160.0,104.01046412923878,INVALIDO,2026-05-26
376,9.0,59.282580776994415,EXITOSO,2026-05-26
377,233.0,60.303757415124956,EXITOSO,2026-05-26
378,99.0,129.15519549586745,EXITOSO,2026-05-26
379,659.0,16.95828882205415,EXITOSO,2026-05-26
380,816.0,68.63277892874412,INVALIDO,2026-05-26
381,208.0,52.794954756087165,EXITOSO,2026-05-26
382,131.0,81.29645264172125,EXITOSO,2026-05-26
383,404.0,137.17323146755786,EXITOSO,2026-05-26
384,152.0,35.7903396029927,EXITOSO,2026-05-26
385,54.0,12.104091505838198,EXITOSO,2026-05-26
386,120.0,27.626902972719748,EXITOSO,2026-05-26
387,673.0,50.68727671116324,EXITOSO,2026-05-26
388,920.0,62.569233348133075,EXITOSO,2026-05-26
389,628.0,64.58115183146329,EXITOSO,2026-05-26
390,587.0,132.10643804701735,EXITOSO,2026-05-26
391,625.0,124.99356178619367,EXITOSO,2026-05-26
392,968.0,112.11785956267842,EXITOSO,2026-05-26
393,420.0,160.57754546469369,EXITOSO,2026-05-26
394,422.0,92.96393826650525,EXITOSO,2026-05-26
395,104.0,104.3342033405056,EXITOSO,2026-05-26
396,852.0,92.19082087575065,EXITOSO,2026-05-26
397,254.0,85.63621255175147,EXITOSO,2026-05-26
398,227.0,75.77586096731366,EXITOSO,2026-05-26
399,112.0,44.12571820338718,EXITOSO,2026-05-26
400,510.0,10.128870086485414,EXITOSO,2026-05-26
401,473.0,54.77384124151547,EXITOSO,2026-05-26
402,99.0,82.63094798688253,EXITOSO,2026-05-26
403,153.0,62.890476038959605,EXITOSO,2026-05-26
404,861.0,17.386572235229764,EXITOSO,2026-05-26
405,914.0,53.36467800066487,EXITOSO,2026-05-26
406,896.0,51.27988765667448,EXITOSO,2026-05-26
407,878.0,57.5058143212488,EXITOSO,2026-05-26
408,338.0,79.63661395706637,EXITOSO,2026-05-26
409,706.0,88.2503214764121,EXITOSO,2026-05-26
410,822.0,39.9979419610179,EXITOSO,2026-05-26
411,163.0,99.24484752050056,EXITOSO,2026-05-26
412,720.0,105.2655247867325,EXITOSO,2026-05-26
413,957.0,72.81207732194181,INVALIDO,2026-05-26
414,681.0,86.59001087812273,EXITOSO,2026-05-26
415,996.0,99.36925769847795,EXITOSO,2026-05-26
416,161.0,16.09421401682114,EXITOSO,2026-05-26
417,580.0,102.18925339927183,EXITOSO,2026-05-26
418,801.0,28.39756509608187,EXITOSO,2026-05-26
419,398.0,32.29193453486486,FALLIDO,2026-05-26
420,277.0,67.85156671259044,EXITOSO,2026-05-26
421,816.0,-25.76160502698677,INVALIDO,2026-05-26
422,916.0,67.02481232903041,EXITOSO,2026-05-26
423,504.0,99.2712378782321,EXITOSO,2026-05-26
424,896.0,-5.836953857840669,EXITOSO,2026-05-26
425,392.0,103.56037298185805,FALLIDO,2026-05-26
426,135.0,32.0484952589018,EXITOSO,2026-05-26
427,195.0,68.27447121971203,EXITOSO,2026-05-26
428,401.0,37.85701971978152,EXITOSO,2026-05-26
429,640.0,82.91673936516183,EXITOSO,2026-05-26
430,33.0,100.99790224655054,EXITOSO,2026-05-26
431,688.0,85.88041457529991,EXITOSO,2026-05-26
432,460.0,59.840754020252,FALLIDO,2026-05-26
433,955.0,40.965786536262996,EXITOSO,2026-05-26
434,883.0,57.22791882515548,EXITOSO,2026-05-26
435,470.0,86.23885859838566,EXITOSO,2026-05-26
436,375.0,87.61065596691675,EXITOSO,2026-05-26
437,22.0,82.0330632870449,FALLIDO,2026-05-26
438,750.0,8.696898337718224,EXITOSO,2026-05-26
439,670.0,59.0791016625836,EXITOSO,2026-05-26
440,38.0,34.66284143211393,EXITOSO,2026-05-26
441,230.0,86.59716079623311,EXITOSO,2026-05-26
442,365.0,29.40112986485613,INVALIDO,2026-05-26
443,563.0,78.08215032336899,EXITOSO,2026-05-26
444,438.0,48.712489567418814,EXITOSO,2026-05-26
445,776.0,-15.16384733062965,EXITOSO,2026-05-26
446,283.0,97.2383714355199,EXITOSO,2026-05-26
447,27.0,58.98851112544169,EXITOSO,2026-05-26
448,226.0,111.03909183062767,EXITOSO,2026-05-26
449,277.0,-6.612363147105484,FALLIDO,2026-05-26
450,798.0,48.33914756330016,FALLIDO,2026-05-26
451,609.0,51.343823161605414,EXITOSO,2026-05-26
452,284.0,70.80825164953247,EXITOSO,2026-05-26
453,879.0,6.992507833720026,EXITOSO,2026-05-26
454,960.0,81.76151427095115,EXITOSO,2026-05-26
455,481.0,136.46649625124132,EXITOSO,2026-05-26
456,453.0,78.98149385862126,EXITOSO,2026-05-26
457,829.0,63.71489607294048,EXITOSO,2026-05-26
458,816.0,4.901703718985061,EXITOSO,2026-05-26
459,659.0,29.030155457718998,EXITOSO,2026-05-26
460,516.0,57.76620396708908,EXITOSO,2026-05-26
461,547.0,38.80894116628683,FALLIDO,2026-05-26
462,192.0,101.05025705083939,EXITOSO,2026-05-26
463,49.0,81.34812803874551,EXITOSO,2026-05-26
464,512.0,167.69514350587883,EXITOSO,2026-05-26
465,17.0,20.76566254302834,EXITOSO,2026-05-26
466,172.0,61.32458445566931,EXITOSO,2026-05-26
467,220.0,4.660305098628356,EXITOSO,2026-05-26
468,158.0,-28.897630983612984,EXITOSO,2026-05-26
469,477.0,88.9088391781261,EXITOSO,2026-05-26
470,46.0,79.86461531869425,EXITOSO,2026-05-26
471,373.0,25.816382614168404,EXITOSO,2026-05-26
472,518.0,63.721184783736945,EXITOSO,2026-05-26
473,99.0,34.829296042978214,EXITOSO,2026-05-26
474,892.0,40.23170180626896,EXITOSO,2026-05-26
475,745.0,47.18861548934903,EXITOSO,2026-05-26
476,37.0,24.137392903828882,FALLIDO,2026-05-26
477,280.0,31.334003607201733,EXITOSO,2026-05-26
478,349.0,32.46258224222984,EXITOSO,2026-05-26
479,497.0,76.91515387013322,EXITOSO,2026-05-26
480,302.0,-50.96880703939257,EXITOSO,2026-05-26
481,181.0,50.89482954060789,EXITOSO,2026-05-26
482,607.0,16.49272493849307,EXITOSO,2026-05-26
483,99.0,17.937892550988778,EXITOSO,2026-05-26
484,700.0,38.973865036651,EXITOSO,2026-05-26
485,993.0,59.42641160107368,EXITOSO,2026-05-26
486,116.0,51.42352553173227,EXITOSO,2026-05-26
487,191.0,17.43757960807183,EXITOSO,2026-05-26
488,253.0,88.86786073782307,FALLIDO,2026-05-26
489,981.0,23.895840525580375,EXITOSO,2026-05-26
490,928.0,30.611749762955288,EXITOSO,2026-05-26
491,983.0,71.37967143578066,EXITOSO,2026-05-26
492,161.0,72.81474257170967,EXITOSO,2026-05-26
493,256.0,35.53201355468086,EXITOSO,2026-05-26
494,323.0,-57.44648120396626,EXITOSO,2026-05-26
495,128.0,24.580364536486073,EXITOSO,2026-05-26
496,18.0,66.47552744961025,EXITOSO,2026-05-26
497,793.0,87.5443221476012,EXITOSO,2026-05-26
498,735.0,56.82813369886213,EXITOSO,2026-05-26
499,566.0,40.84055811697539,EXITOSO,2026-05-26
500,570.0,151.72844022797295,EXITOSO,2026-05-26
501,323.0,45.100555139785826,EXITOSO,2026-05-26
502,872.0,84.48930747164422,EXITOSO,2026-05-26
503,686.0,6.597916182924159,EXITOSO,2026-05-26
504,792.0,16.393286031641317,EXITOSO,2026-05-26
505,626.0,85.89302445848898,EXITOSO,2026-05-26
506,288.0,101.78245103141484,EXITOSO,2026-05-26
507,943.0,44.411324392263836,FALLIDO,2026-05-26
508,854.0,-13.94542766522082,EXITOSO,2026-05-26
509,663.0,53.29770642395098,EXITOSO,2026-05-26
510,962.0,67.57623603118246,EXITOSO,2026-05-26
511,639.0,63.95272155715298,EXITOSO,2026-05-26
512,155.0,37.464413401559796,EXITOSO,2026-05-26
513,490.0,53.88463522956247,EXITOSO,2026-05-26
514,386.0,30.008926228635765,EXITOSO,2026-05-26
515,986.0,15.5264710505256,EXITOSO,2026-05-26
516,785.0,90.2267408258722,INVALIDO,2026-05-26
517,104.0,63.911932536108424,EXITOSO,2026-05-26
518,929.0,53.97265765510681,INVALIDO,2026-05-26
519,393.0,39.71409028911354,EXITOSO,2026-05-26
520,811.0,52.79305773859681,EXITOSO,2026-05-26
521,246.0,66.41265715147986,EXITOSO,2026-05-26
522,176.0,129.14726303257225,EXITOSO,2026-05-26
523,39.0,86.18147399308576,EXITOSO,2026-05-26
524,477.0,33.34763512203656,EXITOSO,2026-05-26
525,682.0,33.76945029177236,FALLIDO,2026-05-26
526,759.0,27.532755987016174,EXITOSO,2026-05-26
527,538.0,51.97917874988103,EXITOSO,2026-05-26
528,867.0,27.501941990364614,EXITOSO,2026-05-26
529,818.0,78.99294979958503,EXITOSO,2026-05-26
530,921.0,-45.74065023192212,EXITOSO,2026-05-26
531,408.0,81.40673237098977,EXITOSO,2026-05-26
532,525.0,71.01509951221722,EXITOSO,2026-05-26
533,828.0,110.50969932590559,EXITOSO,2026-05-26
534,506.0,95.07158218215812,EXITOSO,2026-05-26
535,903.0,32.65208858983786,EXITOSO,2026-05-26
536,825.0,90.57192323754029,EXITOSO,2026-05-26
537,36.0,53.27730091142797,EXITOSO,2026-05-26
538,685.0,-17.372270297770797,FALLIDO,2026-05-26
539,20.0,66.35327758915568,EXITOSO,2026-05-26
540,321.0,35.0298631771722,EXITOSO,2026-05-26
541,776.0,60.00886065588,EXITOSO,2026-05-26
542,512.0,126.05799321100974,EXITOSO,2026-05-26
543,400.0,68.99147610928634,EXITOSO,2026-05-26
544,654.0,19.306605952400147,FALLIDO,2026-05-26
545,972.0,98.57660022464815,EXITOSO,2026-05-26
546,883.0,74.50170280545754,EXITOSO,2026-05-26
547,471.0,14.593526838723669,EXITOSO,2026-05-26
548,143.0,-4.249510698986242,EXITOSO,2026-05-26
549,92.0,20.90649763125117,EXITOSO,2026-05-26
550,354.0,93.45207202686888,EXITOSO,2026-05-26
551,834.0,47.93591465427816,EXITOSO,2026-05-26
552,800.0,63.24570075821643,EXITOSO,2026-05-26
553,727.0,6.458813168953256,EXITOSO,2026-05-26
554,959.0,94.52875916069694,EXITOSO,2026-05-26
555,854.0,-20.60734657430949,EXITOSO,2026-05-26
556,51.0,33.7848993572926,EXITOSO,2026-05-26
557,665.0,76.73855436455176,FALLIDO,2026-05-26
558,698.0,15.09474219842619,EXITOSO,2026-05-26
559,575.0,84.56517117801772,EXITOSO,2026-05-26
560,190.0,25.232240857935906,EXITOSO,2026-05-26
561,125.0,10.957176287347721,EXITOSO,2026-05-26
562,150.0,111.45928258577898,EXITOSO,2026-05-26
563,314.0,66.1572077239602,EXITOSO,2026-05-26
564,570.0,80.76144312198505,EXITOSO,2026-05-26
565,342.0,100.72838338210786,EXITOSO,2026-05-26
566,305.0,-44.7719579800372,EXITOSO,2026-05-26
567,692.0,85.39130559881278,EXITOSO,2026-05-26
568,682.0,29.558992620226114,EXITOSO,2026-05-26
569,838.0,34.82908836904343,EXITOSO,2026-05-26
570,783.0,77.49764310662346,EXITOSO,2026-05-26
571,54.0,45.47836906362189,EXITOSO,2026-05-26
572,444.0,83.78084301826081,FALLIDO,2026-05-26
573,613.0,58.36628129935673,EXITOSO,2026-05-26
574,993.0,66.72836058736227,EXITOSO,2026-05-26
575,264.0,40.39113631938842,EXITOSO,2026-05-26
576,53.0,17.40266843367447,EXITOSO,2026-05-26
577,572.0,30.3872971700998,EXITOSO,2026-05-26
578,620.0,55.887034780802225,EXITOSO,2026-05-26
579,5.0,133.48953571098156,EXITOSO,2026-05-26
580,103.0,118.87625596454168,EXITOSO,2026-05-26
581,196.0,33.868160885624214,EXITOSO,2026-05-26
582,774.0,62.41030709329901,EXITOSO,2026-05-26
583,877.0,48.49108104215809,EXITOSO,2026-05-26
584,992.0,65.21066475476097,EXITOSO,2026-05-26
585,884.0,70.35650990171104,FALLIDO,2026-05-26
586,350.0,81.10060063022405,EXITOSO,2026-05-26
587,47.0,-56.04555127269634,EXITOSO,2026-05-26
588,867.0,74.6599466354776,EXITOSO,2026-05-26
589,823.0,44.04315883133412,EXITOSO,2026-05-26
590,936.0,31.802483430735847,EXITOSO,2026-05-26
591,820.0,91.7702671264828,FALLIDO,2026-05-26
592,656.0,118.67297665619074,EXITOSO,2026-05-26
593,269.0,87.56012576165628,EXITOSO,2026-05-26
594,370.0,39.257935711556215,EXITOSO,2026-05-26
595,636.0,16.95977399444358,EXITOSO,2026-05-26
596,106.0,-60.24977712438721,EXITOSO,2026-05-26
597,670.0,67.30063986325423,EXITOSO,2026-05-26
598,659.0,83.16064431177746,EXITOSO,2026-05-26
599,657.0,55.92545959607879,EXITOSO,2026-05-26
600,120.0,97.34984835351969,EXITOSO,2026-05-26
601,831.0,7.192390566700304,EXITOSO,2026-05-26
602,787.0,53.150441741798055,EXITOSO,2026-05-26
603,604.0,49.9879616164844,EXITOSO,2026-05-26
604,58.0,55.59565262975735,FALLIDO,2026-05-26
605,951.0,106.7172665181563,EXITOSO,2026-05-26
606,346.0,55.80631103604949,FALLIDO,2026-05-26
607,741.0,48.20830196909882,FALLIDO,2026-05-26
608,474.0,22.53226080757875,EXITOSO,2026-05-26
609,117.0,113.14317885685838,EXITOSO,2026-05-26
610,830.0,2.7521510968549094,EXITOSO,2026-05-26
611,791.0,37.8800226861035,EXITOSO,2026-05-26
612,127.0,127.75748268389972,EXITOSO,2026-05-26
613,393.0,78.72973192286139,EXITOSO,2026-05-26
614,908.0,59.19293393194919,EXITOSO,2026-05-26
615,641.0,60.86768222105137,EXITOSO,2026-05-26
616,58.0,22.14488050568729,EXITOSO,2026-05-26
617,634.0,57.25891020569901,EXITOSO,2026-05-26
618,513.0,46.005366440168274,EXITOSO,2026-05-26
619,751.0,67.18514397820016,EXITOSO,2026-05-26
620,802.0,-0.24965542505234595,EXITOSO,2026-05-26
621,96.0,75.91408031077277,EXITOSO,2026-05-26
622,638.0,100.66518699545236,EXITOSO,2026-05-26
623,118.0,51.84707499517706,EXITOSO,2026-05-26
624,560.0,85.88393573223229,EXITOSO,2026-05-26
625,601.0,72.41385099378309,FALLIDO,2026-05-26
626,488.0,35.690394393357764,EXITOSO,2026-05-26
627,237.0,17.658972541715407,FALLIDO,2026-05-26
628,885.0,23.264460451173655,EXITOSO,2026-05-26
629,897.0,71.7157027661886,EXITOSO,2026-05-26
630,272.0,57.75419472059182,FALLIDO,2026-05-26
631,189.0,111.00372087526792,EXITOSO,2026-05-26
632,999.0,91.63480448815577,EXITOSO,2026-05-26
633,704.0,91.55139932509205,EXITOSO,2026-05-26
634,447.0,70.5232320684889,EXITOSO,2026-05-26
635,581.0,21.51204202713342,EXITOSO,2026-05-26
636,790.0,73.01357183899967,EXITOSO,2026-05-26
637,861.0,62.55412660112891,FALLIDO,2026-05-26
638,247.0,14.464744457770081,EXITOSO,2026-05-26
639,963.0,108.39797034234847,FALLIDO,2026-05-26
640,76.0,104.09157499716608,EXITOSO,2026-05-26
641,154.0,14.234034223317586,EXITOSO,2026-05-26
642,656.0,34.48820379533886,FALLIDO,2026-05-26
643,435.0,38.00199122238094,EXITOSO,2026-05-26
644,997.0,84.39406175198461,FALLIDO,2026-05-26
645,86.0,79.78900721815985,EXITOSO,2026-05-26
646,697.0,61.77628851145426,EXITOSO,2026-05-26
647,285.0,70.95429121596501,FALLIDO,2026-05-26
648,974.0,8.494712142178656,FALLIDO,2026-05-26
649,220.0,75.25445125433811,EXITOSO,2026-05-26
650,69.0,55.96458497815718,EXITOSO,2026-05-26
651,47.0,32.83827269765642,EXITOSO,2026-05-26
652,94.0,-1.3002509572127607,FALLIDO,2026-05-26
653,750.0,61.07844624745408,EXITOSO,2026-05-26
654,958.0,74.27839584871239,EXITOSO,2026-05-26
655,453.0,-8.099272068263502,EXITOSO,2026-05-26
656,204.0,60.739442826257196,EXITOSO,2026-05-26
657,912.0,64.88959007393981,INVALIDO,2026-05-26
658,218.0,37.83081827409357,EXITOSO,2026-05-26
659,474.0,75.19352809580697,EXITOSO,2026-05-26
660,432.0,54.693503348907214,EXITOSO,2026-05-26
661,341.0,71.32684021345455,EXITOSO,2026-05-26
662,551.0,81.36987731500224,EXITOSO,2026-05-26
663,612.0,81.39227624602094,INVALIDO,2026-05-26
664,289.0,100.67281973786008,EXITOSO,2026-05-26
665,254.0,73.5330075513832,EXITOSO,2026-05-26
666,734.0,40.91837036892717,EXITOSO,2026-05-26
667,357.0,34.08839820987212,EXITOSO,2026-05-26
668,23.0,17.4676498852551,EXITOSO,2026-05-26
669,762.0,66.04718572451624,EXITOSO,2026-05-26
670,522.0,112.85246858610094,EXITOSO,2026-05-26
671,758.0,45.66189576051399,EXITOSO,2026-05-26
672,837.0,77.9843299083984,INVALIDO,2026-05-26
673,100.0,29.90879981939358,EXITOSO,2026-05-26
674,802.0,67.79219660642538,EXITOSO,2026-05-26
675,180.0,110.3738851229776,EXITOSO,2026-05-26
676,223.0,87.4499189332777,EXITOSO,2026-05-26
677,906.0,-2.8324813255662775,EXITOSO,2026-05-26
678,762.0,82.82779264142178,EXITOSO,2026-05-26
679,659.0,84.64903115174208,EXITOSO,2026-05-26
680,442.0,66.93947892908355,FALLIDO,2026-05-26
681,608.0,86.70088450809365,EXITOSO,2026-05-26
682,769.0,26.65991841129847,EXITOSO,2026-05-26
683,325.0,62.53052619216344,EXITOSO,2026-05-26
684,516.0,104.40695763752407,EXITOSO,2026-05-26
685,16.0,100.7979793386547,FALLIDO,2026-05-26
686,792.0,81.92179896023885,EXITOSO,2026-05-26
687,336.0,24.680191059964677,EXITOSO,2026-05-26
688,759.0,18.38144917522886,INVALIDO,2026-05-26
689,258.0,64.58174697773417,EXITOSO,2026-05-26
690,497.0,67.23096954903362,EXITOSO,2026-05-26
691,988.0,55.98512910890973,EXITOSO,2026-05-26
692,896.0,27.808600872133894,EXITOSO,2026-05-26
693,160.0,77.47844301561575,EXITOSO,2026-05-26
694,475.0,64.40661394778165,EXITOSO,2026-05-26
695,852.0,71.59297266201894,EXITOSO,2026-05-26
696,664.0,83.7373503849644,EXITOSO,2026-05-26
697,908.0,49.05400849287949,INVALIDO,2026-05-26
698,690.0,40.449664904822534,EXITOSO,2026-05-26
699,675.0,104.30261293234493,EXITOSO,2026-05-26
700,380.0,29.705660538793275,EXITOSO,2026-05-26
701,545.0,41.23303202151969,EXITOSO,2026-05-26
702,929.0,109.36991261709892,EXITOSO,2026-05-26
703,957.0,38.1190299596136,EXITOSO,2026-05-26
704,691.0,56.05529425437761,EXITOSO,2026-05-26
705,427.0,43.521205235478874,EXITOSO,2026-05-26
706,613.0,-11.3288592513519,EXITOSO,2026-05-26
707,268.0,55.06769391980813,EXITOSO,2026-05-26
708,835.0,19.57512945685808,EXITOSO,2026-05-26
709,577.0,70.18321730574243,EXITOSO,2026-05-26
710,417.0,104.22554040164448,EXITOSO,2026-05-26
711,168.0,-28.5669493269462,EXITOSO,2026-05-26
712,842.0,43.72332063998879,INVALIDO,2026-05-26
713,43.0,78.09292931859925,EXITOSO,2026-05-26
714,556.0,-27.3339567371911,EXITOSO,2026-05-26
715,285.0,113.45061441688927,FALLIDO,2026-05-26
716,397.0,75.19568147213934,EXITOSO,2026-05-26
717,12.0,103.32851287727605,EXITOSO,2026-05-26
718,607.0,37.44208547554283,EXITOSO,2026-05-26
719,302.0,42.267169188952366,INVALIDO,2026-05-26
720,898.0,53.56254580803722,EXITOSO,2026-05-26
721,253.0,145.5283619020616,EXITOSO,2026-05-26
722,499.0,112.72421441988266,FALLIDO,2026-05-26
723,754.0,65.29390798034987,EXITOSO,2026-05-26
724,35.0,70.17607086603135,EXITOSO,2026-05-26
725,727.0,85.39615246339733,EXITOSO,2026-05-26
726,849.0,155.66219283965836,EXITOSO,2026-05-26
727,90.0,75.30879172228202,FALLIDO,2026-05-26
728,776.0,61.8383758447508,EXITOSO,2026-05-26
729,605.0,46.45606413540049,EXITOSO,2026-05-26
730,922.0,69.39660990077765,EXITOSO,2026-05-26
731,970.0,36.51912726595164,EXITOSO,2026-05-26
732,602.0,79.84369352307492,EXITOSO,2026-05-26
733,418.0,2.696134808338357,EXITOSO,2026-05-26
734,115.0,49.57997642374669,EXITOSO,2026-05-26
735,617.0,89.38531418909346,EXITOSO,2026-05-26
736,903.0,74.76494617349415,FALLIDO,2026-05-26
737,196.0,41.49501519793394,EXITOSO,2026-05-26
738,826.0,50.719019583334465,EXITOSO,2026-05-26
739,501.0,101.41338746768845,FALLIDO,2026-05-26
740,626.0,11.583932159063153,EXITOSO,2026-05-26
741,493.0,11.816254083546795,FALLIDO,2026-05-26
742,75.0,22.814641912900115,EXITOSO,2026-05-26
743,413.0,59.57288542933426,EXITOSO,2026-05-26
744,376.0,5.730477309752317,EXITOSO,2026-05-26
745,420.0,98.12006371063926,EXITOSO,2026-05-26
746,729.0,23.02830164576538,EXITOSO,2026-05-26
747,277.0,68.97422230972518,EXITOSO,2026-05-26
748,761.0,36.83707596322388,EXITOSO,2026-05-26
749,676.0,57.38011676641096,EXITOSO,2026-05-26
750,394.0,-4.133836386349742,FALLIDO,2026-05-26
751,869.0,100.05264980839826,EXITOSO,2026-05-26
752,457.0,21.54008006514396,FALLIDO,2026-05-26
753,920.0,17.351331158251895,EXITOSO,2026-05-26
754,192.0,155.16036053608372,EXITOSO,2026-05-26
755,739.0,82.17229243830431,EXITOSO,2026-05-26
756,689.0,98.49665633132301,EXITOSO,2026-05-26
757,99.0,78.35565585447596,EXITOSO,2026-05-26
758,548.0,41.90077760054393,EXITOSO,2026-05-26
759,978.0,7.726005701799579,EXITOSO,2026-05-26
760,999.0,48.04718450297365,EXITOSO,2026-05-26
761,96.0,20.873626218977506,EXITOSO,2026-05-26
762,664.0,23.27539310261924,EXITOSO,2026-05-26
763,663.0,-3.327493158787867,EXITOSO,2026-05-26
764,190.0,64.57903839181985,EXITOSO,2026-05-26
765,736.0,122.93648590103385,EXITOSO,2026-05-26
766,37.0,82.32546892105796,EXITOSO,2026-05-26
767,780.0,55.768384485931506,EXITOSO,2026-05-26
768,369.0,58.37712508759393,EXITOSO,2026-05-26
769,695.0,-61.91109249574387,EXITOSO,2026-05-26
770,525.0,43.04658312402494,EXITOSO,2026-05-26
771,279.0,2.9329641911864357,EXITOSO,2026-05-26
772,217.0,65.37650111609106,INVALIDO,2026-05-26
773,867.0,49.60096045327063,EXITOSO,2026-05-26
774,873.0,25.22781835169839,EXITOSO,2026-05-26
775,798.0,64.47586817954397,EXITOSO,2026-05-26
776,273.0,64.13116612027773,EXITOSO,2026-05-26
777,881.0,120.74496157825709,EXITOSO,2026-05-26
778,62.0,87.4567000178692,EXITOSO,2026-05-26
779,596.0,68.67891160147491,EXITOSO,2026-05-26
780,880.0,22.09942105394431,EXITOSO,2026-05-26
781,729.0,17.062435235700462,EXITOSO,2026-05-26
782,342.0,83.9539202974643,EXITOSO,2026-05-26
783,397.0,51.9972251023828,EXITOSO,2026-05-26
784,699.0,69.9746236450643,EXITOSO,2026-05-26
785,19.0,99.12002096686238,EXITOSO,2026-05-26
786,177.0,-0.5255510056723978,EXITOSO,2026-05-26
787,612.0,115.88141540115976,EXITOSO,2026-05-26
788,396.0,98.77527147795985,EXITOSO,2026-05-26
789,445.0,-22.177608879505783,EXITOSO,2026-05-26
790,233.0,154.1236979564391,EXITOSO,2026-05-26
791,915.0,72.85505276325826,EXITOSO,2026-05-26
792,76.0,40.85846798308185,EXITOSO,2026-05-26
793,265.0,80.76248894419703,EXITOSO,2026-05-26
794,455.0,20.901014522450566,EXITOSO,2026-05-26
795,796.0,81.84513412774204,EXITOSO,2026-05-26
796,718.0,28.260141666587547,EXITOSO,2026-05-26
797,735.0,140.81438141882404,EXITOSO,2026-05-26
798,384.0,62.40400775625604,EXITOSO,2026-05-26
799,564.0,85.99292208291295,FALLIDO,2026-05-26
800,851.0,28.557396013914442,EXITOSO,2026-05-26
801,506.0,92.65984095573432,EXITOSO,2026-05-26
802,367.0,59.49679745991552,EXITOSO,2026-05-26
803,144.0,3.525931667122208,EXITOSO,2026-05-26
804,885.0,50.44949120447008,EXITOSO,2026-05-26
805,69.0,137.2444427545015,EXITOSO,2026-05-26
806,99.0,94.35908104173231,EXITOSO,2026-05-26
807,396.0,44.84099724374026,EXITOSO,2026-05-26
808,25.0,-14.766630440037403,EXITOSO,2026-05-26
809,948.0,26.700352870774736,EXITOSO,2026-05-26
810,891.0,3.741039838621546,EXITOSO,2026-05-26
811,469.0,-13.800320257339934,EXITOSO,2026-05-26
812,484.0,91.4236452066121,EXITOSO,2026-05-26
813,565.0,62.49549585520663,EXITOSO,2026-05-26
814,151.0,131.80433793375764,EXITOSO,2026-05-26
815,144.0,20.09432404809484,EXITOSO,2026-05-26
816,569.0,59.90876260963479,EXITOSO,2026-05-26
817,39.0,4.233025930123432,EXITOSO,2026-05-26
818,109.0,36.2050655533503,EXITOSO,2026-05-26
819,693.0,51.115601522696565,EXITOSO,2026-05-26
820,42.0,45.01384128753409,EXITOSO,2026-05-26
821,186.0,62.14162522462004,EXITOSO,2026-05-26
822,935.0,98.86438253005548,EXITOSO,2026-05-26
823,398.0,94.65670341818216,EXITOSO,2026-05-26
824,223.0,29.226616636348027,EXITOSO,2026-05-26
825,634.0,58.785835125454035,EXITOSO,2026-05-26
826,133.0,91.76385499837775,FALLIDO,2026-05-26
827,163.0,101.42946029718024,EXITOSO,2026-05-26
828,215.0,33.553732613833894,EXITOSO,2026-05-26
829,733.0,88.32657819200959,EXITOSO,2026-05-26
830,235.0,73.24586036750804,EXITOSO,2026-05-26
831,843.0,17.360435458442836,EXITOSO,2026-05-26
832,658.0,92.0063185034294,EXITOSO,2026-05-26
833,751.0,66.06172833729876,EXITOSO,2026-05-26
834,588.0,-9.655624253061049,EXITOSO,2026-05-26
835,9.0,48.24585757154523,EXITOSO,2026-05-26
836,74.0,61.5943016633989,EXITOSO,2026-05-26
837,954.0,35.76702084729625,EXITOSO,2026-05-26
838,492.0,109.129137019941,EXITOSO,2026-05-26
839,913.0,110.57873962712421,EXITOSO,2026-05-26
840,253.0,44.7003936434862,EXITOSO,2026-05-26
841,230.0,40.31097914585031,EXITOSO,2026-05-26
842,519.0,54.75061306522716,EXITOSO,2026-05-26
843,174.0,51.99677736773277,EXITOSO,2026-05-26
844,653.0,36.29992424792309,EXITOSO,2026-05-26
845,168.0,-88.35186437293166,EXITOSO,2026-05-26
846,170.0,130.19247502398457,EXITOSO,2026-05-26
847,393.0,60.01671855112569,EXITOSO,2026-05-26
848,946.0,52.86759552283694,EXITOSO,2026-05-26
849,795.0,73.00676520207803,EXITOSO,2026-05-26
850,634.0,56.797690058636405,EXITOSO,2026-05-26
851,194.0,42.78736621418202,FALLIDO,2026-05-26
852,517.0,19.77416054432203,FALLIDO,2026-05-26
853,29.0,-13.54451105982784,EXITOSO,2026-05-26
854,165.0,5.824842801824261,EXITOSO,2026-05-26
855,422.0,15.333037331594113,EXITOSO,2026-05-26
856,339.0,86.03688632163875,EXITOSO,2026-05-26
857,648.0,88.98492587057578,EXITOSO,2026-05-26
858,496.0,24.728035821329158,EXITOSO,2026-05-26
859,365.0,-46.54616561749579,EXITOSO,2026-05-26
860,833.0,60.36482878007505,FALLIDO,2026-05-26
861,342.0,43.13831137362726,EXITOSO,2026-05-26
862,500.0,42.14950053199475,EXITOSO,2026-05-26
863,657.0,98.23749903057458,FALLIDO,2026-05-26
864,511.0,65.54610501891409,EXITOSO,2026-05-26
865,327.0,20.94481405919683,FALLIDO,2026-05-26
866,217.0,11.74347864163802,EXITOSO,2026-05-26
867,301.0,49.49554572060175,INVALIDO,2026-05-26
868,132.0,23.74348951241432,EXITOSO,2026-05-26
869,804.0,57.10409503889531,EXITOSO,2026-05-26
870,70.0,101.04568177607864,EXITOSO,2026-05-26
871,252.0,4.808703536021994,FALLIDO,2026-05-26
872,415.0,63.511177392358746,EXITOSO,2026-05-26
873,787.0,96.60199930677558,EXITOSO,2026-05-26
874,445.0,56.55250656727564,EXITOSO,2026-05-26
875,876.0,88.86323580470614,FALLIDO,2026-05-26
876,182.0,48.50910031538151,EXITOSO,2026-05-26
877,167.0,66.83312317694548,EXITOSO,2026-05-26
878,91.0,77.63139729368706,EXITOSO,2026-05-26
879,714.0,37.11990246947461,EXITOSO,2026-05-26
880,858.0,139.62704068759996,EXITOSO,2026-05-26
881,531.0,83.10320721327687,EXITOSO,2026-05-26
882,39.0,112.11941994867684,EXITOSO,2026-05-26
883,126.0,102.84095785443071,EXITOSO,2026-05-26
884,451.0,73.09157077133645,FALLIDO,2026-05-26
885,173.0,115.4315768943923,EXITOSO,2026-05-26
886,653.0,67.5165884476767,EXITOSO,2026-05-26
887,754.0,30.808988673025482,EXITOSO,2026-05-26
888,220.0,60.59276926251853,EXITOSO,2026-05-26
889,638.0,19.753323503394746,FALLIDO,2026-05-26
890,58.0,-24.06817312439209,EXITOSO,2026-05-26
891,660.0,25.898310277638984,EXITOSO,2026-05-26
892,476.0,62.915261318834986,EXITOSO,2026-05-26
893,456.0,102.47699141952324,EXITOSO,2026-05-26
894,829.0,25.779231816945824,EXITOSO,2026-05-26
895,895.0,100.40649814108619,FALLIDO,2026-05-26
896,361.0,11.572680567724916,INVALIDO,2026-05-26
897,935.0,23.219101354421994,EXITOSO,2026-05-26
898,1.0,117.96626413585807,EXITOSO,2026-05-26
899,387.0,61.904840798499826,EXITOSO,2026-05-26
900,973.0,53.05512218861426,EXITOSO,2026-05-26
901,348.0,69.41119959631308,EXITOSO,2026-05-26
902,190.0,11.743869971278173,EXITOSO,2026-05-26
903,505.0,46.7660748570471,EXITOSO,2026-05-26
904,191.0,60.106446325062066,EXITOSO,2026-05-26
905,508.0,109.2552374471773,EXITOSO,2026-05-26
906,369.0,-6.816685572056045,EXITOSO,2026-05-26
907,409.0,130.51961261503084,EXITOSO,2026-05-26
908,824.0,55.014090466998276,EXITOSO,2026-05-26
909,929.0,15.577750041319632,EXITOSO,2026-05-26
910,934.0,8.33461135462435,EXITOSO,2026-05-26
911,117.0,70.92597268016824,EXITOSO,2026-05-26
912,134.0,6.111620797258972,FALLIDO,2026-05-26
913,58.0,37.59505819627605,EXITOSO,2026-05-26
914,556.0,50.00387756488807,EXITOSO,2026-05-26
915,685.0,105.74702957619303,EXITOSO,2026-05-26
916,672.0,100.73813837055894,EXITOSO,2026-05-26
917,173.0,34.280304395241636,FALLIDO,2026-05-26
918,829.0,51.49267319116312,EXITOSO,2026-05-26
919,815.0,-3.8153960070298254,EXITOSO,2026-05-26
920,149.0,-21.563820529748796,EXITOSO,2026-05-26
921,80.0,10.83790209629521,EXITOSO,2026-05-26
922,886.0,104.92389445303242,EXITOSO,2026-05-26
923,213.0,91.2032288888584,FALLIDO,2026-05-26
924,203.0,75.33745050386456,EXITOSO,2026-05-26
925,764.0,1.6950205351769227,EXITOSO,2026-05-26
926,229.0,31.53361690435418,EXITOSO,2026-05-26
927,676.0,25.687158872855136,FALLIDO,2026-05-26
928,227.0,53.3600651751775,EXITOSO,2026-05-26
929,659.0,50.83785773471537,EXITOSO,2026-05-26
930,532.0,19.921725732166855,EXITOSO,2026-05-26
931,441.0,73.96867231594173,EXITOSO,2026-05-26
932,402.0,69.15785520816955,EXITOSO,2026-05-26
933,47.0,30.84707603628214,FALLIDO,2026-05-26
934,233.0,72.17113566530125,EXITOSO,2026-05-26
935,305.0,104.97141473322083,EXITOSO,2026-05-26
936,526.0,117.12243108492984,FALLIDO,2026-05-26
937,143.0,79.62648626439436,EXITOSO,2026-05-26
938,415.0,78.45071773637423,EXITOSO,2026-05-26
939,513.0,50.39444343902755,EXITOSO,2026-05-26
940,373.0,101.18851582140636,FALLIDO,2026-05-26
941,566.0,17.185941946408512,EXITOSO,2026-05-26
942,886.0,96.55400573632659,EXITOSO,2026-05-26
943,259.0,48.495810632767885,EXITOSO,2026-05-26
944,656.0,119.63747308806919,EXITOSO,2026-05-26
945,471.0,83.52825628160298,EXITOSO,2026-05-26
946,953.0,57.28535075707599,FALLIDO,2026-05-26
947,971.0,50.540494043829064,EXITOSO,2026-05-26
948,12.0,81.02451417793748,EXITOSO,2026-05-26
949,330.0,79.08497390744222,EXITOSO,2026-05-26
950,736.0,44.06627981997889,EXITOSO,2026-05-26
951,784.0,63.67343033073386,EXITOSO,2026-05-26
952,968.0,95.85560349394407,EXITOSO,2026-05-26
953,358.0,5.465749684790005,EXITOSO,2026-05-26
954,972.0,89.03512882214852,FALLIDO,2026-05-26
955,408.0,80.84858313437415,FALLIDO,2026-05-26
956,668.0,107.46589902245962,EXITOSO,2026-05-26
957,373.0,31.373851947870488,EXITOSO,2026-05-26
958,8.0,60.22864344371564,EXITOSO,2026-05-26
959,122.0,68.20273504019582,FALLIDO,2026-05-26
960,348.0,89.55186068800941,EXITOSO,2026-05-26
961,676.0,77.16467716644001,EXITOSO,2026-05-26
962,90.0,10.417796047509015,EXITOSO,2026-05-26
963,648.0,71.64176131446584,EXITOSO,2026-05-26
964,698.0,140.16915097081633,EXITOSO,2026-05-26
965,316.0,84.4703030384526,EXITOSO,2026-05-26
966,178.0,125.521877781464,EXITOSO,2026-05-26
967,540.0,101.72245509179248,EXITOSO,2026-05-26
968,732.0,114.49607741753637,EXITOSO,2026-05-26
969,869.0,72.3987464393882,EXITOSO,2026-05-26
970,41.0,80.87380438448469,EXITOSO,2026-05-26
971,740.0,70.22071026565499,EXITOSO,2026-05-26
972,704.0,60.173634601980915,FALLIDO,2026-05-26
973,923.0,89.68779920276418,EXITOSO,2026-05-26
974,502.0,39.15992243971196,EXITOSO,2026-05-26
975,959.0,135.41529264058533,EXITOSO,2026-05-26
976,145.0,22.879481292469052,EXITOSO,2026-05-26
977,201.0,92.45552479668635,EXITOSO,2026-05-26
978,929.0,115.14685669214356,EXITOSO,2026-05-26
979,724.0,52.93512984158387,EXITOSO,2026-05-26
980,461.0,15.480907554473447,EXITOSO,2026-05-26
981,732.0,106.22118357129419,EXITOSO,2026-05-26
982,752.0,68.1358124020102,EXITOSO,2026-05-26
983,925.0,92.53264290406973,EXITOSO,2026-05-26
984,909.0,55.621816046507305,EXITOSO,2026-05-26
985,558.0,129.27698729289588,EXITOSO,2026-05-26
986,547.0,-24.68032208825393,FALLIDO,2026-05-26
987,253.0,75.04710205134938,EXITOSO,2026-05-26
988,390.0,113.66997935006391,EXITOSO,2026-05-26
989,594.0,64.21356179317584,EXITOSO,2026-05-26
990,883.0,72.09434772067647,EXITOSO,2026-05-26
991,256.0,42.63952749731966,EXITOSO,2026-05-26
992,709.0,60.8275403146647,EXITOSO,2026-05-26
993,815.0,-6.874264525452205,EXITOSO,2026-05-26
994,921.0,31.26274669521234,FALLIDO,2026-05-26
995,450.0,28.52979491591087,FALLIDO,2026-05-26
996,10.0,86.76495964117193,EXITOSO,2026-05-26
997,824.0,37.14520962849062,EXITOSO,2026-05-26
998,798.0,38.30097800240719,EXITOSO,2026-05-26
999,242.0,44.88306558859441,EXITOSO,2026-05-26
1000,251.0,30.0542118993873,FALLIDO,2026-05-26
1001,877.0,70.7608907704679,EXITOSO,2026-05-26
1002,5.0,75.10525877731638,FALLIDO,2026-05-26
1003,119.0,93.00074318887037,EXITOSO,2026-05-26
1004,801.0,86.1100032915177,EXITOSO,2026-05-26
1005,374.0,82.11030979938803,EXITOSO,2026-05-26
1006,65.0,46.841266640102255,EXITOSO,2026-05-26
1007,146.0,44.27584998648484,EXITOSO,2026-05-26
1008,224.0,25.15155990606175,EXITOSO,2026-05-26
1009,239.0,24.430252444235947,EXITOSO,2026-05-26
1010,177.0,67.77045638717043,EXITOSO,2026-05-26
1011,779.0,31.223358368796763,EXITOSO,2026-05-26
1012,853.0,118.73296533423837,EXITOSO,2026-05-26
1013,282.0,58.49996707702027,EXITOSO,2026-05-26
1014,63.0,120.05560428638162,EXITOSO,2026-05-26
1015,217.0,82.87068218284669,EXITOSO,2026-05-26
1016,854.0,28.91054262113154,EXITOSO,2026-05-26
1017,827.0,57.51815245672729,EXITOSO,2026-05-26
1018,795.0,-6.938093644708644,EXITOSO,2026-05-26
1019,689.0,67.6170142026114,EXITOSO,2026-05-26
1020,461.0,32.569263686187305,EXITOSO,2026-05-26
1021,929.0,15.461679671389554,EXITOSO,2026-05-26
1022,610.0,120.88587034192189,EXITOSO,2026-05-26
1023,105.0,101.2235096393715,EXITOSO,2026-05-26
1024,99.0,100.1215591504985,EXITOSO,2026-05-26
1025,511.0,91.28445106603778,EXITOSO,2026-05-26
1026,385.0,10.604438234968683,EXITOSO,2026-05-26
1027,405.0,43.980820287726495,EXITOSO,2026-05-26
1028,823.0,46.41985434120452,EXITOSO,2026-05-26
1029,518.0,-8.38948296395725,FALLIDO,2026-05-26
1030,476.0,37.719956206240425,EXITOSO,2026-05-26
1031,977.0,38.156080975318254,EXITOSO,2026-05-26
1032,709.0,65.03995789979848,EXITOSO,2026-05-26
1033,863.0,161.29550400953374,EXITOSO,2026-05-26
1034,645.0,59.16414893581045,EXITOSO,2026-05-26
1035,870.0,65.06057818278668,EXITOSO,2026-05-26
1036,771.0,49.99158908943432,EXITOSO,2026-05-26
1037,437.0,89.50851520214978,EXITOSO,2026-05-26
1038,23.0,17.043311654168917,EXITOSO,2026-05-26
1039,997.0,135.84149980615757,EXITOSO,2026-05-26
1040,565.0,55.03363170132723,FALLIDO,2026-05-26
1041,677.0,44.19240667875742,EXITOSO,2026-05-26
1042,714.0,98.801482946552,EXITOSO,2026-05-26
1043,458.0,24.363096318205855,EXITOSO,2026-05-26
1044,83.0,88.77003932221334,FALLIDO,2026-05-26
1045,145.0,116.20680222381444,EXITOSO,2026-05-26
1046,85.0,50.34628910387963,EXITOSO,2026-05-26
1047,78.0,142.11366452319484,EXITOSO,2026-05-26
1048,457.0,85.77166105045016,EXITOSO,2026-05-26
1049,878.0,86.26777038657717,EXITOSO,2026-05-26
1050,1.0,114.63461340743959,EXITOSO,2026-05-26
1051,51.0,125.22939818545494,EXITOSO,2026-05-26
1052,685.0,70.4735594562552,EXITOSO,2026-05-26
1053,717.0,91.87621765507751,EXITOSO,2026-05-26
1054,772.0,115.85365972643712,EXITOSO,2026-05-26
1055,446.0,13.527556945542514,EXITOSO,2026-05-26
1056,449.0,-9.180095985305911,EXITOSO,2026-05-26
1057,881.0,57.6978431837638,EXITOSO,2026-05-26
1058,488.0,-10.139654296775191,EXITOSO,2026-05-26
1059,800.0,47.44019614768191,EXITOSO,2026-05-26
1060,34.0,72.5749413679655,EXITOSO,2026-05-26
1061,348.0,48.97444935779494,EXITOSO,2026-05-26
1062,95.0,54.33627807585236,EXITOSO,2026-05-26
1063,72.0,19.933339455162994,FALLIDO,2026-05-26
1064,551.0,91.52574175883777,EXITOSO,2026-05-26
1065,154.0,17.46146531510641,EXITOSO,2026-05-26
1066,250.0,-24.11606924220135,EXITOSO,2026-05-26
1067,674.0,51.7064490986712,EXITOSO,2026-05-26
1068,438.0,96.60079699679824,EXITOSO,2026-05-26
1069,118.0,63.19323167531906,EXITOSO,2026-05-26
1070,771.0,13.408119396790603,EXITOSO,2026-05-26
1071,891.0,64.07803869625344,EXITOSO,2026-05-26
1072,306.0,77.53214819073399,EXITOSO,2026-05-26
1073,268.0,63.61266766075705,FALLIDO,2026-05-26
1074,961.0,49.416630124456546,EXITOSO,2026-05-26
1075,54.0,79.44154726570994,EXITOSO,2026-05-26
1076,236.0,-9.537076112805806,EXITOSO,2026-05-26
1077,389.0,24.241784369496784,EXITOSO,2026-05-26
1078,990.0,7.791676087787593,EXITOSO,2026-05-26
1079,734.0,113.93545487952626,EXITOSO,2026-05-26
1080,763.0,88.4812688395355,EXITOSO,2026-05-26
1081,825.0,67.4050013725607,EXITOSO,2026-05-26
1082,401.0,1.9751338658876705,EXITOSO,2026-05-26
1083,624.0,89.76591155792477,EXITOSO,2026-05-26
1084,767.0,115.46160539967265,EXITOSO,2026-05-26
1085,303.0,82.85978945854248,EXITOSO,2026-05-26
1086,919.0,58.59290333985771,EXITOSO,2026-05-26
1087,207.0,85.26872127402461,FALLIDO,2026-05-26
1088,229.0,70.91664457010756,EXITOSO,2026-05-26
1089,853.0,97.04304934558954,EXITOSO,2026-05-26
1090,910.0,96.14742567171812,EXITOSO,2026-05-26
1091,578.0,51.157378535586936,EXITOSO,2026-05-26
1092,75.0,33.574344684635605,EXITOSO,2026-05-26
1093,435.0,44.007082372552894,EXITOSO,2026-05-26
1094,103.0,81.43401340019736,EXITOSO,2026-05-26
1095,422.0,46.42241392808767,EXITOSO,2026-05-26
1096,704.0,29.978815273847054,EXITOSO,2026-05-26
1097,764.0,59.961865149871734,EXITOSO,2026-05-26
1098,738.0,104.29827722675806,EXITOSO,2026-05-26
1099,806.0,65.40432268536254,EXITOSO,2026-05-26
1100,306.0,48.9512801599829,EXITOSO,2026-05-26
1101,98.0,72.8172717178706,EXITOSO,2026-05-26
1102,850.0,63.361568361994706,FALLIDO,2026-05-26
1103,798.0,-17.34548164038712,EXITOSO,2026-05-26
1104,335.0,87.87036572076636,EXITOSO,2026-05-26
1105,859.0,76.29833759788437,EXITOSO,2026-05-26
1106,435.0,60.64687195782984,EXITOSO,2026-05-26
1107,447.0,102.49426802891682,EXITOSO,2026-05-26
1108,994.0,108.51997457000792,EXITOSO,2026-05-26
1109,308.0,91.95074645894205,EXITOSO,2026-05-26
1110,249.0,25.98796735857863,EXITOSO,2026-05-26
1111,166.0,27.371555574921608,EXITOSO,2026-05-26
1112,481.0,104.69342160007935,EXITOSO,2026-05-26
1113,984.0,-15.08895707780799,EXITOSO,2026-05-26
1114,335.0,54.04609939351545,EXITOSO,2026-05-26
1115,542.0,77.5930322812433,EXITOSO,2026-05-26
1116,759.0,-10.016309417900175,EXITOSO,2026-05-26
1117,106.0,69.37372955401197,FALLIDO,2026-05-26
1118,563.0,98.17716306343809,EXITOSO,2026-05-26
1119,81.0,0.5769571958609703,EXITOSO,2026-05-26
1120,133.0,126.32680826776634,FALLIDO,2026-05-26
1121,797.0,19.606796956043596,FALLIDO,2026-05-26
1122,900.0,82.9894498590812,EXITOSO,2026-05-26
1123,138.0,56.65614286565469,EXITOSO,2026-05-26
1124,184.0,62.78062494801805,EXITOSO,2026-05-26
1125,401.0,8.660194573033735,EXITOSO,2026-05-26
1126,330.0,110.41891849412237,FALLIDO,2026-05-26
1127,785.0,73.03533853400934,EXITOSO,2026-05-26
1128,508.0,124.83360707612624,EXITOSO,2026-05-26
1129,852.0,9.703311176838923,EXITOSO,2026-05-26
1130,984.0,52.75061464485224,EXITOSO,2026-05-26
1131,69.0,68.38116958808828,EXITOSO,2026-05-26
1132,546.0,62.41532589179699,EXITOSO,2026-05-26
1133,774.0,86.6714137868968,EXITOSO,2026-05-26
1134,53.0,52.24325832304497,EXITOSO,2026-05-26
1135,450.0,144.88104185202744,EXITOSO,2026-05-26
1136,205.0,61.59369288752718,EXITOSO,2026-05-26
1137,126.0,-55.366177430493366,EXITOSO,2026-05-26
1138,747.0,63.36804033357488,EXITOSO,2026-05-26
1139,43.0,110.45855939464732,EXITOSO,2026-05-26
1140,752.0,23.067755925978645,FALLIDO,2026-05-26
1141,971.0,20.529792433150547,EXITOSO,2026-05-26
1142,883.0,26.384411746416397,FALLIDO,2026-05-26
1143,111.0,16.940927600914833,EXITOSO,2026-05-26
1144,761.0,40.82393145176024,EXITOSO,2026-05-26
1145,663.0,96.37188905396881,EXITOSO,2026-05-26
1146,183.0,121.05330913650775,EXITOSO,2026-05-26
1147,848.0,-36.970012957488024,EXITOSO,2026-05-26
1148,95.0,44.861813856901705,EXITOSO,2026-05-26
1149,971.0,72.1079197750693,FALLIDO,2026-05-26
1150,374.0,68.10713453540762,EXITOSO,2026-05-26
1151,912.0,135.99758666491556,INVALIDO,2026-05-26
1152,520.0,-20.427756383282684,EXITOSO,2026-05-26
1153,900.0,-43.56255738753998,EXITOSO,2026-05-26
1154,360.0,142.48850096153024,EXITOSO,2026-05-26
1155,900.0,90.13734772989346,EXITOSO,2026-05-26
1156,696.0,37.14513652188359,EXITOSO,2026-05-26
1157,281.0,66.8639509227182,EXITOSO,2026-05-26
1158,195.0,69.72870490244266,FALLIDO,2026-05-26
1159,864.0,36.179168386560825,EXITOSO,2026-05-26
1160,195.0,65.67113482765735,EXITOSO,2026-05-26
1161,667.0,74.19253498640478,EXITOSO,2026-05-26
1162,93.0,140.621210454513,EXITOSO,2026-05-26
1163,672.0,98.53804889142165,EXITOSO,2026-05-26
1164,946.0,129.572925609683,EXITOSO,2026-05-26
1165,61.0,6.257140653084228,EXITOSO,2026-05-26
1166,634.0,46.11210961528569,EXITOSO,2026-05-26
1167,51.0,69.68987935726501,EXITOSO,2026-05-26
1168,403.0,-16.84403012531851,EXITOSO,2026-05-26
1169,789.0,107.27437352437121,FALLIDO,2026-05-26
1170,5.0,85.68839089245049,EXITOSO,2026-05-26
1171,466.0,45.31365920184544,EXITOSO,2026-05-26
1172,604.0,52.6666262599686,EXITOSO,2026-05-26
1173,682.0,110.15467555294991,EXITOSO,2026-05-26
1174,829.0,28.18248209452138,FALLIDO,2026-05-26
1175,534.0,111.76741398649149,EXITOSO,2026-05-26
1176,405.0,49.918450536548484,EXITOSO,2026-05-26
1177,838.0,90.23984211107667,FALLIDO,2026-05-26
1178,513.0,63.47056822315949,EXITOSO,2026-05-26
1179,645.0,149.32775386604743,EXITOSO,2026-05-26
1180,233.0,24.504304395698966,EXITOSO,2026-05-26
1181,524.0,37.068695096922646,EXITOSO,2026-05-26
1182,346.0,-0.2450191075532473,EXITOSO,2026-05-26
1183,46.0,16.129713318827157,EXITOSO,2026-05-26
1184,546.0,88.52512430778066,EXITOSO,2026-05-26
1185,945.0,124.00654555460244,FALLIDO,2026-05-26
1186,78.0,93.05923481441107,EXITOSO,2026-05-26
1187,730.0,59.78434001092535,FALLIDO,2026-05-26
1188,813.0,24.25541993375785,EXITOSO,2026-05-26
1189,923.0,95.93674686508601,EXITOSO,2026-05-26
1190,73.0,22.055923792566496,EXITOSO,2026-05-26
1191,794.0,6.041930627769631,FALLIDO,2026-05-26
1192,249.0,47.66122667160381,EXITOSO,2026-05-26
1193,47.0,-21.357624675539853,EXITOSO,2026-05-26
1194,121.0,4.744605017910047,EXITOSO,2026-05-26
1195,214.0,135.43961343531282,EXITOSO,2026-05-26
1196,239.0,-2.672336978336091,INVALIDO,2026-05-26
1197,56.0,12.474064758167543,EXITOSO,2026-05-26
1198,350.0,62.873316308266574,EXITOSO,2026-05-26
1199,107.0,64.9561552012006,EXITOSO,2026-05-26
1200,831.0,50.615028104845834,EXITOSO,2026-05-26
1201,48.0,-20.1349499556446,EXITOSO,2026-05-26
1202,573.0,93.93957310551158,EXITOSO,2026-05-26
1203,337.0,42.27786400968014,FALLIDO,2026-05-26
1204,26.0,108.81798088699605,EXITOSO,2026-05-26
1205,804.0,34.207295138846106,EXITOSO,2026-05-26
1206,257.0,99.29977356562307,INVALIDO,2026-05-26
1207,8.0,111.8433379631774,EXITOSO,2026-05-26
1208,625.0,41.322308969847185,EXITOSO,2026-05-26
1209,867.0,95.21800776422589,EXITOSO,2026-05-26
1210,253.0,6.858212875344108,EXITOSO,2026-05-26
1211,692.0,70.54757948277975,EXITOSO,2026-05-26
1212,719.0,108.88910833419358,FALLIDO,2026-05-26
1213,303.0,80.73971383856495,EXITOSO,2026-05-26
1214,639.0,156.24895691412956,EXITOSO,2026-05-26
1215,56.0,82.97431969164623,EXITOSO,2026-05-26
1216,726.0,45.38914989569996,EXITOSO,2026-05-26
1217,526.0,173.6354557200599,EXITOSO,2026-05-26
1218,474.0,125.34804069390202,EXITOSO,2026-05-26
1219,28.0,-4.116302471935867,EXITOSO,2026-05-26
1220,983.0,28.633455802867417,EXITOSO,2026-05-26
1221,78.0,18.47367571834706,FALLIDO,2026-05-26
1222,216.0,85.82518418036223,EXITOSO,2026-05-26
1223,386.0,82.84632147267155,FALLIDO,2026-05-26
1224,365.0,82.53807729581996,EXITOSO,2026-05-26
1225,666.0,-5.196378379958034,EXITOSO,2026-05-26
1226,526.0,34.47633813579803,EXITOSO,2026-05-26
1227,699.0,54.02858981105423,INVALIDO,2026-05-26
1228,312.0,-12.876821972828878,FALLIDO,2026-05-26
1229,883.0,25.126889337684368,INVALIDO,2026-05-26
1230,7.0,114.25734840662929,FALLIDO,2026-05-26
1231,3.0,-2.1630399187835394,EXITOSO,2026-05-26
1232,623.0,118.21041974873923,EXITOSO,2026-05-26
1233,919.0,103.6459637014201,EXITOSO,2026-05-26
1234,750.0,48.37051120782076,EXITOSO,2026-05-26
1235,363.0,34.04508002529261,INVALIDO,2026-05-26
1236,751.0,93.27310488581202,EXITOSO,2026-05-26
1237,508.0,28.490393564174767,EXITOSO,2026-05-26
1238,274.0,30.480082002155044,EXITOSO,2026-05-26
1239,506.0,59.04526383981086,EXITOSO,2026-05-26
1240,806.0,-25.20934383147673,EXITOSO,2026-05-26
1241,739.0,2.000976063931752,EXITOSO,2026-05-26
1242,883.0,47.37355003994068,EXITOSO,2026-05-26
1243,15.0,79.02784128850396,EXITOSO,2026-05-26
1244,192.0,27.937042476852852,EXITOSO,2026-05-26
1245,985.0,52.0955808791327,EXITOSO,2026-05-26
1246,631.0,-4.538376325505283,FALLIDO,2026-05-26
1247,485.0,97.29935409081281,EXITOSO,2026-05-26
1248,28.0,68.80329318243926,EXITOSO,2026-05-26
1249,714.0,72.34183610556867,EXITOSO,2026-05-26
1250,39.0,79.5300247193958,EXITOSO,2026-05-26
1251,953.0,63.12510013979143,EXITOSO,2026-05-26
1252,273.0,40.64908965704004,EXITOSO,2026-05-26
1253,231.0,105.18618194881233,EXITOSO,2026-05-26
1254,86.0,66.27524591043093,EXITOSO,2026-05-26
1255,474.0,53.37122285306302,FALLIDO,2026-05-26
1256,126.0,59.65381384317984,EXITOSO,2026-05-26
1257,812.0,58.80139734045039,EXITOSO,2026-05-26
1258,537.0,52.96937584298752,FALLIDO,2026-05-26
1259,145.0,77.8442545003163,EXITOSO,2026-05-26
1260,525.0,22.565591115105256,EXITOSO,2026-05-26
1261,212.0,25.488358570387675,EXITOSO,2026-05-26
1262,25.0,82.37054757714543,EXITOSO,2026-05-26
1263,580.0,54.19042637088815,INVALIDO,2026-05-26
1264,394.0,98.85572408572384,EXITOSO,2026-05-26
1265,67.0,76.35516002527454,EXITOSO,2026-05-26
1266,233.0,37.89488359695071,FALLIDO,2026-05-26
1267,109.0,83.00385452514698,EXITOSO,2026-05-26
1268,146.0,107.88763831835743,EXITOSO,2026-05-26
1269,111.0,77.87918224485016,EXITOSO,2026-05-26
1270,228.0,86.62339772267185,EXITOSO,2026-05-26
1271,111.0,53.12916597586388,EXITOSO,2026-05-26
1272,470.0,99.7215953152201,EXITOSO,2026-05-26
1273,34.0,36.77238340281425,FALLIDO,2026-05-26
1274,623.0,73.54172102962066,EXITOSO,2026-05-26
1275,776.0,162.78024609743733,EXITOSO,2026-05-26
1276,936.0,81.55524224102639,EXITOSO,2026-05-26
1277,369.0,43.17155077632526,EXITOSO,2026-05-26
1278,748.0,43.06831033234401,EXITOSO,2026-05-26
1279,595.0,57.14633210838622,FALLIDO,2026-05-26
1280,554.0,94.04983126917642,EXITOSO,2026-05-26
1281,425.0,65.83110036669528,EXITOSO,2026-05-26
1282,613.0,34.05888747046413,EXITOSO,2026-05-26
1283,518.0,33.9881202884524,EXITOSO,2026-05-26
1284,692.0,66.08197324091921,FALLIDO,2026-05-26
1285,282.0,61.69579946955163,EXITOSO,2026-05-26
1286,320.0,78.19904676476084,EXITOSO,2026-05-26
1287,738.0,96.69959583139578,INVALIDO,2026-05-26
1288,443.0,169.09438809637996,EXITOSO,2026-05-26
1289,952.0,1.5186593292959856,EXITOSO,2026-05-26
1290,315.0,87.47448509145764,EXITOSO,2026-05-26
1291,877.0,63.93230833553161,INVALIDO,2026-05-26
1292,966.0,-13.783049244423538,EXITOSO,2026-05-26
1293,741.0,109.9812289460691,EXITOSO,2026-05-26
1294,377.0,76.8469290632779,EXITOSO,2026-05-26
1295,289.0,91.99225171280625,EXITOSO,2026-05-26
1296,437.0,-7.976757803907304,EXITOSO,2026-05-26
1297,662.0,51.18332290007166,EXITOSO,2026-05-26
1298,277.0,16.832122204228163,EXITOSO,2026-05-26
1299,710.0,146.52403770722447,EXITOSO,2026-05-26
1300,582.0,105.78201382977525,EXITOSO,2026-05-26
1301,503.0,32.761288668581514,EXITOSO,2026-05-26
1302,624.0,-1.4655560379840864,EXITOSO,2026-05-26
1303,516.0,67.7622026553502,EXITOSO,2026-05-26
1304,350.0,103.69688009177439,EXITOSO,2026-05-26
1305,843.0,-9.402144217437169,EXITOSO,2026-05-26
1306,446.0,22.72901316027322,EXITOSO,2026-05-26
1307,830.0,15.776611639441647,FALLIDO,2026-05-26
1308,350.0,94.67784663642348,EXITOSO,2026-05-26
1309,607.0,45.2068364582195,EXITOSO,2026-05-26
1310,664.0,46.882539104899784,EXITOSO,2026-05-26
1311,823.0,66.98618722555871,EXITOSO,2026-05-26
1312,137.0,24.868767506839433,EXITOSO,2026-05-26
1313,759.0,2.2525305308974097,FALLIDO,2026-05-26
1314,899.0,114.7874064944114,EXITOSO,2026-05-26
1315,243.0,118.49942833918377,FALLIDO,2026-05-26
1316,543.0,67.18329837852714,EXITOSO,2026-05-26
1317,40.0,70.0862202267048,EXITOSO,2026-05-26
1318,229.0,110.44055906320031,EXITOSO,2026-05-26
1319,548.0,66.26614226414961,EXITOSO,2026-05-26
1320,920.0,43.23688376225417,EXITOSO,2026-05-26
1321,223.0,61.57356507109852,EXITOSO,2026-05-26
1322,6.0,115.7267454866989,FALLIDO,2026-05-26
1323,322.0,62.132866737152234,EXITOSO,2026-05-26
1324,468.0,33.224698613857896,EXITOSO,2026-05-26
1325,732.0,65.8800819714039,EXITOSO,2026-05-26
1326,75.0,86.24892550143056,INVALIDO,2026-05-26
1327,4.0,81.45013979622794,EXITOSO,2026-05-26
1328,847.0,82.11295792286438,FALLIDO,2026-05-26
1329,646.0,26.932892834662795,EXITOSO,2026-05-26
1330,118.0,90.80414266233828,EXITOSO,2026-05-26
1331,881.0,61.13863756849157,EXITOSO,2026-05-26
1332,606.0,31.5283533012218,EXITOSO,2026-05-26
1333,504.0,90.48606854608133,EXITOSO,2026-05-26
1334,998.0,41.854446043329446,EXITOSO,2026-05-26
1335,947.0,-2.971893942222124,EXITOSO,2026-05-26
1336,574.0,19.975904755587123,EXITOSO,2026-05-26
1337,441.0,52.73452267811668,EXITOSO,2026-05-26
1338,194.0,83.13209128445116,EXITOSO,2026-05-26
1339,847.0,25.437201916476354,EXITOSO,2026-05-26
1340,715.0,50.37350158249861,EXITOSO,2026-05-26
1341,392.0,11.335710733477676,EXITOSO,2026-05-26
1342,26.0,99.28131664959244,EXITOSO,2026-05-26
1343,435.0,128.69324455822206,EXITOSO,2026-05-26
1344,173.0,124.37130097953283,EXITOSO,2026-05-26
1345,300.0,98.59918201944552,EXITOSO,2026-05-26
1346,645.0,94.50039828481047,EXITOSO,2026-05-26
1347,326.0,-22.875180976128107,EXITOSO,2026-05-26
1348,410.0,67.08692928880421,EXITOSO,2026-05-26
1349,118.0,40.15629505360367,EXITOSO,2026-05-26
1350,836.0,95.21865444179605,FALLIDO,2026-05-26
1351,787.0,-41.50391502725314,EXITOSO,2026-05-26
1352,724.0,67.71870811080713,EXITOSO,2026-05-26
1353,225.0,51.4222486467039,EXITOSO,2026-05-26
1354,532.0,104.73719731725618,EXITOSO,2026-05-26
1355,113.0,121.91948214698954,EXITOSO,2026-05-26
1356,140.0,22.846159319489267,EXITOSO,2026-05-26
1357,559.0,24.651582564127395,EXITOSO,2026-05-26
1358,1.0,69.21986484846855,EXITOSO,2026-05-26
1359,90.0,129.35050766086167,EXITOSO,2026-05-26
1360,654.0,62.40578709132064,EXITOSO,2026-05-26
1361,320.0,8.83354338582678,EXITOSO,2026-05-26
1362,550.0,35.765262153468285,FALLIDO,2026-05-26
1363,805.0,68.10656657853846,EXITOSO,2026-05-26
1364,894.0,69.60809714255825,EXITOSO,2026-05-26
1365,139.0,31.836494576305068,EXITOSO,2026-05-26
1366,511.0,34.96837224881513,EXITOSO,2026-05-26
1367,868.0,20.737280217744065,EXITOSO,2026-05-26
1368,845.0,105.64684735415182,EXITOSO,2026-05-26
1369,259.0,26.608992828264412,EXITOSO,2026-05-26
1370,673.0,41.408231843268645,EXITOSO,2026-05-26
1371,902.0,40.269883339041904,EXITOSO,2026-05-26
1372,690.0,-4.238289900615655,EXITOSO,2026-05-26
1373,10.0,25.463387807287376,EXITOSO,2026-05-26
1374,261.0,109.12550397146153,EXITOSO,2026-05-26
1375,919.0,11.628486328370883,EXITOSO,2026-05-26
1376,650.0,21.454307926945297,EXITOSO,2026-05-26
1377,172.0,6.698169048829634,EXITOSO,2026-05-26
1378,898.0,56.375537590749566,EXITOSO,2026-05-26
1379,13.0,135.41906885065163,FALLIDO,2026-05-26
1380,168.0,54.69223113891714,EXITOSO,2026-05-26
1381,642.0,62.67048501417559,EXITOSO,2026-05-26
1382,596.0,28.182110565320457,EXITOSO,2026-05-26
1383,321.0,57.5352782083091,EXITOSO,2026-05-26
1384,319.0,109.16201225390463,FALLIDO,2026-05-26
1385,613.0,65.71637550552694,EXITOSO,2026-05-26
1386,329.0,145.27080328248655,EXITOSO,2026-05-26
1387,785.0,110.37918849222764,EXITOSO,2026-05-26
1388,777.0,56.54734618220268,EXITOSO,2026-05-26
1389,971.0,55.76848497631539,EXITOSO,2026-05-26
1390,911.0,125.23692550494525,EXITOSO,2026-05-26
1391,920.0,65.49302303420916,EXITOSO,2026-05-26
1392,550.0,116.35686241086891,EXITOSO,2026-05-26
1393,419.0,140.1162936050667,EXITOSO,2026-05-26
1394,606.0,51.83122528703563,EXITOSO,2026-05-26
1395,95.0,74.07821463740062,EXITOSO,2026-05-26
1396,817.0,99.20016738265517,EXITOSO,2026-05-26
1397,581.0,90.70000156090079,EXITOSO,2026-05-26
1398,318.0,90.41962931682005,EXITOSO,2026-05-26
1399,956.0,6.661046912890605,FALLIDO,2026-05-26
1400,236.0,26.06333087352803,EXITOSO,2026-05-26
1401,946.0,40.1893191623525,EXITOSO,2026-05-26
1402,334.0,108.57683213874704,EXITOSO,2026-05-26
1403,885.0,10.58500371492456,EXITOSO,2026-05-26
1404,376.0,120.92906828715357,EXITOSO,2026-05-26
1405,459.0,91.19336456314733,EXITOSO,2026-05-26
1406,137.0,106.16920898891095,EXITOSO,2026-05-26
1407,930.0,22.818676910200047,EXITOSO,2026-05-26
1408,588.0,62.89209450760521,EXITOSO,2026-05-26
1409,995.0,71.95771144525266,FALLIDO,2026-05-26
1410,547.0,70.19868008090774,EXITOSO,2026-05-26
1411,513.0,71.8262960338687,EXITOSO,2026-05-26
1412,296.0,48.93894078419554,EXITOSO,2026-05-26
1413,320.0,65.40828324254637,FALLIDO,2026-05-26
1414,918.0,101.34255820260748,FALLIDO,2026-05-26
1415,572.0,13.339507662364397,EXITOSO,2026-05-26
1416,832.0,121.88200475621613,INVALIDO,2026-05-26
1417,349.0,99.2759582547379,FALLIDO,2026-05-26
1418,840.0,21.391924292666673,EXITOSO,2026-05-26
1419,779.0,75.35344173821287,EXITOSO,2026-05-26
1420,873.0,96.05995104632179,EXITOSO,2026-05-26
1421,229.0,10.588267044572646,EXITOSO,2026-05-26
1422,270.0,61.679137335064034,EXITOSO,2026-05-26
1423,828.0,56.859387966599755,EXITOSO,2026-05-26
1424,798.0,34.17677829972422,EXITOSO,2026-05-26
1425,291.0,63.694273470560525,EXITOSO,2026-05-26
1426,725.0,35.98853696148839,FALLIDO,2026-05-26
1427,165.0,114.97228275882948,EXITOSO,2026-05-26
1428,5.0,34.934227146903595,EXITOSO,2026-05-26
1429,851.0,91.67915760052634,EXITOSO,2026-05-26
1430,379.0,-6.2154555048065845,EXITOSO,2026-05-26
1431,78.0,53.52760784600155,EXITOSO,2026-05-26
1432,410.0,60.49244629405435,EXITOSO,2026-05-26
1433,574.0,52.22835797537878,EXITOSO,2026-05-26
1434,132.0,44.14726811218436,EXITOSO,2026-05-26
1435,601.0,33.2993989861951,EXITOSO,2026-05-26
1436,749.0,90.18163120059612,EXITOSO,2026-05-26
1437,42.0,99.9783142038152,FALLIDO,2026-05-26
1438,89.0,56.71356456573399,EXITOSO,2026-05-26
1439,402.0,16.134499679134407,EXITOSO,2026-05-26
1440,296.0,131.7579732554731,EXITOSO,2026-05-26
1441,840.0,24.808102683684773,EXITOSO,2026-05-26
1442,295.0,1.6231096606741033,EXITOSO,2026-05-26
1443,616.0,-20.5048766607908,EXITOSO,2026-05-26
1444,526.0,63.978075876506416,EXITOSO,2026-05-26
1445,800.0,51.30334457939054,EXITOSO,2026-05-26
1446,691.0,101.23826596585357,EXITOSO,2026-05-26
1447,637.0,84.44338253782189,EXITOSO,2026-05-26
1448,422.0,71.60804898340152,EXITOSO,2026-05-26
1449,865.0,49.14531218149001,EXITOSO,2026-05-26
1450,23.0,104.39909088790667,EXITOSO,2026-05-26
1451,575.0,134.69559607010132,EXITOSO,2026-05-26
1452,143.0,100.35916796519615,INVALIDO,2026-05-26
1453,993.0,41.4587347660316,EXITOSO,2026-05-26
1454,665.0,91.262622155287,EXITOSO,2026-05-26
1455,145.0,43.9164109813114,EXITOSO,2026-05-26
1456,225.0,15.797307365601021,EXITOSO,2026-05-26
1457,503.0,24.03843751512219,EXITOSO,2026-05-26
1458,962.0,45.67286383449017,EXITOSO,2026-05-26
1459,974.0,64.15838715854176,EXITOSO,2026-05-26
1460,821.0,142.42324610301836,EXITOSO,2026-05-26
1461,616.0,24.732420975525294,EXITOSO,2026-05-26
1462,104.0,112.93953958765313,FALLIDO,2026-05-26
1463,947.0,47.30961793229724,EXITOSO,2026-05-26
1464,39.0,-20.655399497813747,EXITOSO,2026-05-26
1465,947.0,39.770959882786485,EXITOSO,2026-05-26
1466,198.0,107.06787972670763,EXITOSO,2026-05-26
1467,646.0,73.78678077316943,EXITOSO,2026-05-26
1468,579.0,76.17804794655828,EXITOSO,2026-05-26
1469,391.0,113.1401603537752,FALLIDO,2026-05-26
1470,179.0,18.546548442570895,EXITOSO,2026-05-26
1471,968.0,17.929982796309993,EXITOSO,2026-05-26
1472,554.0,-30.549144371856954,INVALIDO,2026-05-26
1473,448.0,95.0832828497114,EXITOSO,2026-05-26
1474,500.0,82.49936934518412,EXITOSO,2026-05-26
1475,15.0,88.95866078364456,EXITOSO,2026-05-26
1476,623.0,12.679551037728778,EXITOSO,2026-05-26
1477,669.0,-4.169958236794116,EXITOSO,2026-05-26
1478,289.0,7.215267662666697,EXITOSO,2026-05-26
1479,478.0,23.097109105651825,FALLIDO,2026-05-26
1480,231.0,122.15835635651416,EXITOSO,2026-05-26
1481,923.0,100.00506895130007,EXITOSO,2026-05-26
1482,420.0,41.67117437518719,EXITOSO,2026-05-26
1483,157.0,71.97007973039939,EXITOSO,2026-05-26
1484,550.0,32.86551015409045,EXITOSO,2026-05-26
1485,441.0,74.57119043126627,EXITOSO,2026-05-26
1486,97.0,14.476170490320072,EXITOSO,2026-05-26
1487,997.0,90.01005783895725,EXITOSO,2026-05-26
1488,411.0,26.011868096624283,FALLIDO,2026-05-26
1489,951.0,92.23660114172628,FALLIDO,2026-05-26
1490,289.0,42.903083672226316,EXITOSO,2026-05-26
1491,254.0,28.396961856069044,EXITOSO,2026-05-26
1492,196.0,124.51986868998625,EXITOSO,2026-05-26
1493,598.0,67.07784739575062,EXITOSO,2026-05-26
1494,834.0,47.112745158057706,INVALIDO,2026-05-26
1495,522.0,90.32713233405056,EXITOSO,2026-05-26
1496,517.0,6.400357217004597,EXITOSO,2026-05-26
1497,635.0,104.27454357041435,EXITOSO,2026-05-26
1498,842.0,54.422211743662025,EXITOSO,2026-05-26
1499,865.0,84.03150862673749,EXITOSO,2026-05-26
1500,118.0,-1.91493844092345,EXITOSO,2026-05-26
1501,806.0,44.702961674680175,FALLIDO,2026-05-26
1502,909.0,60.183205573819365,EXITOSO,2026-05-26
1503,159.0,101.21196854474114,EXITOSO,2026-05-26
1504,815.0,87.2164425574993,EXITOSO,2026-05-26
1505,228.0,44.30091849530333,EXITOSO,2026-05-26
1506,877.0,72.71791029293526,EXITOSO,2026-05-26
1507,216.0,110.26276406907927,EXITOSO,2026-05-26
1508,948.0,52.00046066309759,FALLIDO,2026-05-26
1509,696.0,47.6454015825877,EXITOSO,2026-05-26
1510,15.0,-15.588185710116505,EXITOSO,2026-05-26
1511,157.0,48.8371065862876,EXITOSO,2026-05-26
1512,648.0,-9.585081547380867,EXITOSO,2026-05-26
1513,261.0,55.426612838671716,EXITOSO,2026-05-26
1514,157.0,99.52540572970989,EXITOSO,2026-05-26
1515,47.0,-24.78557900187262,EXITOSO,2026-05-26
1516,324.0,109.3683529848316,EXITOSO,2026-05-26
1517,844.0,46.79107493375206,EXITOSO,2026-05-26
1518,685.0,58.913405314935765,EXITOSO,2026-05-26
1519,130.0,39.90320879445833,EXITOSO,2026-05-26
1520,411.0,-8.529475301946377,EXITOSO,2026-05-26
1521,95.0,28.680433028150386,EXITOSO,2026-05-26
1522,627.0,143.89640273797937,EXITOSO,2026-05-26
1523,755.0,16.158180149861934,EXITOSO,2026-05-26
1524,932.0,-3.541694469022012,EXITOSO,2026-05-26
1525,292.0,65.65164109628411,FALLIDO,2026-05-26
1526,794.0,56.56893939310734,EXITOSO,2026-05-26
1527,811.0,47.06680836817409,EXITOSO,2026-05-26
1528,283.0,60.57791773409025,EXITOSO,2026-05-26
1529,69.0,85.76810442784627,EXITOSO,2026-05-26
1530,660.0,36.51345600858744,EXITOSO,2026-05-26
1531,11.0,67.77640833130467,EXITOSO,2026-05-26
1532,254.0,100.95498648520015,FALLIDO,2026-05-26
1533,842.0,20.188453329808198,EXITOSO,2026-05-26
1534,872.0,-32.88725375754517,EXITOSO,2026-05-26
1535,550.0,86.83233968383664,EXITOSO,2026-05-26
1536,134.0,160.11850302411892,EXITOSO,2026-05-26
1537,712.0,59.70581385404738,EXITOSO,2026-05-26
1538,23.0,68.07728804263824,FALLIDO,2026-05-26
1539,815.0,48.167662676240376,FALLIDO,2026-05-26
1540,346.0,123.52243366041037,EXITOSO,2026-05-26
1541,302.0,56.88972268220533,EXITOSO,2026-05-26
1542,363.0,52.53743359940259,EXITOSO,2026-05-26
1543,396.0,96.43455257076812,EXITOSO,2026-05-26
1544,218.0,40.62908151212713,FALLIDO,2026-05-26
1545,141.0,8.612251956965828,EXITOSO,2026-05-26
1546,616.0,95.29201518182776,EXITOSO,2026-05-26
1547,958.0,36.33811169311417,EXITOSO,2026-05-26
1548,210.0,20.981598892959482,EXITOSO,2026-05-26
1549,985.0,144.00192634292748,EXITOSO,2026-05-26
1550,993.0,52.856127871091516,EXITOSO,2026-05-26
1551,623.0,79.76904329189333,EXITOSO,2026-05-26
1552,616.0,61.18112964031106,EXITOSO,2026-05-26
1553,828.0,24.54722038518686,EXITOSO,2026-05-26
1554,683.0,87.5773448008769,EXITOSO,2026-05-26
1555,460.0,72.58315935146898,EXITOSO,2026-05-26
1556,356.0,33.6248067344027,EXITOSO,2026-05-26
1557,324.0,77.32761351425354,EXITOSO,2026-05-26
1558,133.0,39.42759623479992,EXITOSO,2026-05-26
1559,888.0,15.8201855956588,EXITOSO,2026-05-26
1560,805.0,11.77330982591507,EXITOSO,2026-05-26
1561,840.0,70.80234483851915,EXITOSO,2026-05-26
1562,127.0,44.690762802862224,EXITOSO,2026-05-26
1563,106.0,120.06816076175846,EXITOSO,2026-05-26
1564,604.0,58.28167546648173,EXITOSO,2026-05-26
1565,799.0,28.59186826185672,EXITOSO,2026-05-26
1566,378.0,66.31270554575647,EXITOSO,2026-05-26
1567,905.0,8.229307137015745,FALLIDO,2026-05-26
1568,51.0,56.6347503790119,EXITOSO,2026-05-26
1569,29.0,72.76667105913103,EXITOSO,2026-05-26
1570,462.0,67.82689230541222,EXITOSO,2026-05-26
1571,296.0,112.11199722079033,FALLIDO,2026-05-26
1572,297.0,163.90068503377802,FALLIDO,2026-05-26
1573,726.0,86.85589485365139,FALLIDO,2026-05-26
1574,779.0,107.15185311142079,EXITOSO,2026-05-26
1575,407.0,161.7385063862896,EXITOSO,2026-05-26
1576,769.0,19.75096608734097,EXITOSO,2026-05-26
1577,814.0,65.22509635100033,EXITOSO,2026-05-26
1578,613.0,40.88013871653366,EXITOSO,2026-05-26
1579,405.0,93.70630841044289,EXITOSO,2026-05-26
1580,346.0,70.86475677906483,EXITOSO,2026-05-26
1581,622.0,27.262707203842645,EXITOSO,2026-05-26
1582,420.0,60.437912653881774,EXITOSO,2026-05-26
1583,182.0,101.8769095862354,EXITOSO,2026-05-26
1584,983.0,7.851014758997351,EXITOSO,2026-05-26
1585,825.0,28.106217774440836,EXITOSO,2026-05-26
1586,1.0,22.10899659832765,EXITOSO,2026-05-26
1587,831.0,73.05586221947641,EXITOSO,2026-05-26
1588,950.0,109.6206431845984,FALLIDO,2026-05-26
1589,567.0,-20.38937861224045,EXITOSO,2026-05-26
1590,371.0,63.77594253914334,FALLIDO,2026-05-26
1591,936.0,23.031171308992626,EXITOSO,2026-05-26
1592,911.0,100.21611099319938,EXITOSO,2026-05-26
1593,661.0,50.521268977149845,EXITOSO,2026-05-26
1594,431.0,65.22695756309591,EXITOSO,2026-05-26
1595,969.0,59.9465201919176,EXITOSO,2026-05-26
1596,309.0,104.9687521275938,EXITOSO,2026-05-26
1597,137.0,141.9452612319113,FALLIDO,2026-05-26
1598,202.0,14.613386804742355,FALLIDO,2026-05-26
1599,436.0,21.89775528021392,FALLIDO,2026-05-26
1600,313.0,72.85991610218828,FALLIDO,2026-05-26
1601,117.0,27.34390606792325,EXITOSO,2026-05-26
1602,666.0,97.34335081601097,EXITOSO,2026-05-26
1603,937.0,103.7646983633735,EXITOSO,2026-05-26
1604,803.0,38.13694751014168,EXITOSO,2026-05-26
1605,575.0,29.458509334341,EXITOSO,2026-05-26
1606,244.0,49.008839133891236,FALLIDO,2026-05-26
1607,537.0,64.16072855852073,EXITOSO,2026-05-26
1608,602.0,72.59348759580766,EXITOSO,2026-05-26
1609,75.0,-30.11268236196679,EXITOSO,2026-05-26
1610,806.0,21.301779245995263,EXITOSO,2026-05-26
1611,386.0,43.83602604517664,EXITOSO,2026-05-26
1612,903.0,28.12042673012452,INVALIDO,2026-05-26
1613,210.0,-54.588395694118134,FALLIDO,2026-05-26
1614,475.0,-15.534898614187739,EXITOSO,2026-05-26
1615,418.0,7.785658976625321,EXITOSO,2026-05-26
1616,347.0,55.38863196587125,EXITOSO,2026-05-26
1617,529.0,42.55191226074761,EXITOSO,2026-05-26
1618,640.0,34.73723669885702,FALLIDO,2026-05-26
1619,939.0,91.86059843171361,EXITOSO,2026-05-26
1620,955.0,91.84534659695046,EXITOSO,2026-05-26
1621,876.0,65.99674613927495,EXITOSO,2026-05-26
1622,763.0,64.80481130874634,FALLIDO,2026-05-26
1623,179.0,25.73357796266354,EXITOSO,2026-05-26
1624,182.0,30.52030677373888,EXITOSO,2026-05-26
1625,664.0,-8.305975325008717,EXITOSO,2026-05-26
1626,25.0,49.96994272886676,EXITOSO,2026-05-26
1627,967.0,91.42965158844787,EXITOSO,2026-05-26
1628,180.0,114.1731958709824,EXITOSO,2026-05-26
1629,710.0,50.20880568378146,FALLIDO,2026-05-26
1630,501.0,79.66675328038762,EXITOSO,2026-05-26
1631,856.0,-54.23956971444787,EXITOSO,2026-05-26
1632,161.0,42.68286718406304,EXITOSO,2026-05-26
1633,177.0,41.74550479466946,EXITOSO,2026-05-26
1634,285.0,119.64673256901533,EXITOSO,2026-05-26
1635,63.0,75.71733843685672,EXITOSO,2026-05-26
1636,662.0,79.7702169152243,EXITOSO,2026-05-26
1637,666.0,77.69313243995971,EXITOSO,2026-05-26
1638,156.0,61.81770929328885,INVALIDO,2026-05-26
1639,882.0,121.29461323396518,FALLIDO,2026-05-26
1640,469.0,-32.21118191860292,EXITOSO,2026-05-26
1641,49.0,65.84841634861672,EXITOSO,2026-05-26
1642,967.0,105.19211406558254,EXITOSO,2026-05-26
1643,849.0,-15.65573812770593,EXITOSO,2026-05-26
1644,84.0,93.51671415089208,EXITOSO,2026-05-26
1645,361.0,29.553470349387332,EXITOSO,2026-05-26
1646,689.0,64.39263715368165,FALLIDO,2026-05-26
1647,148.0,28.785624762182927,EXITOSO,2026-05-26
1648,630.0,98.36606706196089,FALLIDO,2026-05-26
1649,342.0,48.46552475105735,EXITOSO,2026-05-26
1650,476.0,93.83187425428846,EXITOSO,2026-05-26
1651,63.0,77.41319345057364,EXITOSO,2026-05-26
1652,701.0,28.248300637646455,FALLIDO,2026-05-26
1653,360.0,80.074367615821,EXITOSO,2026-05-26
1654,561.0,33.45723767949071,EXITOSO,2026-05-26
1655,327.0,62.56512375359895,EXITOSO,2026-05-26
1656,769.0,47.73622554040801,EXITOSO,2026-05-26
1657,736.0,95.99647465555094,EXITOSO,2026-05-26
1658,141.0,81.6128908294967,EXITOSO,2026-05-26
1659,990.0,58.771138055810304,FALLIDO,2026-05-26
1660,215.0,32.57152891377356,EXITOSO,2026-05-26
1661,435.0,9.240340406771274,EXITOSO,2026-05-26
1662,891.0,65.42625677162792,EXITOSO,2026-05-26
1663,952.0,34.70836427392965,EXITOSO,2026-05-26
1664,723.0,-15.119846302953007,INVALIDO,2026-05-26
1665,318.0,6.798858360149978,EXITOSO,2026-05-26
1666,32.0,125.03501222166868,EXITOSO,2026-05-26
1667,670.0,33.60094460042219,EXITOSO,2026-05-26
1668,285.0,103.28651110041605,EXITOSO,2026-05-26
1669,305.0,45.73401091206877,EXITOSO,2026-05-26
1670,429.0,109.58310540643254,EXITOSO,2026-05-26
1671,477.0,106.68656069897511,EXITOSO,2026-05-26
1672,286.0,26.972182923973705,EXITOSO,2026-05-26
1673,144.0,-19.519026672304193,EXITOSO,2026-05-26
1674,424.0,-16.132819081212816,FALLIDO,2026-05-26
1675,19.0,27.653539841771725,EXITOSO,2026-05-26
1676,18.0,135.58537702230166,EXITOSO,2026-05-26
1677,769.0,43.577517003098436,EXITOSO,2026-05-26
1678,590.0,65.80975800293818,EXITOSO,2026-05-26
1679,371.0,112.1334746481356,EXITOSO,2026-05-26
1680,175.0,64.41285452446752,EXITOSO,2026-05-26
1681,194.0,63.035641540830994,INVALIDO,2026-05-26
1682,502.0,84.90652775780586,EXITOSO,2026-05-26
1683,988.0,71.55879022039949,EXITOSO,2026-05-26
1684,113.0,56.0213157998606,EXITOSO,2026-05-26
1685,114.0,31.14202627210231,FALLIDO,2026-05-26
1686,222.0,63.13955563461825,FALLIDO,2026-05-26
1687,678.0,103.77599188332562,EXITOSO,2026-05-26
1688,947.0,131.28018347994885,EXITOSO,2026-05-26
1689,831.0,71.6910656627564,EXITOSO,2026-05-26
1690,644.0,90.20644540383891,EXITOSO,2026-05-26
1691,897.0,70.78922828651248,EXITOSO,2026-05-26
1692,264.0,56.506825423855894,EXITOSO,2026-05-26
1693,925.0,80.57028314450739,EXITOSO,2026-05-26
1694,55.0,107.57331337249937,EXITOSO,2026-05-26
1695,871.0,24.54552655923419,EXITOSO,2026-05-26
1696,643.0,1.9441319074836443,EXITOSO,2026-05-26
1697,800.0,38.67967001454136,EXITOSO,2026-05-26
1698,778.0,68.46647773198815,EXITOSO,2026-05-26
1699,458.0,94.79486470484926,EXITOSO,2026-05-26
1700,979.0,20.419687005780474,FALLIDO,2026-05-26
1701,878.0,-39.543060904992444,EXITOSO,2026-05-26
1702,162.0,39.62205373315935,EXITOSO,2026-05-26
1703,380.0,52.243430973670556,EXITOSO,2026-05-26
1704,993.0,13.509060663542478,EXITOSO,2026-05-26
1705,87.0,29.756362847307525,EXITOSO,2026-05-26
1706,55.0,94.69133640347991,EXITOSO,2026-05-26
1707,476.0,63.12480278384396,EXITOSO,2026-05-26
1708,800.0,73.82488474437271,EXITOSO,2026-05-26
1709,178.0,45.7727107355781,EXITOSO,2026-05-26
1710,391.0,29.835583561666965,EXITOSO,2026-05-26
1711,349.0,45.484070823034244,FALLIDO,2026-05-26
1712,8.0,79.95520776718769,EXITOSO,2026-05-26
1713,833.0,0.34719154635133265,EXITOSO,2026-05-26
1714,313.0,126.00681039328045,INVALIDO,2026-05-26
1715,759.0,82.99433982729612,EXITOSO,2026-05-26
1716,835.0,38.564795828371395,EXITOSO,2026-05-26
1717,984.0,92.53628471546003,EXITOSO,2026-05-26
1718,983.0,108.89396268292431,EXITOSO,2026-05-26
1719,443.0,46.78647801590246,EXITOSO,2026-05-26
1720,767.0,51.33660840939755,EXITOSO,2026-05-26
1721,328.0,119.73896853892019,EXITOSO,2026-05-26
1722,54.0,144.75900587672393,EXITOSO,2026-05-26
1723,761.0,61.1774263027243,EXITOSO,2026-05-26
1724,239.0,13.671426116441026,EXITOSO,2026-05-26
1725,229.0,41.175913803017664,EXITOSO,2026-05-26
1726,579.0,101.32062977876804,EXITOSO,2026-05-26
1727,51.0,18.791388159448218,EXITOSO,2026-05-26
1728,609.0,51.668672009639245,EXITOSO,2026-05-26
1729,604.0,71.70339525726519,EXITOSO,2026-05-26
1730,264.0,23.091412543693302,EXITOSO,2026-05-26
1731,418.0,103.85738247504307,EXITOSO,2026-05-26
1732,803.0,87.75870060817499,EXITOSO,2026-05-26
1733,96.0,140.38183638101168,EXITOSO,2026-05-26
1734,88.0,91.25843583431089,FALLIDO,2026-05-26
1735,78.0,21.564414577358463,EXITOSO,2026-05-26
1736,288.0,81.21476243636766,EXITOSO,2026-05-26
1737,120.0,99.52086694063425,EXITOSO,2026-05-26
1738,814.0,101.57915256501386,EXITOSO,2026-05-26
1739,491.0,28.92631408437055,INVALIDO,2026-05-26
1740,912.0,24.14649190578099,FALLIDO,2026-05-26
1741,452.0,14.414515235639541,EXITOSO,2026-05-26
1742,500.0,124.18927976555466,EXITOSO,2026-05-26
1743,165.0,84.91515295368153,FALLIDO,2026-05-26
1744,182.0,27.151255031651573,EXITOSO,2026-05-26
1745,469.0,65.08755755028483,EXITOSO,2026-05-26
1746,910.0,55.052507463959046,EXITOSO,2026-05-26
1747,735.0,21.096741241372683,EXITOSO,2026-05-26
1748,823.0,61.447357758264125,EXITOSO,2026-05-26
1749,944.0,67.62781150881756,EXITOSO,2026-05-26
1750,978.0,137.25012378607596,FALLIDO,2026-05-26
1751,7.0,33.77249896934907,FALLIDO,2026-05-26
1752,330.0,-8.375972967813524,EXITOSO,2026-05-26
1753,775.0,18.041850585760912,EXITOSO,2026-05-26
1754,673.0,24.29410306271111,EXITOSO,2026-05-26
1755,151.0,42.922912958684186,EXITOSO,2026-05-26
1756,85.0,18.139850834914306,EXITOSO,2026-05-26
1757,147.0,92.88488023275758,EXITOSO,2026-05-26
1758,624.0,15.358689479620807,EXITOSO,2026-05-26
1759,381.0,60.80071873196921,EXITOSO,2026-05-26
1760,915.0,140.00768734088697,EXITOSO,2026-05-26
1761,548.0,82.14273087054495,FALLIDO,2026-05-26
1762,285.0,78.03028046849437,EXITOSO,2026-05-26
1763,700.0,134.2926480298064,EXITOSO,2026-05-26
1764,82.0,109.82598256947892,EXITOSO,2026-05-26
1765,514.0,82.60497469410414,FALLIDO,2026-05-26
1766,897.0,47.57092600222124,EXITOSO,2026-05-26
1767,815.0,59.09244500840826,EXITOSO,2026-05-26
1768,709.0,57.14784529335174,EXITOSO,2026-05-26
1769,916.0,43.94297809711566,EXITOSO,2026-05-26
1770,523.0,68.48146047531698,EXITOSO,2026-05-26
1771,746.0,74.02990788190624,EXITOSO,2026-05-26
1772,386.0,10.214861313670973,EXITOSO,2026-05-26
1773,707.0,125.28169999849194,FALLIDO,2026-05-26
1774,471.0,76.39190052293125,EXITOSO,2026-05-26
1775,119.0,49.488681521975295,EXITOSO,2026-05-26
1776,396.0,68.8470391491783,EXITOSO,2026-05-26
1777,532.0,97.21475564634403,EXITOSO,2026-05-26
1778,261.0,1.3325434965642984,EXITOSO,2026-05-26
1779,805.0,55.797570940790166,EXITOSO,2026-05-26
1780,934.0,12.565769005506688,EXITOSO,2026-05-26
1781,256.0,166.28015283902482,EXITOSO,2026-05-26
1782,734.0,65.5274419107446,EXITOSO,2026-05-26
1783,905.0,12.890174096019742,FALLIDO,2026-05-26
1784,226.0,203.9786712278957,EXITOSO,2026-05-26
1785,53.0,38.559256848784436,EXITOSO,2026-05-26
1786,940.0,51.6368032769517,EXITOSO,2026-05-26
1787,867.0,54.5280704005855,EXITOSO,2026-05-26
1788,500.0,26.081877737238578,INVALIDO,2026-05-26
1789,506.0,69.89408069984572,EXITOSO,2026-05-26
1790,854.0,-28.429606654401027,EXITOSO,2026-05-26
1791,364.0,103.43593531509165,EXITOSO,2026-05-26
1792,280.0,14.887805170511179,EXITOSO,2026-05-26
1793,593.0,43.38713910758753,EXITOSO,2026-05-26
1794,714.0,90.0607869474465,FALLIDO,2026-05-26
1795,158.0,51.82155926775538,EXITOSO,2026-05-26
1796,632.0,53.45809011609494,EXITOSO,2026-05-26
1797,59.0,19.516902290809163,EXITOSO,2026-05-26
1798,727.0,143.82592869881802,FALLIDO,2026-05-26
1799,128.0,81.2592952882636,EXITOSO,2026-05-26
1800,736.0,16.688602069233333,EXITOSO,2026-05-26
1801,721.0,67.12729784231405,EXITOSO,2026-05-26
1802,882.0,13.861280213947602,EXITOSO,2026-05-26
1803,115.0,128.89657175957797,EXITOSO,2026-05-26
1804,209.0,67.98551842834183,EXITOSO,2026-05-26
1805,526.0,20.978138883717335,EXITOSO,2026-05-26
1806,521.0,87.90362942495666,EXITOSO,2026-05-26
1807,552.0,48.87697311806746,EXITOSO,2026-05-26
1808,962.0,8.470853779100764,EXITOSO,2026-05-26
1809,237.0,75.24185335600839,FALLIDO,2026-05-26
1810,281.0,74.11367336551575,EXITOSO,2026-05-26
1811,359.0,105.50934530269592,EXITOSO,2026-05-26
1812,201.0,62.58014227671191,EXITOSO,2026-05-26
1813,758.0,64.28241147834204,INVALIDO,2026-05-26
1814,278.0,66.40532146180736,EXITOSO,2026-05-26
1815,235.0,123.81131978028117,EXITOSO,2026-05-26
1816,494.0,47.59705906903717,EXITOSO,2026-05-26
1817,4.0,78.77819875222926,EXITOSO,2026-05-26
1818,666.0,84.66981808062448,EXITOSO,2026-05-26
1819,442.0,73.99106076923039,INVALIDO,2026-05-26
1820,29.0,46.083815757617174,FALLIDO,2026-05-26
1821,109.0,64.82416029230014,EXITOSO,2026-05-26
1822,610.0,56.25368954268596,EXITOSO,2026-05-26
1823,727.0,138.36841440447213,EXITOSO,2026-05-26
1824,805.0,41.689448582747765,FALLIDO,2026-05-26
1825,75.0,23.496858949910873,EXITOSO,2026-05-26
1826,838.0,59.75193234267697,EXITOSO,2026-05-26
1827,146.0,56.93207210285309,FALLIDO,2026-05-26
1828,128.0,67.87374080674519,EXITOSO,2026-05-26
1829,853.0,41.70213591194673,EXITOSO,2026-05-26
1830,42.0,64.41493919731506,EXITOSO,2026-05-26
1831,356.0,65.18428155884845,EXITOSO,2026-05-26
1832,41.0,96.23958757440019,EXITOSO,2026-05-26
1833,934.0,63.720255348366074,EXITOSO,2026-05-26
1834,34.0,64.09900122526355,INVALIDO,2026-05-26
1835,17.0,80.65385518834069,EXITOSO,2026-05-26
1836,677.0,94.7062025272607,EXITOSO,2026-05-26
1837,153.0,20.652968494936843,EXITOSO,2026-05-26
1838,998.0,9.907177605327142,EXITOSO,2026-05-26
1839,378.0,127.81918517535244,EXITOSO,2026-05-26
1840,588.0,88.16301751712632,EXITOSO,2026-05-26
1841,599.0,51.22453454682389,EXITOSO,2026-05-26
1842,629.0,60.78807746532524,EXITOSO,2026-05-26
1843,874.0,44.297532266806925,EXITOSO,2026-05-26
1844,342.0,68.45122897766208,EXITOSO,2026-05-26
1845,981.0,21.12651242381248,EXITOSO,2026-05-26
1846,27.0,93.60667940359704,FALLIDO,2026-05-26
1847,825.0,67.01813594514007,EXITOSO,2026-05-26
1848,287.0,68.46508384133405,EXITOSO,2026-05-26
1849,646.0,24.242304692859122,EXITOSO,2026-05-26
1850,731.0,80.97068387090542,EXITOSO,2026-05-26
1851,168.0,25.161134274158357,EXITOSO,2026-05-26
1852,610.0,32.31396560364857,EXITOSO,2026-05-26
1853,268.0,63.50487693767005,EXITOSO,2026-05-26
1854,749.0,160.29327598462606,EXITOSO,2026-05-26
1855,821.0,66.85864533419237,EXITOSO,2026-05-26
1856,455.0,-42.752035186702756,EXITOSO,2026-05-26
1857,906.0,34.29994466556998,EXITOSO,2026-05-26
1858,685.0,87.34916448882295,EXITOSO,2026-05-26
1859,401.0,14.86156220063505,EXITOSO,2026-05-26
1860,922.0,93.2440976458264,EXITOSO,2026-05-26
1861,981.0,66.35282299060118,EXITOSO,2026-05-26
1862,476.0,99.65308770363103,EXITOSO,2026-05-26
1863,702.0,37.645835629960104,EXITOSO,2026-05-26
1864,634.0,34.528643402691365,EXITOSO,2026-05-26
1865,558.0,82.59940633138045,EXITOSO,2026-05-26
1866,576.0,59.698865001113624,FALLIDO,2026-05-26
1867,130.0,57.27908752854903,EXITOSO,2026-05-26
1868,822.0,122.75879475796252,EXITOSO,2026-05-26
1869,363.0,84.16563708247139,EXITOSO,2026-05-26
1870,705.0,-19.5969186678291,EXITOSO,2026-05-26
1871,819.0,91.9627249006555,INVALIDO,2026-05-26
1872,693.0,87.95875201660488,FALLIDO,2026-05-26
1873,292.0,107.39645148893729,EXITOSO,2026-05-26
1874,371.0,22.41206321705964,INVALIDO,2026-05-26
1875,794.0,72.99223300840491,FALLIDO,2026-05-26
1876,29.0,64.46520084972725,EXITOSO,2026-05-26
1877,149.0,21.694726100809866,INVALIDO,2026-05-26
1878,779.0,97.87066271626323,EXITOSO,2026-05-26
1879,296.0,50.338160027624696,EXITOSO,2026-05-26
1880,11.0,106.10929565009339,EXITOSO,2026-05-26
1881,512.0,30.28564859730096,EXITOSO,2026-05-26
1882,676.0,1.576581168024191,EXITOSO,2026-05-26
1883,113.0,50.29735271875422,EXITOSO,2026-05-26
1884,187.0,69.2765273024979,EXITOSO,2026-05-26
1885,807.0,38.632162911243526,EXITOSO,2026-05-26
1886,744.0,-62.5782747503291,EXITOSO,2026-05-26
1887,227.0,75.3459657967508,EXITOSO,2026-05-26
1888,310.0,75.15922762088103,EXITOSO,2026-05-26
1889,98.0,87.48669114163866,EXITOSO,2026-05-26
1890,55.0,44.78030257796891,EXITOSO,2026-05-26
1891,623.0,42.59793070472371,EXITOSO,2026-05-26
1892,664.0,117.61287091205965,EXITOSO,2026-05-26
1893,758.0,-3.016187432868648,EXITOSO,2026-05-26
1894,406.0,50.115288253294395,EXITOSO,2026-05-26
1895,69.0,65.69207384527222,INVALIDO,2026-05-26
1896,312.0,84.24087320056964,EXITOSO,2026-05-26
1897,289.0,66.79068729617275,EXITOSO,2026-05-26
1898,762.0,23.12029446153764,EXITOSO,2026-05-26
1899,548.0,106.70455792083416,EXITOSO,2026-05-26
1900,751.0,60.0762964910763,EXITOSO,2026-05-26
1901,148.0,-6.720108259654566,EXITOSO,2026-05-26
1902,467.0,68.36706603093577,EXITOSO,2026-05-26
1903,739.0,79.01107484885856,EXITOSO,2026-05-26
1904,244.0,138.4297581359246,EXITOSO,2026-05-26
1905,491.0,76.35005395481168,FALLIDO,2026-05-26
1906,849.0,0.7189771193951202,EXITOSO,2026-05-26
1907,958.0,2.12394836766574,FALLIDO,2026-05-26
1908,507.0,110.34837832793069,EXITOSO,2026-05-26
1909,365.0,27.887879466034427,EXITOSO,2026-05-26
1910,482.0,-1.9832425658063926,EXITOSO,2026-05-26
1911,201.0,100.0204347103373,EXITOSO,2026-05-26
1912,154.0,40.97056751141317,EXITOSO,2026-05-26
1913,450.0,97.88055856638431,EXITOSO,2026-05-26
1914,501.0,23.411219786823537,EXITOSO,2026-05-26
1915,73.0,118.95249334663521,EXITOSO,2026-05-26
1916,713.0,94.88254827733104,EXITOSO,2026-05-26
1917,296.0,31.092585335946122,EXITOSO,2026-05-26
1918,17.0,-6.4156186757856375,EXITOSO,2026-05-26
1919,641.0,152.20655435016567,EXITOSO,2026-05-26
1920,217.0,51.591691920274144,EXITOSO,2026-05-26
1921,61.0,29.490734116971314,EXITOSO,2026-05-26
1922,939.0,115.45233075317995,EXITOSO,2026-05-26
1923,616.0,97.83039413649762,EXITOSO,2026-05-26
1924,42.0,107.3118617325032,EXITOSO,2026-05-26
1925,25.0,56.059668899290756,EXITOSO,2026-05-26
1926,39.0,135.24218761294497,EXITOSO,2026-05-26
1927,803.0,7.5752727779455284,EXITOSO,2026-05-26
1928,131.0,37.91801913769915,EXITOSO,2026-05-26
1929,498.0,75.59515022859534,EXITOSO,2026-05-26
1930,229.0,106.72445376948453,EXITOSO,2026-05-26
1931,108.0,86.44636082099319,INVALIDO,2026-05-26
1932,172.0,56.685370566128356,EXITOSO,2026-05-26
1933,435.0,40.99408531042083,EXITOSO,2026-05-26
1934,478.0,106.94043433437419,EXITOSO,2026-05-26
1935,102.0,90.57584053108121,EXITOSO,2026-05-26
1936,866.0,25.019048292357425,EXITOSO,2026-05-26
1937,524.0,23.82922407747892,EXITOSO,2026-05-26
1938,275.0,38.18047382241939,EXITOSO,2026-05-26
1939,613.0,33.04952537522501,EXITOSO,2026-05-26
1940,44.0,101.19363650185872,EXITOSO,2026-05-26
1941,955.0,77.42929288872071,EXITOSO,2026-05-26
1942,817.0,82.31148961612392,EXITOSO,2026-05-26
1943,957.0,67.66678547187104,EXITOSO,2026-05-26
1944,17.0,69.55082861349418,EXITOSO,2026-05-26
1945,330.0,-3.272696613612453,EXITOSO,2026-05-26
1946,569.0,91.76734630739074,EXITOSO,2026-05-26
1947,823.0,37.46074077634229,EXITOSO,2026-05-26
1948,497.0,58.67378667800028,EXITOSO,2026-05-26
1949,815.0,41.07308311458664,EXITOSO,2026-05-26
1950,12.0,65.83486260606702,EXITOSO,2026-05-26
1951,318.0,82.92375708975982,FALLIDO,2026-05-26
1952,592.0,19.645798699066845,EXITOSO,2026-05-26
1953,216.0,70.10996896976009,EXITOSO,2026-05-26
1954,339.0,42.03989684984573,EXITOSO,2026-05-26
1955,776.0,112.85835103504013,EXITOSO,2026-05-26
1956,991.0,15.414983880814887,FALLIDO,2026-05-26
1957,661.0,19.899349217437845,EXITOSO,2026-05-26
1958,81.0,45.61719127852759,EXITOSO,2026-05-26
1959,727.0,22.97425139944645,EXITOSO,2026-05-26
1960,485.0,51.024759480523514,FALLIDO,2026-05-26
1961,374.0,38.884579755371476,EXITOSO,2026-05-26
1962,976.0,63.53649510807251,EXITOSO,2026-05-26
1963,710.0,100.32288111296617,EXITOSO,2026-05-26
1964,200.0,62.85118422737098,EXITOSO,2026-05-26
1965,537.0,66.4941824326591,EXITOSO,2026-05-26
1966,466.0,17.707095887516004,EXITOSO,2026-05-26
1967,89.0,54.637617847394814,EXITOSO,2026-05-26
1968,268.0,43.129821135624105,EXITOSO,2026-05-26
1969,655.0,87.2656385456194,FALLIDO,2026-05-26
1970,571.0,29.417320671892103,EXITOSO,2026-05-26
1971,922.0,25.573776299550666,EXITOSO,2026-05-26
1972,489.0,72.69716788589395,EXITOSO,2026-05-26
1973,877.0,139.20412217491756,EXITOSO,2026-05-26
1974,538.0,52.96205504101347,EXITOSO,2026-05-26
1975,47.0,66.72833624921995,EXITOSO,2026-05-26
1976,288.0,97.92087393419142,EXITOSO,2026-05-26
1977,778.0,80.3961559446109,EXITOSO,2026-05-26
1978,16.0,80.65917921528788,EXITOSO,2026-05-26
1979,711.0,56.1923019232798,EXITOSO,2026-05-26
1980,401.0,56.97059268886957,EXITOSO,2026-05-26
1981,919.0,29.79405849093885,EXITOSO,2026-05-26
1982,794.0,79.45493017205531,EXITOSO,2026-05-26
1983,981.0,78.54217719994571,EXITOSO,2026-05-26
1984,86.0,88.68658110775212,EXITOSO,2026-05-26
1985,250.0,40.47582117786618,EXITOSO,2026-05-26
1986,391.0,93.20537597514422,EXITOSO,2026-05-26
1987,782.0,105.33339152591748,EXITOSO,2026-05-26
1988,335.0,11.44167526894958,EXITOSO,2026-05-26
1989,629.0,48.12509682570375,EXITOSO,2026-05-26
1990,519.0,107.00094327843354,EXITOSO,2026-05-26
1991,137.0,34.01777200588458,INVALIDO,2026-05-26
1992,883.0,81.15050108733361,EXITOSO,2026-05-26
1993,688.0,60.34304008009725,EXITOSO,2026-05-26
1994,840.0,73.23517285694034,EXITOSO,2026-05-26
1995,498.0,61.56225210768845,EXITOSO,2026-05-26
1996,827.0,89.84683938257086,EXITOSO,2026-05-26
1997,727.0,19.139314565444877,EXITOSO,2026-05-26
1998,477.0,23.467070235108537,FALLIDO,2026-05-26
1999,594.0,118.58054201067426,EXITOSO,2026-05-26
2000,223.0,144.01453119941272,EXITOSO,2026-05-26
2001,990.0,59.7832224549455,EXITOSO,2026-05-26
2002,372.0,128.6106416860684,EXITOSO,2026-05-26
2003,935.0,29.129014119459093,EXITOSO,2026-05-26
2004,995.0,38.73656466056171,FALLIDO,2026-05-26
2005,402.0,118.29950046981486,EXITOSO,2026-05-26
2006,443.0,92.16426114493433,EXITOSO,2026-05-26
2007,490.0,124.25708391729033,EXITOSO,2026-05-26
2008,615.0,78.7422307623602,FALLIDO,2026-05-26
2009,273.0,19.498156939428995,EXITOSO,2026-05-26
2010,526.0,68.94309430010706,EXITOSO,2026-05-26
2011,159.0,108.08010153872041,EXITOSO,2026-05-26
2012,152.0,54.690591894153116,FALLIDO,2026-05-26
2013,995.0,48.54265925977124,EXITOSO,2026-05-26
2014,620.0,79.3541361185649,EXITOSO,2026-05-26
2015,188.0,37.6197493781922,FALLIDO,2026-05-26
2016,813.0,71.82001932454003,EXITOSO,2026-05-26
2017,98.0,62.540058586858265,EXITOSO,2026-05-26
2018,131.0,40.38342157006318,EXITOSO,2026-05-26
2019,805.0,99.22948927469656,EXITOSO,2026-05-26
2020,171.0,85.83951755803096,EXITOSO,2026-05-26
2021,936.0,45.85317662853495,EXITOSO,2026-05-26
2022,986.0,59.40154940239706,EXITOSO,2026-05-26
2023,183.0,49.14897600608653,EXITOSO,2026-05-26
2024,983.0,34.4540944302819,EXITOSO,2026-05-26
2025,364.0,-7.9307868962814325,EXITOSO,2026-05-26
2026,39.0,40.646890225757105,EXITOSO,2026-05-26
2027,527.0,35.03890006737509,EXITOSO,2026-05-26
2028,888.0,64.59562831341435,EXITOSO,2026-05-26
2029,497.0,77.62795206112983,FALLIDO,2026-05-26
2030,516.0,27.912613207884597,EXITOSO,2026-05-26
2031,349.0,74.93989446908022,EXITOSO,2026-05-26
2032,982.0,21.750168685333,EXITOSO,2026-05-26
2033,921.0,54.98829937446179,EXITOSO,2026-05-26
2034,397.0,35.903235973566666,EXITOSO,2026-05-26
2035,722.0,89.84694552316175,EXITOSO,2026-05-26
2036,161.0,64.67092399978392,EXITOSO,2026-05-26
2037,16.0,55.593282966728836,EXITOSO,2026-05-26
2038,493.0,34.9900095954046,EXITOSO,2026-05-26
2039,426.0,46.846347664938435,EXITOSO,2026-05-26
2040,108.0,133.16243249304205,EXITOSO,2026-05-26
2041,894.0,39.956635171098156,EXITOSO,2026-05-26
2042,450.0,79.17627670385933,EXITOSO,2026-05-26
2043,311.0,55.494147324492445,EXITOSO,2026-05-26
2044,739.0,78.0330125829615,FALLIDO,2026-05-26
2045,170.0,93.47903490772956,FALLIDO,2026-05-26
2046,546.0,45.84086026715694,EXITOSO,2026-05-26
2047,414.0,88.39093705780492,EXITOSO,2026-05-26
2048,251.0,170.26557908023358,EXITOSO,2026-05-26
2049,759.0,82.7015997676682,EXITOSO,2026-05-26
2050,781.0,124.54325858399184,EXITOSO,2026-05-26
2051,141.0,79.24184000426456,EXITOSO,2026-05-26
2052,274.0,22.72153511209975,EXITOSO,2026-05-26
2053,416.0,71.02775989011934,EXITOSO,2026-05-26
2054,608.0,46.78464815160276,EXITOSO,2026-05-26
2055,739.0,36.16237210729706,EXITOSO,2026-05-26
2056,891.0,57.09659158390858,EXITOSO,2026-05-26
2057,39.0,53.80999685084991,EXITOSO,2026-05-26
2058,814.0,17.60300376828556,EXITOSO,2026-05-26
2059,29.0,168.3384633887917,EXITOSO,2026-05-26
2060,958.0,92.31483657888788,FALLIDO,2026-05-26
2061,477.0,69.77560983368458,EXITOSO,2026-05-26
2062,318.0,63.59520445003891,EXITOSO,2026-05-26
2063,245.0,108.09394478487584,EXITOSO,2026-05-26
2064,748.0,143.02281449237972,EXITOSO,2026-05-26
2065,697.0,87.40341488050298,FALLIDO,2026-05-26
2066,272.0,64.84770819137283,EXITOSO,2026-05-26
2067,440.0,118.90576287910467,EXITOSO,2026-05-26
2068,748.0,65.69436971743444,EXITOSO,2026-05-26
2069,239.0,77.41259238500405,EXITOSO,2026-05-26
2070,377.0,100.0404368012735,FALLIDO,2026-05-26
2071,266.0,44.5408344850296,EXITOSO,2026-05-26
2072,926.0,-23.033375896235896,EXITOSO,2026-05-26
2073,921.0,42.59679098679924,EXITOSO,2026-05-26
2074,359.0,90.92003717517544,EXITOSO,2026-05-26
2075,340.0,88.10203590872715,EXITOSO,2026-05-26
2076,389.0,113.70680437650407,FALLIDO,2026-05-26
2077,577.0,44.12675864521951,EXITOSO,2026-05-26
2078,990.0,123.23700971787054,EXITOSO,2026-05-26
2079,689.0,67.40271321807845,EXITOSO,2026-05-26
2080,3.0,84.17652650254722,EXITOSO,2026-05-26
2081,429.0,96.14451033177222,EXITOSO,2026-05-26
2082,142.0,4.733374924252104,EXITOSO,2026-05-26
2083,376.0,19.80411229492301,EXITOSO,2026-05-26
2084,670.0,18.476379317310162,EXITOSO,2026-05-26
2085,324.0,102.88868739395278,EXITOSO,2026-05-26
2086,146.0,47.781735530430865,FALLIDO,2026-05-26
2087,958.0,141.10327893298873,EXITOSO,2026-05-26
2088,293.0,60.13503899569036,EXITOSO,2026-05-26
2089,665.0,1.1450460767399449,EXITOSO,2026-05-26
2090,432.0,33.10329957179264,EXITOSO,2026-05-26
2091,705.0,64.6950545287731,EXITOSO,2026-05-26
2092,949.0,80.60759456773916,INVALIDO,2026-05-26
2093,975.0,20.606490876705053,EXITOSO,2026-05-26
2094,585.0,82.73923087225083,EXITOSO,2026-05-26
2095,399.0,93.42171028183827,EXITOSO,2026-05-26
2096,817.0,34.36209601778678,EXITOSO,2026-05-26
2097,889.0,138.7662884823659,EXITOSO,2026-05-26
2098,344.0,38.693639065977735,EXITOSO,2026-05-26
2099,964.0,20.00487703137827,EXITOSO,2026-05-26
2100,140.0,-1.1689005890616357,EXITOSO,2026-05-26
2101,187.0,108.82562794768651,EXITOSO,2026-05-26
2102,805.0,60.91531509383612,EXITOSO,2026-05-26
2103,61.0,40.82856042142441,EXITOSO,2026-05-26
2104,997.0,1.0344625827269098,EXITOSO,2026-05-26
2105,939.0,44.42996305732146,FALLIDO,2026-05-26
2106,380.0,155.25781550704446,EXITOSO,2026-05-26
2107,710.0,-25.779500150444704,EXITOSO,2026-05-26
2108,807.0,34.733663958698,FALLIDO,2026-05-26
2109,440.0,131.71135880168842,EXITOSO,2026-05-26
2110,319.0,109.95892188278091,EXITOSO,2026-05-26
2111,302.0,37.174973268748744,FALLIDO,2026-05-26
2112,344.0,68.14380387741224,EXITOSO,2026-05-26
2113,11.0,78.51749618777637,FALLIDO,2026-05-26
2114,62.0,65.3535432722907,EXITOSO,2026-05-26
2115,845.0,131.37800838436704,EXITOSO,2026-05-26
2116,226.0,73.59016821831813,EXITOSO,2026-05-26
2117,153.0,105.4206516385215,FALLIDO,2026-05-26
2118,711.0,67.26395076382462,EXITOSO,2026-05-26
2119,564.0,-21.29555250905861,EXITOSO,2026-05-26
2120,772.0,12.303489865740659,EXITOSO,2026-05-26
2121,571.0,20.604886027759008,EXITOSO,2026-05-26
2122,584.0,50.02856570895976,EXITOSO,2026-05-26
2123,660.0,143.13656956057565,INVALIDO,2026-05-26
2124,861.0,74.49645851501806,EXITOSO,2026-05-26
2125,575.0,55.76847591740939,EXITOSO,2026-05-26
2126,310.0,109.54231984622592,EXITOSO,2026-05-26
2127,885.0,1.924652979930066,EXITOSO,2026-05-26
2128,243.0,40.412193194070454,EXITOSO,2026-05-26
2129,493.0,34.50685384239837,EXITOSO,2026-05-26
2130,366.0,75.92166237872553,EXITOSO,2026-05-26
2131,330.0,95.83345169415867,EXITOSO,2026-05-26
2132,107.0,78.85942208108919,EXITOSO,2026-05-26
2133,226.0,79.49265932875647,EXITOSO,2026-05-26
2134,825.0,45.55563523128217,EXITOSO,2026-05-26
2135,218.0,72.8303943246456,EXITOSO,2026-05-26
2136,937.0,26.4064851687844,EXITOSO,2026-05-26
2137,753.0,86.96555740031198,EXITOSO,2026-05-26
2138,506.0,39.975879813467174,EXITOSO,2026-05-26
2139,259.0,15.139617587985043,EXITOSO,2026-05-26
2140,888.0,61.512777433283404,INVALIDO,2026-05-26
2141,774.0,-16.52464657378752,EXITOSO,2026-05-26
2142,517.0,118.97480287984028,EXITOSO,2026-05-26
2143,773.0,91.88395987646796,EXITOSO,2026-05-26
2144,54.0,73.47879400991211,EXITOSO,2026-05-26
2145,47.0,-4.947389815790018,EXITOSO,2026-05-26
2146,727.0,31.99239267706341,INVALIDO,2026-05-26
2147,689.0,61.62233739487408,EXITOSO,2026-05-26
2148,521.0,49.4758091589917,EXITOSO,2026-05-26
2149,99.0,-7.5425986178989035,EXITOSO,2026-05-26
2150,20.0,7.3428397785543496,FALLIDO,2026-05-26
2151,890.0,48.67622412345686,EXITOSO,2026-05-26
2152,753.0,8.6684240566467,EXITOSO,2026-05-26
2153,573.0,114.85549295533048,FALLIDO,2026-05-26
2154,891.0,79.7815343762333,EXITOSO,2026-05-26
2155,490.0,27.861435630438756,EXITOSO,2026-05-26
2156,419.0,106.76619312062854,EXITOSO,2026-05-26
2157,690.0,98.70826354694758,FALLIDO,2026-05-26
2158,850.0,71.55833425547678,FALLIDO,2026-05-26
2159,62.0,58.41655066144183,EXITOSO,2026-05-26
2160,145.0,48.06104767080642,EXITOSO,2026-05-26
2161,216.0,38.402451688733734,EXITOSO,2026-05-26
2162,3.0,6.528323231685853,EXITOSO,2026-05-26
2163,160.0,121.13315020391998,EXITOSO,2026-05-26
2164,739.0,39.179471249151334,EXITOSO,2026-05-26
2165,998.0,61.128024388493316,EXITOSO,2026-05-26
2166,781.0,23.590085747975245,EXITOSO,2026-05-26
2167,120.0,49.62197933562681,EXITOSO,2026-05-26
2168,893.0,174.0310969547897,FALLIDO,2026-05-26
2169,89.0,30.960083850190912,EXITOSO,2026-05-26
2170,329.0,117.94383098166206,EXITOSO,2026-05-26
2171,580.0,58.887779313844035,EXITOSO,2026-05-26
2172,910.0,87.19753853978582,EXITOSO,2026-05-26
2173,357.0,109.78321021585006,EXITOSO,2026-05-26
2174,610.0,70.8906953762399,EXITOSO,2026-05-26
2175,267.0,45.9317137447884,EXITOSO,2026-05-26
2176,617.0,52.55636086870243,EXITOSO,2026-05-26
2177,952.0,53.902860734146486,EXITOSO,2026-05-26
2178,323.0,134.57482227661652,INVALIDO,2026-05-26
2179,635.0,0.6349689135843732,EXITOSO,2026-05-26
2180,988.0,-10.829078311711712,EXITOSO,2026-05-26
2181,541.0,-8.162116687910697,INVALIDO,2026-05-26
2182,649.0,24.24274265710308,EXITOSO,2026-05-26
2183,195.0,88.00332308793449,EXITOSO,2026-05-26
2184,921.0,90.45677169616789,EXITOSO,2026-05-26
2185,738.0,35.6998943437317,EXITOSO,2026-05-26
2186,332.0,58.86033889360642,EXITOSO,2026-05-26
2187,170.0,15.348054596486605,EXITOSO,2026-05-26
2188,521.0,19.05790850374528,EXITOSO,2026-05-26
2189,463.0,83.19467356046181,EXITOSO,2026-05-26
2190,40.0,101.90736244433589,EXITOSO,2026-05-26
2191,537.0,40.92724702279429,EXITOSO,2026-05-26
2192,261.0,125.40060483323214,EXITOSO,2026-05-26
2193,395.0,98.62421395144439,EXITOSO,2026-05-26
2194,955.0,123.66903409022203,EXITOSO,2026-05-26
2195,226.0,47.96247723620327,EXITOSO,2026-05-26
2196,984.0,120.82744982530582,EXITOSO,2026-05-26
2197,124.0,147.18170559903103,FALLIDO,2026-05-26
2198,975.0,43.49929866575923,EXITOSO,2026-05-26
2199,38.0,53.83323846527656,EXITOSO,2026-05-26
2200,328.0,22.09125990374404,EXITOSO,2026-05-26
2201,251.0,14.231396153566891,FALLIDO,2026-05-26
2202,901.0,14.697946349348207,EXITOSO,2026-05-26
2203,176.0,27.541354728508303,FALLIDO,2026-05-26
2204,602.0,70.98951915942285,FALLIDO,2026-05-26
2205,914.0,29.23201842314594,EXITOSO,2026-05-26
2206,454.0,69.76650218347473,EXITOSO,2026-05-26
2207,37.0,70.5938060477981,EXITOSO,2026-05-26
2208,316.0,41.19502424502485,EXITOSO,2026-05-26
2209,688.0,57.49451581722779,EXITOSO,2026-05-26
2210,973.0,38.883504292547485,EXITOSO,2026-05-26
2211,796.0,47.57040906894191,EXITOSO,2026-05-26
2212,965.0,27.645481021431408,EXITOSO,2026-05-26
2213,973.0,63.36418759131266,EXITOSO,2026-05-26
2214,593.0,35.97816538160667,EXITOSO,2026-05-26
2215,114.0,13.357364962488177,EXITOSO,2026-05-26
2216,40.0,83.73715555394149,EXITOSO,2026-05-26
2217,301.0,85.09164805141853,EXITOSO,2026-05-26
2218,224.0,104.46794142576428,EXITOSO,2026-05-26
2219,318.0,19.02410501583286,EXITOSO,2026-05-26
2220,349.0,40.76290773156053,EXITOSO,2026-05-26
2221,115.0,69.21981620358892,EXITOSO,2026-05-26
2222,698.0,39.91840492750959,EXITOSO,2026-05-26
2223,323.0,82.83647935231286,INVALIDO,2026-05-26
2224,568.0,79.91731549935744,EXITOSO,2026-05-26
2225,40.0,79.17181424764266,EXITOSO,2026-05-26
2226,866.0,118.38668933217056,EXITOSO,2026-05-26
2227,40.0,85.76308297833798,EXITOSO,2026-05-26
2228,859.0,66.15564445925705,EXITOSO,2026-05-26
2229,973.0,52.258580536138524,FALLIDO,2026-05-26
2230,749.0,55.045435672927354,EXITOSO,2026-05-26
2231,289.0,17.431593846397064,EXITOSO,2026-05-26
2232,262.0,-10.628407478000852,EXITOSO,2026-05-26
2233,216.0,78.55024510924255,EXITOSO,2026-05-26
2234,147.0,108.94531750252263,INVALIDO,2026-05-26
2235,336.0,46.79540306789053,EXITOSO,2026-05-26
2236,168.0,123.48376636130389,EXITOSO,2026-05-26
2237,92.0,52.939502676741185,FALLIDO,2026-05-26
2238,353.0,-18.150879244520354,FALLIDO,2026-05-26
2239,571.0,96.72997014918411,INVALIDO,2026-05-26
2240,571.0,40.82847051047419,EXITOSO,2026-05-26
2241,816.0,100.35114710080055,EXITOSO,2026-05-26
2242,681.0,8.898900642734404,EXITOSO,2026-05-26
2243,781.0,76.48176648590601,EXITOSO,2026-05-26
2244,363.0,27.981556658227504,EXITOSO,2026-05-26
2245,557.0,68.05619466249422,EXITOSO,2026-05-26
2246,345.0,90.66426778301425,FALLIDO,2026-05-26
2247,693.0,81.37604005175541,EXITOSO,2026-05-26
2248,170.0,62.774713321203706,EXITOSO,2026-05-26
2249,356.0,4.861635751511088,EXITOSO,2026-05-26
2250,191.0,89.21376722207063,EXITOSO,2026-05-26
2251,667.0,101.257217519824,EXITOSO,2026-05-26
2252,422.0,18.280119033738302,EXITOSO,2026-05-26
2253,700.0,24.158831427760006,FALLIDO,2026-05-26
2254,7.0,102.94229432131645,EXITOSO,2026-05-26
2255,133.0,51.662337497229345,EXITOSO,2026-05-26
2256,747.0,25.195466503776736,EXITOSO,2026-05-26
2257,557.0,70.90217654077092,EXITOSO,2026-05-26
2258,826.0,34.45902448182326,EXITOSO,2026-05-26
2259,761.0,66.44168525623925,EXITOSO,2026-05-26
2260,31.0,43.47173316614608,EXITOSO,2026-05-26
2261,535.0,46.89956719677822,EXITOSO,2026-05-26
2262,426.0,104.41589535429807,EXITOSO,2026-05-26
2263,394.0,-38.74098720500028,FALLIDO,2026-05-26
2264,672.0,82.19003017740977,EXITOSO,2026-05-26
2265,363.0,97.81803113065975,EXITOSO,2026-05-26
2266,437.0,35.12023435289379,EXITOSO,2026-05-26
2267,670.0,97.51061417452603,EXITOSO,2026-05-26
2268,551.0,21.639041326367042,EXITOSO,2026-05-26
2269,927.0,33.600658173454896,EXITOSO,2026-05-26
2270,82.0,28.993318256358606,EXITOSO,2026-05-26
2271,356.0,98.05168654410338,EXITOSO,2026-05-26
2272,258.0,-9.797907466713326,FALLIDO,2026-05-26
2273,718.0,125.60588904102299,FALLIDO,2026-05-26
2274,589.0,47.80245735544443,EXITOSO,2026-05-26
2275,989.0,84.59648616629423,EXITOSO,2026-05-26
2276,524.0,81.14831685454924,EXITOSO,2026-05-26
2277,295.0,66.04927152826076,EXITOSO,2026-05-26
2278,962.0,35.97255754089761,EXITOSO,2026-05-26
2279,224.0,109.69490251711417,FALLIDO,2026-05-26
2280,525.0,39.40594937115583,FALLIDO,2026-05-26
2281,46.0,30.750053691163824,EXITOSO,2026-05-26
2282,667.0,95.10841134094132,EXITOSO,2026-05-26
2283,113.0,65.82998478147479,EXITOSO,2026-05-26
2284,233.0,114.31286300464804,EXITOSO,2026-05-26
2285,17.0,57.49331634178001,EXITOSO,2026-05-26
2286,360.0,33.96498509217014,EXITOSO,2026-05-26
2287,223.0,70.98973892095594,FALLIDO,2026-05-26
2288,866.0,42.095313756503856,EXITOSO,2026-05-26
2289,700.0,35.12309954777178,EXITOSO,2026-05-26
2290,448.0,93.27552774623496,EXITOSO,2026-05-26
2291,856.0,133.2622026910011,INVALIDO,2026-05-26
2292,365.0,50.14152832326038,EXITOSO,2026-05-26
2293,675.0,21.01035254856277,EXITOSO,2026-05-26
2294,326.0,53.86174600400725,EXITOSO,2026-05-26
2295,467.0,80.59204919583694,INVALIDO,2026-05-26
2296,414.0,70.29918113909882,EXITOSO,2026-05-26
2297,455.0,107.76926777886848,EXITOSO,2026-05-26
2298,586.0,86.603593531028,EXITOSO,2026-05-26
2299,233.0,15.863621275603641,EXITOSO,2026-05-26
2300,224.0,40.267265974368996,FALLIDO,2026-05-26
2301,994.0,4.7666352009869755,EXITOSO,2026-05-26
2302,831.0,105.7871738252075,EXITOSO,2026-05-26
2303,412.0,-19.67549061085603,FALLIDO,2026-05-26
2304,572.0,8.666706775107507,EXITOSO,2026-05-26
2305,335.0,39.52790135979308,FALLIDO,2026-05-26
2306,222.0,82.55669612419267,EXITOSO,2026-05-26
2307,37.0,39.13386345177395,EXITOSO,2026-05-26
2308,989.0,45.39082345142032,EXITOSO,2026-05-26
2309,278.0,46.178885069092,EXITOSO,2026-05-26
2310,196.0,66.91130489432985,FALLIDO,2026-05-26
2311,916.0,11.179538589199929,FALLIDO,2026-05-26
2312,864.0,22.112918078078117,EXITOSO,2026-05-26
2313,484.0,127.23694795183563,EXITOSO,2026-05-26
2314,242.0,76.09596388788046,EXITOSO,2026-05-26
2315,324.0,90.43128687411382,EXITOSO,2026-05-26
2316,731.0,62.32114125820867,FALLIDO,2026-05-26
2317,192.0,54.388790070290405,EXITOSO,2026-05-26
2318,17.0,78.28523784381122,INVALIDO,2026-05-26
2319,524.0,89.10454734704531,INVALIDO,2026-05-26
2320,918.0,93.84302698766876,EXITOSO,2026-05-26
2321,401.0,54.93761760722639,FALLIDO,2026-05-26
2322,906.0,98.21506225113285,INVALIDO,2026-05-26
2323,886.0,-38.648671553184855,EXITOSO,2026-05-26
2324,705.0,95.69148038900485,EXITOSO,2026-05-26
2325,22.0,42.92376173024792,EXITOSO,2026-05-26
2326,474.0,82.13529785206788,EXITOSO,2026-05-26
2327,120.0,34.02689097216547,EXITOSO,2026-05-26
2328,210.0,6.932218796888904,EXITOSO,2026-05-26
2329,306.0,73.58816125266671,EXITOSO,2026-05-26
2330,270.0,-0.061220932847973586,FALLIDO,2026-05-26
2331,704.0,44.01290287109171,EXITOSO,2026-05-26
2332,687.0,27.502812355833896,EXITOSO,2026-05-26
2333,285.0,52.99869846826094,EXITOSO,2026-05-26
2334,716.0,91.88836478389089,INVALIDO,2026-05-26
2335,676.0,40.40618858182036,FALLIDO,2026-05-26
2336,763.0,72.58310189650447,EXITOSO,2026-05-26
2337,227.0,89.57384152908352,INVALIDO,2026-05-26
2338,948.0,35.70979796824851,EXITOSO,2026-05-26
2339,381.0,36.2898588512359,EXITOSO,2026-05-26
2340,460.0,114.77315608800842,EXITOSO,2026-05-26
2341,7.0,56.82445440888372,FALLIDO,2026-05-26
2342,29.0,80.365551725275,FALLIDO,2026-05-26
2343,907.0,80.06244369436897,EXITOSO,2026-05-26
2344,33.0,12.080495756880879,EXITOSO,2026-05-26
2345,646.0,29.5649649531202,EXITOSO,2026-05-26
2346,879.0,75.0138945416008,EXITOSO,2026-05-26
2347,79.0,-22.69259546894574,EXITOSO,2026-05-26
2348,928.0,51.54809531846301,EXITOSO,2026-05-26
2349,947.0,25.3886451042887,EXITOSO,2026-05-26
2350,459.0,104.42024567906614,EXITOSO,2026-05-26
2351,570.0,73.84461812619797,EXITOSO,2026-05-26
2352,983.0,107.64985189562708,EXITOSO,2026-05-26
2353,538.0,58.435014657865885,EXITOSO,2026-05-26
2354,482.0,55.4444322893191,INVALIDO,2026-05-26
2355,430.0,47.8028192368174,EXITOSO,2026-05-26
2356,738.0,39.87722401779631,EXITOSO,2026-05-26
2357,285.0,167.3862535622394,EXITOSO,2026-05-26
2358,516.0,92.28678063172889,EXITOSO,2026-05-26
2359,977.0,17.3524581625287,EXITOSO,2026-05-26
2360,99.0,165.57235476648714,FALLIDO,2026-05-26
2361,397.0,43.800802599909076,EXITOSO,2026-05-26
2362,489.0,72.84608000707424,EXITOSO,2026-05-26
2363,39.0,97.58389487487463,EXITOSO,2026-05-26
2364,271.0,-1.5181570829000322,FALLIDO,2026-05-26
2365,887.0,26.90692793403604,EXITOSO,2026-05-26
2366,797.0,125.9265929828276,FALLIDO,2026-05-26
2367,157.0,51.006853466544186,EXITOSO,2026-05-26
2368,75.0,99.94680467043489,EXITOSO,2026-05-26
2369,884.0,41.86126237414618,EXITOSO,2026-05-26
2370,800.0,56.19761578052633,EXITOSO,2026-05-26
2371,130.0,131.41027464306,EXITOSO,2026-05-26
2372,687.0,77.5004896919209,EXITOSO,2026-05-26
2373,974.0,46.20608932276005,EXITOSO,2026-05-26
2374,84.0,32.665461567886084,EXITOSO,2026-05-26
2375,22.0,36.324984303471865,EXITOSO,2026-05-26
2376,459.0,109.66240122948363,EXITOSO,2026-05-26
2377,539.0,90.6199323455568,FALLIDO,2026-05-26
2378,707.0,14.052934717056345,EXITOSO,2026-05-26
2379,849.0,63.48714227482813,EXITOSO,2026-05-26
2380,382.0,57.32734112775977,INVALIDO,2026-05-26
2381,748.0,72.64371078273176,FALLIDO,2026-05-26
2382,440.0,35.8571552343452,EXITOSO,2026-05-26
2383,604.0,103.91222446597695,EXITOSO,2026-05-26
2384,989.0,59.946428908559,FALLIDO,2026-05-26
2385,21.0,74.93746070341638,EXITOSO,2026-05-26
2386,303.0,28.61239103542737,EXITOSO,2026-05-26
2387,976.0,30.627474493177512,EXITOSO,2026-05-26
2388,869.0,166.30044437067602,EXITOSO,2026-05-26
2389,955.0,132.00319809706733,FALLIDO,2026-05-26
2390,84.0,57.212753484683525,EXITOSO,2026-05-26
2391,774.0,121.32015802907759,EXITOSO,2026-05-26
2392,659.0,108.50950057049718,EXITOSO,2026-05-26
2393,953.0,34.99155883803443,EXITOSO,2026-05-26
2394,453.0,31.002671943914596,EXITOSO,2026-05-26
2395,387.0,86.74706501405268,EXITOSO,2026-05-26
2396,507.0,70.40242552451288,EXITOSO,2026-05-26
2397,257.0,43.91981534645119,EXITOSO,2026-05-26
2398,570.0,88.8490617499495,EXITOSO,2026-05-26
2399,892.0,2.3006829762821326,EXITOSO,2026-05-26
2400,934.0,64.60006111409828,EXITOSO,2026-05-26
2401,527.0,10.443053857489765,EXITOSO,2026-05-26
2402,162.0,11.760346258997487,EXITOSO,2026-05-26
2403,957.0,31.72940841390374,FALLIDO,2026-05-26
2404,163.0,74.53149105375954,EXITOSO,2026-05-26
2405,832.0,32.99051964461478,FALLIDO,2026-05-26
2406,793.0,11.27565568198473,EXITOSO,2026-05-26
2407,792.0,79.08996810707787,EXITOSO,2026-05-26
2408,524.0,119.70988177764144,EXITOSO,2026-05-26
2409,786.0,85.5540173680805,EXITOSO,2026-05-26
2410,271.0,132.07194898374584,EXITOSO,2026-05-26
2411,492.0,116.36713574410352,EXITOSO,2026-05-26
2412,208.0,40.50287149960258,EXITOSO,2026-05-26
2413,539.0,85.28639277456442,EXITOSO,2026-05-26
2414,584.0,56.33476825779372,FALLIDO,2026-05-26
2415,60.0,102.48399124792236,EXITOSO,2026-05-26
2416,430.0,56.32753770945717,EXITOSO,2026-05-26
2417,985.0,28.452139631629336,EXITOSO,2026-05-26
2418,657.0,114.93623769401016,FALLIDO,2026-05-26
2419,605.0,72.71182202893478,EXITOSO,2026-05-26
2420,309.0,33.45881314763075,FALLIDO,2026-05-26
2421,520.0,40.050947997047075,EXITOSO,2026-05-26
2422,591.0,33.20317422246063,EXITOSO,2026-05-26
2423,27.0,19.930102691611353,EXITOSO,2026-05-26
2424,686.0,40.89938631025797,EXITOSO,2026-05-26
2425,562.0,74.92084854924826,EXITOSO,2026-05-26
2426,199.0,62.562426807447196,EXITOSO,2026-05-26
2427,387.0,42.47132254471364,EXITOSO,2026-05-26
2428,349.0,119.82029875188897,EXITOSO,2026-05-26
2429,960.0,-20.425338955185566,EXITOSO,2026-05-26
2430,940.0,72.24543660622842,EXITOSO,2026-05-26
2431,693.0,54.28962980729625,FALLIDO,2026-05-26
2432,536.0,21.192750808140786,EXITOSO,2026-05-26
2433,828.0,74.5781738315087,EXITOSO,2026-05-26
2434,378.0,51.2100715055538,EXITOSO,2026-05-26
2435,899.0,109.88293864855575,FALLIDO,2026-05-26
2436,916.0,94.72260969645865,EXITOSO,2026-05-26
2437,558.0,136.24522945495943,EXITOSO,2026-05-26
2438,527.0,40.6672827794403,FALLIDO,2026-05-26
2439,153.0,115.86217958990062,EXITOSO,2026-05-26
2440,734.0,13.36580927938315,EXITOSO,2026-05-26
2441,206.0,55.574540028976834,EXITOSO,2026-05-26
2442,455.0,41.39011789462914,EXITOSO,2026-05-26
2443,273.0,84.09781651637635,EXITOSO,2026-05-26
2444,894.0,83.1310319297421,FALLIDO,2026-05-26
2445,236.0,23.97521627088114,EXITOSO,2026-05-26
2446,852.0,86.32768695937666,FALLIDO,2026-05-26
2447,740.0,44.78043668624432,EXITOSO,2026-05-26
2448,521.0,27.328105601932236,EXITOSO,2026-05-26
2449,678.0,59.528745514306905,EXITOSO,2026-05-26
2450,944.0,0.9262335454992794,EXITOSO,2026-05-26
2451,956.0,97.25225399955087,EXITOSO,2026-05-26
2452,831.0,57.775167582331186,EXITOSO,2026-05-26
2453,726.0,58.65017512807838,EXITOSO,2026-05-26
2454,501.0,56.51333491653972,EXITOSO,2026-05-26
2455,117.0,125.87400346767136,EXITOSO,2026-05-26
2456,386.0,120.75510755319283,EXITOSO,2026-05-26
2457,344.0,114.03044373596747,FALLIDO,2026-05-26
2458,584.0,56.598334229646476,EXITOSO,2026-05-26
2459,395.0,15.375003500402507,EXITOSO,2026-05-26
2460,64.0,59.36082228464344,EXITOSO,2026-05-26
2461,717.0,72.57601682908728,EXITOSO,2026-05-26
2462,721.0,92.5044121557311,EXITOSO,2026-05-26
2463,72.0,72.44730964400974,EXITOSO,2026-05-26
2464,789.0,18.940228952416547,EXITOSO,2026-05-26
2465,274.0,38.58338118639122,EXITOSO,2026-05-26
2466,990.0,34.95453875004311,EXITOSO,2026-05-26
2467,320.0,81.56212201623283,EXITOSO,2026-05-26
2468,338.0,82.54389812959869,EXITOSO,2026-05-26
2469,366.0,87.78527552323482,EXITOSO,2026-05-26
2470,495.0,72.04143418689412,FALLIDO,2026-05-26
2471,607.0,-22.36798039074577,EXITOSO,2026-05-26
2472,166.0,-9.034387130992357,EXITOSO,2026-05-26
2473,544.0,54.39249474641432,EXITOSO,2026-05-26
2474,11.0,63.9231168186557,EXITOSO,2026-05-26
2475,301.0,110.14662348611913,EXITOSO,2026-05-26
2476,729.0,63.11180591980127,EXITOSO,2026-05-26
2477,801.0,20.96202676561412,FALLIDO,2026-05-26
2478,102.0,86.48659231109474,EXITOSO,2026-05-26
2479,425.0,59.30993228543029,EXITOSO,2026-05-26
2480,392.0,43.9178085786386,EXITOSO,2026-05-26
2481,779.0,-4.583976318804389,EXITOSO,2026-05-26
2482,214.0,63.4074803244493,EXITOSO,2026-05-26
2483,691.0,69.15271643917842,INVALIDO,2026-05-26
2484,88.0,20.15414783575801,EXITOSO,2026-05-26
2485,553.0,89.77431152825102,FALLIDO,2026-05-26
2486,401.0,86.19187194603933,EXITOSO,2026-05-26
2487,588.0,61.95650329571903,EXITOSO,2026-05-26
2488,889.0,60.468914317681644,INVALIDO,2026-05-26
2489,46.0,97.84150986656994,EXITOSO,2026-05-26
2490,672.0,74.70121475124127,FALLIDO,2026-05-26
2491,463.0,31.909782042065583,EXITOSO,2026-05-26
2492,592.0,52.094068655994086,EXITOSO,2026-05-26
2493,310.0,82.27397607744317,EXITOSO,2026-05-26
2494,86.0,-21.292836973282405,EXITOSO,2026-05-26
2495,92.0,22.738958048414858,EXITOSO,2026-05-26
2496,660.0,87.285506653559,EXITOSO,2026-05-26
2497,673.0,108.35510416864452,FALLIDO,2026-05-26
2498,714.0,100.84194961072049,EXITOSO,2026-05-26
2499,936.0,95.73173248991122,EXITOSO,2026-05-26
2500,928.0,65.18975450685765,EXITOSO,2026-05-26
2501,242.0,18.84386361249242,EXITOSO,2026-05-26
2502,865.0,52.13506461707061,EXITOSO,2026-05-26
2503,2.0,-19.730762024767387,EXITOSO,2026-05-26
2504,225.0,112.02624344843014,EXITOSO,2026-05-26
2505,801.0,27.315487901027637,EXITOSO,2026-05-26
2506,745.0,38.66616959907188,EXITOSO,2026-05-26
2507,973.0,102.34476210562306,EXITOSO,2026-05-26
2508,926.0,-4.5850782843817655,EXITOSO,2026-05-26
2509,929.0,12.423895038982742,EXITOSO,2026-05-26
2510,589.0,70.71885375300539,EXITOSO,2026-05-26
2511,116.0,80.81521660269914,EXITOSO,2026-05-26
2512,666.0,57.13196819303362,FALLIDO,2026-05-26
2513,918.0,58.43667548256369,EXITOSO,2026-05-26
2514,103.0,110.7351181557778,EXITOSO,2026-05-26
2515,194.0,85.45273780242604,EXITOSO,2026-05-26
2516,166.0,80.04679738110184,EXITOSO,2026-05-26
2517,871.0,91.02585971174972,EXITOSO,2026-05-26
2518,90.0,47.976389012455286,EXITOSO,2026-05-26
2519,686.0,146.92662656572082,EXITOSO,2026-05-26
2520,122.0,-32.30126073329933,EXITOSO,2026-05-26
2521,143.0,118.31684096475126,EXITOSO,2026-05-26
2522,994.0,96.08430074972438,FALLIDO,2026-05-26
2523,106.0,69.93153006203417,FALLIDO,2026-05-26
2524,887.0,63.20115830408446,EXITOSO,2026-05-26
2525,428.0,53.77786811451575,EXITOSO,2026-05-26
2526,305.0,104.13774351853635,EXITOSO,2026-05-26
2527,872.0,58.40542104000465,EXITOSO,2026-05-26
2528,971.0,30.884610419076512,EXITOSO,2026-05-26
2529,317.0,96.07931541286727,EXITOSO,2026-05-26
2530,963.0,123.39064936239431,EXITOSO,2026-05-26
2531,635.0,-17.086764923150128,FALLIDO,2026-05-26
2532,902.0,154.28367323081278,EXITOSO,2026-05-26
2533,9.0,18.530748098814342,EXITOSO,2026-05-26
2534,774.0,21.58806893938589,EXITOSO,2026-05-26
2535,73.0,10.20441122029549,EXITOSO,2026-05-26
2536,359.0,60.03396209858501,EXITOSO,2026-05-26
2537,223.0,8.811268601254639,FALLIDO,2026-05-26
2538,416.0,13.66959744596457,EXITOSO,2026-05-26
2539,553.0,32.45799809665532,EXITOSO,2026-05-26
2540,370.0,65.53822700777357,EXITOSO,2026-05-26
2541,716.0,69.39414395870045,EXITOSO,2026-05-26
2542,264.0,109.64789117640339,EXITOSO,2026-05-26
2543,840.0,108.72595092779653,FALLIDO,2026-05-26
2544,690.0,100.98445256390414,EXITOSO,2026-05-26
2545,860.0,49.53531315737098,EXITOSO,2026-05-26
2546,318.0,-13.647271119863518,EXITOSO,2026-05-26
2547,84.0,-14.532575932159773,FALLIDO,2026-05-26
2548,318.0,100.70919504439252,EXITOSO,2026-05-26
2549,111.0,93.7501788682948,EXITOSO,2026-05-26
2550,251.0,35.33182150223814,EXITOSO,2026-05-26
2551,383.0,2.3705499481023367,EXITOSO,2026-05-26
2552,7.0,18.113959073236344,EXITOSO,2026-05-26
2553,459.0,66.9877720879811,EXITOSO,2026-05-26
2554,84.0,67.06243999419748,EXITOSO,2026-05-26
2555,208.0,101.70125092507999,EXITOSO,2026-05-26
2556,900.0,41.985821711700154,EXITOSO,2026-05-26
2557,390.0,50.2385588599343,EXITOSO,2026-05-26
2558,314.0,105.01285223865756,EXITOSO,2026-05-26
2559,22.0,-25.003796055505376,EXITOSO,2026-05-26
2560,410.0,72.69811787668105,EXITOSO,2026-05-26
2561,895.0,46.63084885472257,EXITOSO,2026-05-26
2562,515.0,88.51039115814972,FALLIDO,2026-05-26
2563,127.0,80.50426411445369,EXITOSO,2026-05-26
2564,809.0,32.14761422441338,EXITOSO,2026-05-26
2565,700.0,39.70660574084072,EXITOSO,2026-05-26
2566,874.0,-32.07901702190726,EXITOSO,2026-05-26
2567,14.0,89.9996599304728,EXITOSO,2026-05-26
2568,971.0,69.59095280258522,EXITOSO,2026-05-26
2569,978.0,115.94049421806851,EXITOSO,2026-05-26
2570,12.0,44.023998553578124,EXITOSO,2026-05-26
2571,87.0,96.57342390592103,EXITOSO,2026-05-26
2572,524.0,17.202958177434425,EXITOSO,2026-05-26
2573,909.0,-48.1915919143586,EXITOSO,2026-05-26
2574,537.0,56.21944238528929,EXITOSO,2026-05-26
2575,301.0,37.33272979787898,EXITOSO,2026-05-26
2576,243.0,17.967142968611192,FALLIDO,2026-05-26
2577,122.0,95.92421573946467,EXITOSO,2026-05-26
2578,147.0,108.3298669417423,EXITOSO,2026-05-26
2579,567.0,64.21685117463444,EXITOSO,2026-05-26
2580,750.0,52.699237215273385,EXITOSO,2026-05-26
2581,356.0,62.508334956100896,EXITOSO,2026-05-26
2582,685.0,33.882950243946894,EXITOSO,2026-05-26
2583,904.0,82.5038379371361,EXITOSO,2026-05-26
2584,733.0,-1.5748794464575582,FALLIDO,2026-05-26
2585,631.0,17.076874862792295,EXITOSO,2026-05-26
2586,309.0,28.34955394772792,EXITOSO,2026-05-26
2587,695.0,81.65421723926116,EXITOSO,2026-05-26
2588,288.0,47.900405718270264,EXITOSO,2026-05-26
2589,307.0,114.4156157881229,EXITOSO,2026-05-26
2590,812.0,92.13239025514036,EXITOSO,2026-05-26
2591,594.0,27.956272977506174,EXITOSO,2026-05-26
2592,966.0,85.3386316159448,EXITOSO,2026-05-26
2593,914.0,43.67171887391926,EXITOSO,2026-05-26
2594,723.0,78.92721980095853,EXITOSO,2026-05-26
2595,662.0,94.07088654371893,EXITOSO,2026-05-26
2596,549.0,104.58858407250867,EXITOSO,2026-05-26
2597,352.0,68.08086279351667,EXITOSO,2026-05-26
2598,312.0,124.00494745920874,EXITOSO,2026-05-26
2599,873.0,77.65257424245088,EXITOSO,2026-05-26
2600,59.0,65.40208637830523,EXITOSO,2026-05-26
2601,643.0,47.899424493602545,EXITOSO,2026-05-26
2602,924.0,34.7476391924653,EXITOSO,2026-05-26
2603,714.0,76.79534904246822,INVALIDO,2026-05-26
2604,755.0,64.03030547919937,EXITOSO,2026-05-26
2605,35.0,70.43302402537559,EXITOSO,2026-05-26
2606,445.0,79.22983310225167,EXITOSO,2026-05-26
2607,93.0,70.26405912572193,EXITOSO,2026-05-26
2608,950.0,140.53181627711405,EXITOSO,2026-05-26
2609,959.0,38.88140463287448,FALLIDO,2026-05-26
2610,207.0,77.29173376478823,EXITOSO,2026-05-26
2611,353.0,50.89227136605035,FALLIDO,2026-05-26
2612,903.0,-38.45888454300963,EXITOSO,2026-05-26
2613,332.0,52.2610870852622,EXITOSO,2026-05-26
2614,817.0,22.54011776325838,EXITOSO,2026-05-26
2615,862.0,57.32710164638345,EXITOSO,2026-05-26
2616,725.0,58.9438991467318,EXITOSO,2026-05-26
2617,159.0,75.4143155175735,EXITOSO,2026-05-26
2618,954.0,38.792824987353235,EXITOSO,2026-05-26
2619,957.0,43.79628337052237,EXITOSO,2026-05-26
2620,24.0,88.02774611239795,EXITOSO,2026-05-26
2621,404.0,27.637658820755092,EXITOSO,2026-05-26
2622,805.0,-13.538119628371689,EXITOSO,2026-05-26
2623,516.0,66.28125427705925,EXITOSO,2026-05-26
2624,732.0,102.83394990272978,EXITOSO,2026-05-26
2625,364.0,87.56721902587545,EXITOSO,2026-05-26
2626,382.0,67.01936782121214,EXITOSO,2026-05-26
2627,532.0,110.02581373395111,EXITOSO,2026-05-26
2628,956.0,103.28068956659664,EXITOSO,2026-05-26
2629,152.0,46.76341889083758,FALLIDO,2026-05-26
2630,562.0,69.90086913348279,EXITOSO,2026-05-26
2631,689.0,71.61840890545763,EXITOSO,2026-05-26
2632,947.0,56.529974850297215,EXITOSO,2026-05-26
2633,608.0,105.36990283495513,EXITOSO,2026-05-26
2634,617.0,53.91438266412915,EXITOSO,2026-05-26
2635,420.0,39.98884435980017,FALLIDO,2026-05-26
2636,250.0,-43.66165029500618,FALLIDO,2026-05-26
2637,117.0,28.06784470505154,EXITOSO,2026-05-26
2638,866.0,7.3832836478627115,EXITOSO,2026-05-26
2639,512.0,58.384153949342576,EXITOSO,2026-05-26
2640,740.0,9.85242998148982,FALLIDO,2026-05-26
2641,578.0,84.34738966675604,EXITOSO,2026-05-26
2642,335.0,104.33750432856155,EXITOSO,2026-05-26
2643,418.0,58.75372965647521,EXITOSO,2026-05-26
2644,932.0,20.639291349450332,FALLIDO,2026-05-26
2645,774.0,71.45601504726135,FALLIDO,2026-05-26
2646,295.0,135.7390023235211,EXITOSO,2026-05-26
2647,938.0,123.29922517298243,EXITOSO,2026-05-26
2648,755.0,3.7568522705030816,EXITOSO,2026-05-26
2649,371.0,2.272751061270469,EXITOSO,2026-05-26
2650,186.0,-7.981457591997923,EXITOSO,2026-05-26
2651,246.0,14.52082184998715,EXITOSO,2026-05-26
2652,637.0,70.0636987507452,EXITOSO,2026-05-26
2653,268.0,37.732228993202995,FALLIDO,2026-05-26
2654,643.0,26.453198564615626,EXITOSO,2026-05-26
2655,237.0,101.56439070065807,EXITOSO,2026-05-26
2656,530.0,81.20372476350506,EXITOSO,2026-05-26
2657,552.0,-8.188105086152476,EXITOSO,2026-05-26
2658,21.0,99.26898696838542,EXITOSO,2026-05-26
2659,911.0,80.24138889848155,EXITOSO,2026-05-26
2660,737.0,81.1305303212149,EXITOSO,2026-05-26
2661,867.0,37.18103904277725,EXITOSO,2026-05-26
2662,794.0,52.50783280820439,EXITOSO,2026-05-26
2663,520.0,-18.908861127884677,EXITOSO,2026-05-26
2664,100.0,94.67946690138501,EXITOSO,2026-05-26
2665,752.0,20.042919547947385,EXITOSO,2026-05-26
2666,478.0,25.174838756242238,EXITOSO,2026-05-26
2667,599.0,24.634348225611326,EXITOSO,2026-05-26
2668,298.0,132.01604467615277,EXITOSO,2026-05-26
2669,940.0,33.251837409508525,EXITOSO,2026-05-26
2670,526.0,97.69041094174892,FALLIDO,2026-05-26
2671,334.0,59.04031580468873,FALLIDO,2026-05-26
2672,2.0,26.83561146258083,FALLIDO,2026-05-26
2673,375.0,19.583997868812098,EXITOSO,2026-05-26
2674,293.0,34.84575650064033,EXITOSO,2026-05-26
2675,837.0,57.021543728965035,EXITOSO,2026-05-26
2676,934.0,84.06948425552697,EXITOSO,2026-05-26
2677,553.0,41.16033282038336,EXITOSO,2026-05-26
2678,318.0,39.66353032878722,EXITOSO,2026-05-26
2679,502.0,24.75379420391704,EXITOSO,2026-05-26
2680,828.0,12.238314341591085,FALLIDO,2026-05-26
2681,381.0,8.892359209909515,EXITOSO,2026-05-26
2682,623.0,99.52115671758403,FALLIDO,2026-05-26
2683,14.0,38.84643661516512,EXITOSO,2026-05-26
2684,504.0,42.38896401776937,EXITOSO,2026-05-26
2685,231.0,33.335496680765914,INVALIDO,2026-05-26
2686,985.0,47.32574840289506,EXITOSO,2026-05-26
2687,84.0,74.84296697293736,EXITOSO,2026-05-26
2688,130.0,40.52476715321512,EXITOSO,2026-05-26
2689,743.0,67.22959549722283,FALLIDO,2026-05-26
2690,838.0,116.72833957990561,EXITOSO,2026-05-26
2691,145.0,27.213439352511756,EXITOSO,2026-05-26
2692,891.0,42.42126920039165,EXITOSO,2026-05-26
2693,857.0,85.64241077647235,EXITOSO,2026-05-26
2694,28.0,119.89184668727702,EXITOSO,2026-05-26
2695,66.0,10.307588884951954,FALLIDO,2026-05-26
2696,163.0,-8.032160993913294,EXITOSO,2026-05-26
2697,229.0,59.97574596510834,FALLIDO,2026-05-26
2698,261.0,55.84492412112782,EXITOSO,2026-05-26
2699,449.0,88.00677184664394,EXITOSO,2026-05-26
2700,424.0,81.90241386484055,INVALIDO,2026-05-26
2701,460.0,58.64147096502907,EXITOSO,2026-05-26
2702,952.0,101.96859413467165,EXITOSO,2026-05-26
2703,676.0,32.759293805893606,INVALIDO,2026-05-26
2704,301.0,68.4632316830702,EXITOSO,2026-05-26
2705,919.0,11.37171084742721,EXITOSO,2026-05-26
2706,303.0,58.314868952987275,EXITOSO,2026-05-26
2707,287.0,1.554734458398741,EXITOSO,2026-05-26
2708,395.0,15.366258120947982,FALLIDO,2026-05-26
2709,10.0,128.3780734995968,EXITOSO,2026-05-26
2710,707.0,-12.981502714222813,EXITOSO,2026-05-26
2711,630.0,51.333932183409594,EXITOSO,2026-05-26
2712,270.0,93.08860490898672,EXITOSO,2026-05-26
2713,592.0,148.85422326757714,EXITOSO,2026-05-26
2714,970.0,67.08300167064192,EXITOSO,2026-05-26
2715,605.0,69.36880504250769,EXITOSO,2026-05-26
2716,778.0,61.58741526990997,EXITOSO,2026-05-26
2717,844.0,102.2893761873665,EXITOSO,2026-05-26
2718,862.0,77.26814260951595,EXITOSO,2026-05-26
2719,361.0,36.9964885282846,EXITOSO,2026-05-26
2720,257.0,104.62046765714908,EXITOSO,2026-05-26
2721,133.0,41.512371366086924,FALLIDO,2026-05-26
2722,276.0,-3.939844803359975,EXITOSO,2026-05-26
2723,776.0,-3.812981657423123,EXITOSO,2026-05-26
2724,683.0,51.95727414301269,EXITOSO,2026-05-26
2725,972.0,64.12166263085554,EXITOSO,2026-05-26
2726,513.0,98.22517092194957,EXITOSO,2026-05-26
2727,313.0,85.63265647124408,EXITOSO,2026-05-26
2728,576.0,63.19403780825377,EXITOSO,2026-05-26
2729,886.0,100.46041965729407,EXITOSO,2026-05-26
2730,980.0,60.50951626523804,EXITOSO,2026-05-26
2731,284.0,8.380558688802083,EXITOSO,2026-05-26
2732,121.0,-0.3380928791022768,EXITOSO,2026-05-26
2733,107.0,111.14750830422632,EXITOSO,2026-05-26
2734,933.0,-29.809191656082476,FALLIDO,2026-05-26
2735,687.0,51.97037377163325,EXITOSO,2026-05-26
2736,997.0,179.27173975020096,EXITOSO,2026-05-26
2737,204.0,78.36933777241995,EXITOSO,2026-05-26
2738,165.0,51.65828718084534,EXITOSO,2026-05-26
2739,305.0,-7.378462666127177,EXITOSO,2026-05-26
2740,497.0,124.69482272532863,INVALIDO,2026-05-26
2741,632.0,108.55311482777829,EXITOSO,2026-05-26
2742,556.0,87.39187649353588,EXITOSO,2026-05-26
2743,824.0,59.97761068092742,EXITOSO,2026-05-26
2744,156.0,82.8804898776551,EXITOSO,2026-05-26
2745,367.0,54.0551576558459,EXITOSO,2026-05-26
2746,719.0,21.069563580626735,FALLIDO,2026-05-26
2747,902.0,98.25339726019251,EXITOSO,2026-05-26
2748,620.0,57.9736537367116,EXITOSO,2026-05-26
2749,251.0,80.8777585863515,EXITOSO,2026-05-26
2750,957.0,55.15507037760935,EXITOSO,2026-05-26
2751,916.0,78.47277528187375,EXITOSO,2026-05-26
2752,882.0,59.42029077369001,EXITOSO,2026-05-26
2753,334.0,56.29800591641833,EXITOSO,2026-05-26
2754,642.0,61.19958381910082,EXITOSO,2026-05-26
2755,969.0,178.43478761852182,EXITOSO,2026-05-26
2756,511.0,92.09627943927748,EXITOSO,2026-05-26
2757,293.0,163.4423166759809,EXITOSO,2026-05-26
2758,20.0,59.67590343967269,EXITOSO,2026-05-26
2759,282.0,47.63768122541917,EXITOSO,2026-05-26
2760,797.0,17.032117664980966,EXITOSO,2026-05-26
2761,1.0,124.1292478649024,INVALIDO,2026-05-26
2762,119.0,23.792603714035764,EXITOSO,2026-05-26
2763,35.0,132.3824302954676,EXITOSO,2026-05-26
2764,198.0,19.352466769188084,EXITOSO,2026-05-26
2765,485.0,95.46639474529707,EXITOSO,2026-05-26
2766,757.0,-3.6402993389458373,EXITOSO,2026-05-26
2767,59.0,42.32177193637342,EXITOSO,2026-05-26
2768,837.0,60.88326117785297,EXITOSO,2026-05-26
2769,161.0,36.10035937186051,EXITOSO,2026-05-26
2770,691.0,53.226935926641595,EXITOSO,2026-05-26
2771,206.0,53.41819577684554,EXITOSO,2026-05-26
2772,12.0,92.27734200120256,EXITOSO,2026-05-26
2773,490.0,-23.47007155946966,EXITOSO,2026-05-26
2774,276.0,37.48321087887743,EXITOSO,2026-05-26
2775,693.0,110.18545391083825,EXITOSO,2026-05-26
2776,242.0,82.49919693266378,EXITOSO,2026-05-26
2777,216.0,110.85145048508053,EXITOSO,2026-05-26
2778,251.0,90.3515741909074,FALLIDO,2026-05-26
2779,811.0,16.659395719607566,EXITOSO,2026-05-26
2780,126.0,86.43588684478306,EXITOSO,2026-05-26
2781,994.0,64.00771200371051,FALLIDO,2026-05-26
2782,217.0,150.72245327171964,EXITOSO,2026-05-26
2783,306.0,92.08658329977638,EXITOSO,2026-05-26
2784,797.0,80.93469630710402,FALLIDO,2026-05-26
2785,185.0,86.77697053365245,EXITOSO,2026-05-26
2786,39.0,78.75382166666495,EXITOSO,2026-05-26
2787,223.0,77.67204510984291,EXITOSO,2026-05-26
2788,184.0,49.34826522412326,EXITOSO,2026-05-26
2789,495.0,81.41891548080002,EXITOSO,2026-05-26
2790,427.0,97.93866721090782,EXITOSO,2026-05-26
2791,178.0,102.4131227612834,EXITOSO,2026-05-26
2792,919.0,97.56467278414054,EXITOSO,2026-05-26
2793,428.0,120.32254584608287,FALLIDO,2026-05-26
2794,294.0,104.91568493215699,EXITOSO,2026-05-26
2795,852.0,85.14071656403081,FALLIDO,2026-05-26
2796,151.0,14.253568013451918,EXITOSO,2026-05-26
2797,384.0,14.269267086836628,EXITOSO,2026-05-26
2798,638.0,50.07462386954597,EXITOSO,2026-05-26
2799,813.0,61.87014744190875,EXITOSO,2026-05-26
2800,308.0,115.92006124813048,EXITOSO,2026-05-26
2801,336.0,-51.18827543182148,EXITOSO,2026-05-26
2802,946.0,18.671749490276177,EXITOSO,2026-05-26
2803,746.0,52.23116342140654,EXITOSO,2026-05-26
2804,892.0,20.125694854692462,EXITOSO,2026-05-26
2805,375.0,28.075706465189427,EXITOSO,2026-05-26
2806,8.0,40.03351616458256,FALLIDO,2026-05-26
2807,341.0,22.166965437029248,EXITOSO,2026-05-26
2808,129.0,29.103026903380943,EXITOSO,2026-05-26
2809,776.0,114.52930254777809,FALLIDO,2026-05-26
2810,669.0,84.57273360647916,EXITOSO,2026-05-26
2811,352.0,90.55773378968016,EXITOSO,2026-05-26
2812,358.0,58.63508970168179,EXITOSO,2026-05-26
2813,517.0,100.44420850687045,EXITOSO,2026-05-26
2814,495.0,93.91193271891137,EXITOSO,2026-05-26
2815,86.0,83.94151657761444,EXITOSO,2026-05-26
2816,175.0,33.83343779431557,EXITOSO,2026-05-26
2817,802.0,42.31851406440498,EXITOSO,2026-05-26
2818,193.0,102.32520394929476,EXITOSO,2026-05-26
2819,311.0,39.3306503419618,EXITOSO,2026-05-26
2820,119.0,8.459034549421773,FALLIDO,2026-05-26
2821,218.0,38.55927700944087,EXITOSO,2026-05-26
2822,427.0,122.37622728876475,EXITOSO,2026-05-26
2823,970.0,38.598533424336125,FALLIDO,2026-05-26
2824,414.0,73.1061916794677,EXITOSO,2026-05-26
2825,114.0,35.37248298514207,EXITOSO,2026-05-26
2826,978.0,90.53702217941463,EXITOSO,2026-05-26
2827,145.0,81.4719676281209,EXITOSO,2026-05-26
2828,538.0,0.35261035338550073,EXITOSO,2026-05-26
2829,648.0,70.7212794834392,EXITOSO,2026-05-26
2830,303.0,-7.303475491942692,EXITOSO,2026-05-26
2831,744.0,37.837288102843615,EXITOSO,2026-05-26
2832,881.0,59.542643334704906,EXITOSO,2026-05-26
2833,588.0,133.87463661849986,EXITOSO,2026-05-26
2834,987.0,72.71649860396707,EXITOSO,2026-05-26
2835,840.0,29.31655650947829,EXITOSO,2026-05-26
2836,345.0,47.311595899335984,EXITOSO,2026-05-26
2837,814.0,96.96787097770016,EXITOSO,2026-05-26
2838,964.0,29.859326330401316,EXITOSO,2026-05-26
2839,801.0,103.87913992005963,EXITOSO,2026-05-26
2840,1.0,39.07794887810418,EXITOSO,2026-05-26
2841,147.0,23.38723377951529,INVALIDO,2026-05-26
2842,287.0,40.35988156388917,EXITOSO,2026-05-26
2843,976.0,-4.651376163522784,EXITOSO,2026-05-26
2844,654.0,-26.903079246038445,EXITOSO,2026-05-26
2845,53.0,56.69858442716564,EXITOSO,2026-05-26
2846,304.0,57.30808486625761,EXITOSO,2026-05-26
2847,69.0,70.25847138146665,INVALIDO,2026-05-26
2848,361.0,56.50103261097709,EXITOSO,2026-05-26
2849,602.0,153.1701249642329,EXITOSO,2026-05-26
2850,958.0,66.73637373090789,EXITOSO,2026-05-26
2851,220.0,4.941485755335798,EXITOSO,2026-05-26
2852,962.0,15.20340577189667,EXITOSO,2026-05-26
2853,704.0,60.01218677394913,EXITOSO,2026-05-26
2854,966.0,42.58293529766118,EXITOSO,2026-05-26
2855,575.0,10.860804113461427,EXITOSO,2026-05-26
2856,585.0,57.646076694685476,EXITOSO,2026-05-26
2857,161.0,58.23103082470632,EXITOSO,2026-05-26
2858,681.0,123.8277493398686,EXITOSO,2026-05-26
2859,89.0,23.356411715116167,EXITOSO,2026-05-26
2860,688.0,43.29088776367309,EXITOSO,2026-05-26
2861,781.0,123.70465556382527,EXITOSO,2026-05-26
2862,585.0,73.14344831722437,EXITOSO,2026-05-26
2863,757.0,23.121810899224727,EXITOSO,2026-05-26
2864,589.0,31.410712619563633,EXITOSO,2026-05-26
2865,159.0,11.433649798613544,FALLIDO,2026-05-26
2866,489.0,63.09090510694641,EXITOSO,2026-05-26
2867,971.0,101.24639939342683,EXITOSO,2026-05-26
2868,324.0,125.23605102529302,EXITOSO,2026-05-26
2869,610.0,0.548730762608912,EXITOSO,2026-05-26
2870,381.0,94.76468947933321,EXITOSO,2026-05-26
2871,102.0,66.57251191202194,EXITOSO,2026-05-26
2872,494.0,49.522785406530105,EXITOSO,2026-05-26
2873,644.0,43.306478404827345,EXITOSO,2026-05-26
2874,614.0,-16.837273435788575,INVALIDO,2026-05-26
2875,19.0,85.51994516272984,EXITOSO,2026-05-26
2876,454.0,7.245728966266036,FALLIDO,2026-05-26
2877,482.0,30.072167397691665,EXITOSO,2026-05-26
2878,594.0,76.71938538213186,EXITOSO,2026-05-26
2879,397.0,-12.665422817964242,FALLIDO,2026-05-26
2880,279.0,7.1682422874120135,EXITOSO,2026-05-26
2881,851.0,108.7465063657416,EXITOSO,2026-05-26
2882,365.0,64.88235518290918,EXITOSO,2026-05-26
2883,331.0,33.51194531502507,EXITOSO,2026-05-26
2884,641.0,65.03984617214039,EXITOSO,2026-05-26
2885,344.0,86.77905350038947,EXITOSO,2026-05-26
2886,822.0,104.99071564950707,EXITOSO,2026-05-26
2887,455.0,15.502592985608452,EXITOSO,2026-05-26
2888,601.0,19.006473483512877,FALLIDO,2026-05-26
2889,725.0,84.33373194714908,EXITOSO,2026-05-26
2890,655.0,85.61650274000405,EXITOSO,2026-05-26
2891,65.0,6.241240729195347,EXITOSO,2026-05-26
2892,76.0,20.507572980448117,EXITOSO,2026-05-26
2893,711.0,52.250107965541844,EXITOSO,2026-05-26
2894,143.0,60.943049777220445,EXITOSO,2026-05-26
2895,917.0,62.077195092181256,FALLIDO,2026-05-26
2896,915.0,5.627047732702437,EXITOSO,2026-05-26
2897,828.0,61.67311082013951,EXITOSO,2026-05-26
2898,605.0,31.305172205182295,EXITOSO,2026-05-26
2899,473.0,13.347294936386824,EXITOSO,2026-05-26
2900,417.0,59.560158063545245,EXITOSO,2026-05-26
2901,305.0,55.48025481249272,EXITOSO,2026-05-26
2902,736.0,92.06772953023906,INVALIDO,2026-05-26
2903,497.0,25.56126530946178,EXITOSO,2026-05-26
2904,291.0,69.40681747914323,EXITOSO,2026-05-26
2905,940.0,-2.747007537143624,EXITOSO,2026-05-26
2906,102.0,49.00577291149906,EXITOSO,2026-05-26
2907,986.0,78.54711339982622,EXITOSO,2026-05-26
2908,267.0,81.92084908476524,EXITOSO,2026-05-26
2909,867.0,82.1933518387457,EXITOSO,2026-05-26
2910,968.0,92.17503189001329,EXITOSO,2026-05-26
2911,622.0,42.16840664590159,EXITOSO,2026-05-26
2912,974.0,79.82901753691857,EXITOSO,2026-05-26
2913,842.0,134.74979050166488,EXITOSO,2026-05-26
2914,962.0,41.31469401576683,FALLIDO,2026-05-26
2915,942.0,115.20792063592127,EXITOSO,2026-05-26
2916,777.0,95.05891822166808,EXITOSO,2026-05-26
2917,3.0,49.347062706286096,EXITOSO,2026-05-26
2918,85.0,52.684979952895596,EXITOSO,2026-05-26
2919,794.0,64.73609438668878,EXITOSO,2026-05-26
2920,328.0,92.80659976126401,EXITOSO,2026-05-26
2921,816.0,76.10538526134053,EXITOSO,2026-05-26
2922,450.0,41.0000961112727,EXITOSO,2026-05-26
2923,454.0,-23.28212007048512,EXITOSO,2026-05-26
2924,924.0,86.88695835675276,EXITOSO,2026-05-26
2925,629.0,-17.299909001747693,FALLIDO,2026-05-26
2926,221.0,5.3608117219961855,FALLIDO,2026-05-26
2927,154.0,43.900912211932834,EXITOSO,2026-05-26
2928,665.0,11.436856013238412,EXITOSO,2026-05-26
2929,12.0,72.70113711213966,EXITOSO,2026-05-26
2930,133.0,48.152472015309485,EXITOSO,2026-05-26
2931,994.0,91.40923921689821,EXITOSO,2026-05-26
2932,304.0,-4.308701328826956,EXITOSO,2026-05-26
2933,293.0,33.524091352528075,EXITOSO,2026-05-26
2934,975.0,60.16797509316916,FALLIDO,2026-05-26
2935,300.0,61.709125220238235,EXITOSO,2026-05-26
2936,740.0,87.76145621906888,EXITOSO,2026-05-26
2937,783.0,23.416456784258237,EXITOSO,2026-05-26
2938,43.0,41.27958859988003,EXITOSO,2026-05-26
2939,944.0,80.29398643521479,EXITOSO,2026-05-26
2940,343.0,-27.942429574280425,EXITOSO,2026-05-26
2941,326.0,75.39741007569171,EXITOSO,2026-05-26
2942,814.0,90.5579446277969,FALLIDO,2026-05-26
2943,498.0,6.653571092870408,EXITOSO,2026-05-26
2944,364.0,47.39908206859948,EXITOSO,2026-05-26
2945,891.0,119.70639266028589,EXITOSO,2026-05-26
2946,427.0,86.39313190924591,EXITOSO,2026-05-26
2947,21.0,77.87889091883466,INVALIDO,2026-05-26
2948,407.0,99.63837260497945,EXITOSO,2026-05-26
2949,619.0,132.1818047045001,EXITOSO,2026-05-26
2950,336.0,60.741362792734876,EXITOSO,2026-05-26
2951,815.0,43.71243983111901,EXITOSO,2026-05-26
2952,117.0,99.54153643895727,EXITOSO,2026-05-26
2953,124.0,52.5018745620196,EXITOSO,2026-05-26
2954,399.0,22.879253679242268,EXITOSO,2026-05-26
2955,793.0,38.39734988051029,INVALIDO,2026-05-26
2956,804.0,72.49318328233524,EXITOSO,2026-05-26
2957,715.0,42.016167903564764,EXITOSO,2026-05-26
2958,51.0,45.00099010288345,EXITOSO,2026-05-26
2959,783.0,18.90736741419184,EXITOSO,2026-05-26
2960,324.0,117.41466064811249,EXITOSO,2026-05-26
2961,789.0,46.294931212501155,EXITOSO,2026-05-26
2962,141.0,31.53956117539041,FALLIDO,2026-05-26
2963,470.0,35.79508773577547,EXITOSO,2026-05-26
2964,787.0,92.10103899848578,EXITOSO,2026-05-26
2965,802.0,82.9279431401265,EXITOSO,2026-05-26
2966,334.0,39.9258118342851,EXITOSO,2026-05-26
2967,893.0,61.292521519016795,EXITOSO,2026-05-26
2968,964.0,71.0681769540994,EXITOSO,2026-05-26
2969,373.0,31.836772299775777,EXITOSO,2026-05-26
2970,564.0,-1.6249114955997186,EXITOSO,2026-05-26
2971,494.0,80.60149677724978,FALLIDO,2026-05-26
2972,539.0,34.050633440068985,EXITOSO,2026-05-26
2973,669.0,77.61393401535678,EXITOSO,2026-05-26
2974,751.0,72.84106568990173,EXITOSO,2026-05-26
2975,156.0,62.23169205022046,EXITOSO,2026-05-26
2976,291.0,42.95491404841326,EXITOSO,2026-05-26
2977,648.0,34.64287109936724,EXITOSO,2026-05-26
2978,144.0,14.463303798551046,EXITOSO,2026-05-26
2979,106.0,35.410081824436446,FALLIDO,2026-05-26
2980,420.0,82.7526004620075,EXITOSO,2026-05-26
2981,670.0,115.91302968495975,EXITOSO,2026-05-26
2982,658.0,110.04397368969275,EXITOSO,2026-05-26
2983,2.0,65.8169206469952,EXITOSO,2026-05-26
2984,945.0,115.89176242726549,EXITOSO,2026-05-26
2985,589.0,47.727294885568796,EXITOSO,2026-05-26
2986,644.0,8.358132699397174,EXITOSO,2026-05-26
2987,90.0,136.83497676841102,EXITOSO,2026-05-26
2988,345.0,81.3123314582708,EXITOSO,2026-05-26
2989,350.0,-1.3852300215968043,EXITOSO,2026-05-26
2990,459.0,122.36194314549448,EXITOSO,2026-05-26
2991,263.0,30.26310059564864,EXITOSO,2026-05-26
2992,351.0,38.964709690994674,EXITOSO,2026-05-26
2993,108.0,100.8553255633282,EXITOSO,2026-05-26
2994,586.0,114.4682845462678,EXITOSO,2026-05-26
2995,39.0,19.970438862349468,EXITOSO,2026-05-26
2996,909.0,118.83963048107115,FALLIDO,2026-05-26
2997,159.0,94.96947185637764,EXITOSO,2026-05-26
2998,583.0,28.010047522454357,EXITOSO,2026-05-26
2999,959.0,50.16374942865982,EXITOSO,2026-05-26
3000,312.0,120.64543586294229,EXITOSO,2026-05-26
3001,241.0,-2.4224641043317447,EXITOSO,2026-05-26
3002,938.0,115.22857503568875,EXITOSO,2026-05-26
3003,445.0,93.856285113461,EXITOSO,2026-05-26
3004,298.0,80.36563049082798,EXITOSO,2026-05-26
3005,952.0,65.2678275428403,EXITOSO,2026-05-26
3006,36.0,138.80551929849912,EXITOSO,2026-05-26
3007,84.0,144.7169440281961,FALLIDO,2026-05-26
3008,452.0,35.39080999929382,EXITOSO,2026-05-26
3009,886.0,84.48819148926668,EXITOSO,2026-05-26
3010,775.0,134.97505988711328,EXITOSO,2026-05-26
3011,822.0,28.598216759999588,EXITOSO,2026-05-26
3012,385.0,69.72558297247508,EXITOSO,2026-05-26
3013,172.0,100.15501769129965,EXITOSO,2026-05-26
3014,376.0,-20.595736197642765,EXITOSO,2026-05-26
3015,685.0,93.14220914791557,EXITOSO,2026-05-26
3016,362.0,16.46271906358409,EXITOSO,2026-05-26
3017,559.0,67.69325459822673,FALLIDO,2026-05-26
3018,891.0,105.77379403567274,EXITOSO,2026-05-26
3019,141.0,-35.56722783759716,EXITOSO,2026-05-26
3020,887.0,91.43435550975585,EXITOSO,2026-05-26
3021,918.0,141.53315938523323,EXITOSO,2026-05-26
3022,118.0,38.667960013365445,EXITOSO,2026-05-26
3023,277.0,83.06760587136495,FALLIDO,2026-05-26
3024,726.0,113.41145322797553,EXITOSO,2026-05-26
3025,220.0,-3.7178019283989627,EXITOSO,2026-05-26
3026,905.0,90.29479034135011,FALLIDO,2026-05-26
3027,26.0,100.95064930391123,FALLIDO,2026-05-26
3028,521.0,85.54480879747068,EXITOSO,2026-05-26
3029,783.0,63.46490768820487,EXITOSO,2026-05-26
3030,10.0,19.983488727754946,EXITOSO,2026-05-26
3031,984.0,115.65693414144974,FALLIDO,2026-05-26
3032,378.0,61.38014260926631,EXITOSO,2026-05-26
3033,633.0,23.844783495056177,EXITOSO,2026-05-26
3034,637.0,47.278966783417246,EXITOSO,2026-05-26
3035,682.0,74.73541965338708,EXITOSO,2026-05-26
3036,584.0,-2.447398275368414,INVALIDO,2026-05-26
3037,152.0,60.717214103364704,EXITOSO,2026-05-26
3038,720.0,43.324911317680424,FALLIDO,2026-05-26
3039,49.0,113.44105925463955,EXITOSO,2026-05-26
3040,154.0,-14.995623891509155,FALLIDO,2026-05-26
3041,859.0,97.55030570009936,EXITOSO,2026-05-26
3042,293.0,116.6837930241006,EXITOSO,2026-05-26
3043,580.0,-13.483545485914505,FALLIDO,2026-05-26
3044,50.0,-8.687299432283012,EXITOSO,2026-05-26
3045,664.0,131.43600186265917,EXITOSO,2026-05-26
3046,531.0,23.825118055882683,EXITOSO,2026-05-26
3047,612.0,183.793164819538,EXITOSO,2026-05-26
3048,60.0,-12.23360142080665,FALLIDO,2026-05-26
3049,167.0,66.80189619948482,EXITOSO,2026-05-26
3050,202.0,59.0642505098913,EXITOSO,2026-05-26
3051,857.0,51.672169297401716,EXITOSO,2026-05-26
3052,146.0,78.5184944282313,EXITOSO,2026-05-26
3053,915.0,80.8258569891627,EXITOSO,2026-05-26
3054,676.0,53.29364069483584,EXITOSO,2026-05-26
3055,970.0,19.43304224690918,EXITOSO,2026-05-26
3056,993.0,101.91041456965519,FALLIDO,2026-05-26
3057,439.0,85.12210652331345,EXITOSO,2026-05-26
3058,242.0,64.58334762464297,EXITOSO,2026-05-26
3059,581.0,83.85469929669438,EXITOSO,2026-05-26
3060,687.0,90.75765800364522,EXITOSO,2026-05-26
3061,561.0,29.5307182607472,EXITOSO,2026-05-26
3062,483.0,82.42721493927225,EXITOSO,2026-05-26
3063,108.0,37.8785709792663,EXITOSO,2026-05-26
3064,226.0,92.081334263472,FALLIDO,2026-05-26
3065,673.0,52.30401654307076,EXITOSO,2026-05-26
3066,631.0,84.4687829472688,EXITOSO,2026-05-26
3067,661.0,42.64818801161909,FALLIDO,2026-05-26
3068,977.0,86.54809743750691,EXITOSO,2026-05-26
3069,662.0,20.849230835359663,FALLIDO,2026-05-26
3070,432.0,61.44675519453849,EXITOSO,2026-05-26
3071,805.0,99.22530060439735,EXITOSO,2026-05-26
3072,655.0,78.688186289837,EXITOSO,2026-05-26
3073,419.0,67.68114933796845,EXITOSO,2026-05-26
3074,988.0,132.14245358602557,EXITOSO,2026-05-26
3075,455.0,100.94547473955687,EXITOSO,2026-05-26
3076,160.0,94.22159797012509,EXITOSO,2026-05-26
3077,523.0,86.32111115666021,EXITOSO,2026-05-26
3078,650.0,91.30787488986657,EXITOSO,2026-05-26
3079,969.0,126.28408042208657,EXITOSO,2026-05-26
3080,590.0,43.2932524911602,FALLIDO,2026-05-26
3081,77.0,100.37615861100967,EXITOSO,2026-05-26
3082,509.0,74.25951555099104,FALLIDO,2026-05-26
3083,441.0,44.67529851464026,EXITOSO,2026-05-26
3084,254.0,56.01099587834882,EXITOSO,2026-05-26
3085,921.0,68.76618726185373,EXITOSO,2026-05-26
3086,770.0,25.602397293223106,EXITOSO,2026-05-26
3087,320.0,94.56051102001787,FALLIDO,2026-05-26
3088,803.0,55.88594303643845,EXITOSO,2026-05-26
3089,263.0,63.39716648970695,EXITOSO,2026-05-26
3090,597.0,114.28810199711228,EXITOSO,2026-05-26
3091,658.0,65.1899282090721,EXITOSO,2026-05-26
3092,835.0,122.1067377768442,EXITOSO,2026-05-26
3093,554.0,39.00741964419424,EXITOSO,2026-05-26
3094,374.0,16.117206448213963,EXITOSO,2026-05-26
3095,637.0,48.40027412220468,EXITOSO,2026-05-26
3096,167.0,-52.588587979672525,EXITOSO,2026-05-26
3097,937.0,96.23047009883774,EXITOSO,2026-05-26
3098,753.0,18.444058348500207,EXITOSO,2026-05-26
3099,459.0,35.29218314214921,EXITOSO,2026-05-26
3100,999.0,88.65114246483708,FALLIDO,2026-05-26
3101,280.0,64.76484391671565,EXITOSO,2026-05-26
3102,700.0,42.37818167679518,EXITOSO,2026-05-26
3103,302.0,-21.461694900870768,EXITOSO,2026-05-26
3104,531.0,112.03232119588776,EXITOSO,2026-05-26
3105,580.0,88.92320133905856,EXITOSO,2026-05-26
3106,218.0,142.22885318793004,EXITOSO,2026-05-26
3107,102.0,36.14480656038373,EXITOSO,2026-05-26
3108,554.0,1.821989424879689,EXITOSO,2026-05-26
3109,288.0,99.79021141057694,EXITOSO,2026-05-26
3110,167.0,52.47760330398595,EXITOSO,2026-05-26
3111,621.0,85.12679436275825,FALLIDO,2026-05-26
3112,36.0,124.79661149306223,FALLIDO,2026-05-26
3113,744.0,75.52612385856706,EXITOSO,2026-05-26
3114,741.0,66.69195602182133,EXITOSO,2026-05-26
3115,353.0,69.20011145222361,EXITOSO,2026-05-26
3116,676.0,-5.489927438586591,EXITOSO,2026-05-26
3117,899.0,104.32152837932188,EXITOSO,2026-05-26
3118,73.0,106.88344648996647,EXITOSO,2026-05-26
3119,648.0,81.22280099850096,EXITOSO,2026-05-26
3120,353.0,-0.6161853972332594,INVALIDO,2026-05-26
3121,891.0,55.154046994519454,FALLIDO,2026-05-26
3122,70.0,117.54103101571415,EXITOSO,2026-05-26
3123,425.0,37.369853481061284,INVALIDO,2026-05-26
3124,999.0,107.37012207654641,EXITOSO,2026-05-26
3125,708.0,62.20385970627415,EXITOSO,2026-05-26
3126,781.0,88.50015358063843,EXITOSO,2026-05-26
3127,561.0,43.51434348700868,EXITOSO,2026-05-26
3128,828.0,63.37523526582666,EXITOSO,2026-05-26
3129,642.0,77.46860992675512,INVALIDO,2026-05-26
3130,956.0,16.670641044232624,EXITOSO,2026-05-26
3131,517.0,70.95652515916045,EXITOSO,2026-05-26
3132,428.0,-47.54101199187444,EXITOSO,2026-05-26
3133,539.0,35.93992852712909,EXITOSO,2026-05-26
3134,160.0,81.75532057455116,EXITOSO,2026-05-26
3135,149.0,104.81051682202246,EXITOSO,2026-05-26
3136,776.0,78.91008567196913,EXITOSO,2026-05-26
3137,230.0,4.3873290467612875,EXITOSO,2026-05-26
3138,712.0,101.31432515462325,EXITOSO,2026-05-26
3139,562.0,14.434010739090638,EXITOSO,2026-05-26
3140,67.0,84.56794205697403,EXITOSO,2026-05-26
3141,812.0,15.766650216285676,EXITOSO,2026-05-26
3142,381.0,29.071751825513715,EXITOSO,2026-05-26
3143,58.0,21.746034562780707,INVALIDO,2026-05-26
3144,259.0,65.5583435712688,EXITOSO,2026-05-26
3145,342.0,52.178619455017376,FALLIDO,2026-05-26
3146,838.0,80.35637750522767,INVALIDO,2026-05-26
3147,130.0,59.25460645307568,FALLIDO,2026-05-26
3148,727.0,-0.7149381434815538,EXITOSO,2026-05-26
3149,172.0,71.032498723919,EXITOSO,2026-05-26
3150,770.0,-10.486626017314777,EXITOSO,2026-05-26
3151,614.0,24.645840278039877,EXITOSO,2026-05-26
3152,209.0,45.443466716839936,FALLIDO,2026-05-26
3153,803.0,42.67186371241422,EXITOSO,2026-05-26
3154,354.0,-5.896506420241025,INVALIDO,2026-05-26
3155,471.0,114.84638214152767,EXITOSO,2026-05-26
3156,798.0,125.92011160226798,EXITOSO,2026-05-26
3157,116.0,150.03100417235797,EXITOSO,2026-05-26
3158,264.0,105.90605669958627,EXITOSO,2026-05-26
3159,662.0,44.18213844838906,EXITOSO,2026-05-26
3160,812.0,43.492819162056996,EXITOSO,2026-05-26
3161,442.0,41.28424655307099,EXITOSO,2026-05-26
3162,548.0,139.42550744903104,EXITOSO,2026-05-26
3163,453.0,55.37834124139358,EXITOSO,2026-05-26
3164,845.0,110.76931627680909,EXITOSO,2026-05-26
3165,477.0,107.65739910877755,EXITOSO,2026-05-26
3166,287.0,67.58191424323482,EXITOSO,2026-05-26
3167,303.0,1.9343662508197994,EXITOSO,2026-05-26
3168,311.0,56.243254453963374,EXITOSO,2026-05-26
3169,208.0,65.8786510485181,EXITOSO,2026-05-26
3170,618.0,111.1168515961194,EXITOSO,2026-05-26
3171,446.0,60.77831648401167,EXITOSO,2026-05-26
3172,670.0,11.655777455007765,EXITOSO,2026-05-26
3173,633.0,99.5163999092682,EXITOSO,2026-05-26
3174,55.0,50.898347100100494,EXITOSO,2026-05-26
3175,912.0,-41.80998198546146,EXITOSO,2026-05-26
3176,12.0,72.99938298306982,EXITOSO,2026-05-26
3177,657.0,80.03085176480838,EXITOSO,2026-05-26
3178,400.0,26.28247228536847,EXITOSO,2026-05-26
3179,908.0,52.318167975076456,EXITOSO,2026-05-26
3180,648.0,86.30868103895799,FALLIDO,2026-05-26
3181,980.0,73.2713920480913,EXITOSO,2026-05-26
3182,515.0,-2.506278004599963,EXITOSO,2026-05-26
3183,656.0,110.14200665989472,EXITOSO,2026-05-26
3184,542.0,128.253224781546,EXITOSO,2026-05-26
3185,237.0,39.59264455872629,FALLIDO,2026-05-26
3186,279.0,-16.394862916903463,EXITOSO,2026-05-26
3187,348.0,90.84451227211805,FALLIDO,2026-05-26
3188,627.0,33.07630243287626,EXITOSO,2026-05-26
3189,104.0,81.41795180341,EXITOSO,2026-05-26
3190,630.0,148.08681866268154,EXITOSO,2026-05-26
3191,517.0,-1.852303167554048,FALLIDO,2026-05-26
3192,980.0,28.135164807507035,EXITOSO,2026-05-26
3193,872.0,52.22081625806204,EXITOSO,2026-05-26
3194,248.0,111.66713445435768,EXITOSO,2026-05-26
3195,364.0,202.22468518213103,EXITOSO,2026-05-26
3196,321.0,69.8834074839851,EXITOSO,2026-05-26
3197,633.0,-5.288909628980775,EXITOSO,2026-05-26
3198,286.0,46.17914502995109,EXITOSO,2026-05-26
3199,149.0,29.005460550480628,EXITOSO,2026-05-26
3200,84.0,88.86341910743158,FALLIDO,2026-05-26
3201,966.0,75.07538813195731,EXITOSO,2026-05-26
3202,406.0,18.32746527981608,INVALIDO,2026-05-26
3203,978.0,26.660583030114758,EXITOSO,2026-05-26
3204,456.0,45.59771109702647,EXITOSO,2026-05-26
3205,743.0,50.42566759749002,FALLIDO,2026-05-26
3206,800.0,58.31244335321689,FALLIDO,2026-05-26
3207,161.0,61.95492860777666,EXITOSO,2026-05-26
3208,784.0,109.3940215093815,EXITOSO,2026-05-26
3209,460.0,44.15155951914239,EXITOSO,2026-05-26
3210,550.0,38.25732639013667,EXITOSO,2026-05-26
3211,500.0,6.449039164404702,EXITOSO,2026-05-26
3212,738.0,51.045630695298996,EXITOSO,2026-05-26
3213,509.0,70.24784984772197,INVALIDO,2026-05-26
3214,654.0,-8.96385446372716,EXITOSO,2026-05-26
3215,804.0,46.3028562642171,EXITOSO,2026-05-26
3216,481.0,106.41176519680174,EXITOSO,2026-05-26
3217,663.0,85.93224170804842,EXITOSO,2026-05-26
3218,114.0,74.9373269104317,EXITOSO,2026-05-26
3219,749.0,84.84849195898019,INVALIDO,2026-05-26
3220,578.0,37.05182920441501,EXITOSO,2026-05-26
3221,361.0,31.723208563761517,EXITOSO,2026-05-26
3222,341.0,110.87635122952629,FALLIDO,2026-05-26
3223,770.0,93.14557517699504,EXITOSO,2026-05-26
3224,987.0,30.14907913475584,INVALIDO,2026-05-26
3225,761.0,-15.14895838711945,EXITOSO,2026-05-26
3226,969.0,30.979378060787308,EXITOSO,2026-05-26
3227,449.0,81.74136909863654,EXITOSO,2026-05-26
3228,843.0,33.66959429107081,FALLIDO,2026-05-26
3229,835.0,73.20271243202062,FALLIDO,2026-05-26
3230,180.0,116.79082215595595,EXITOSO,2026-05-26
3231,702.0,56.27891688827702,EXITOSO,2026-05-26
3232,407.0,69.35840611939516,FALLIDO,2026-05-26
3233,666.0,87.39615425998264,EXITOSO,2026-05-26
3234,196.0,16.71662966689857,EXITOSO,2026-05-26
3235,466.0,29.078030999517956,EXITOSO,2026-05-26
3236,311.0,89.04644639614189,FALLIDO,2026-05-26
3237,262.0,61.478700821964324,EXITOSO,2026-05-26
3238,419.0,64.87034441237718,EXITOSO,2026-05-26
3239,406.0,61.33143311429397,INVALIDO,2026-05-26
3240,939.0,99.13175875847831,EXITOSO,2026-05-26
3241,143.0,77.428505617987,EXITOSO,2026-05-26
3242,342.0,77.95280364283246,EXITOSO,2026-05-26
3243,316.0,108.88792630223091,INVALIDO,2026-05-26
3244,101.0,124.26295432298755,EXITOSO,2026-05-26
3245,244.0,149.74366895072188,EXITOSO,2026-05-26
3246,490.0,36.83945220738907,EXITOSO,2026-05-26
3247,12.0,158.77629656034497,EXITOSO,2026-05-26
3248,239.0,16.129082261792675,FALLIDO,2026-05-26
3249,561.0,137.40989612172504,EXITOSO,2026-05-26
3250,42.0,34.641605652344964,EXITOSO,2026-05-26
3251,678.0,57.24240815180987,EXITOSO,2026-05-26
3252,594.0,60.74303780651894,EXITOSO,2026-05-26
3253,429.0,25.321170006879264,FALLIDO,2026-05-26
3254,803.0,63.46874667023843,EXITOSO,2026-05-26
3255,158.0,27.386475606494315,EXITOSO,2026-05-26
3256,216.0,10.602262853172007,EXITOSO,2026-05-26
3257,670.0,58.45105467895065,EXITOSO,2026-05-26
3258,462.0,123.59507560971736,EXITOSO,2026-05-26
3259,134.0,49.83921043932098,INVALIDO,2026-05-26
3260,67.0,97.64083661496862,EXITOSO,2026-05-26
3261,848.0,26.173348291367247,EXITOSO,2026-05-26
3262,7.0,8.660957174618666,EXITOSO,2026-05-26
3263,948.0,78.1544062782144,FALLIDO,2026-05-26
3264,526.0,130.22449540405785,EXITOSO,2026-05-26
3265,73.0,68.35817808532614,EXITOSO,2026-05-26
3266,399.0,93.06589786148291,EXITOSO,2026-05-26
3267,405.0,119.80497640785907,EXITOSO,2026-05-26
3268,675.0,58.538786012714255,EXITOSO,2026-05-26
3269,578.0,53.91746873355,FALLIDO,2026-05-26
3270,859.0,78.8835340252253,EXITOSO,2026-05-26
3271,130.0,86.00076424472678,EXITOSO,2026-05-26
3272,931.0,4.040996452671607,EXITOSO,2026-05-26
3273,466.0,71.82902505083001,EXITOSO,2026-05-26
3274,206.0,59.9727436222722,EXITOSO,2026-05-26
3275,788.0,28.419246435587482,EXITOSO,2026-05-26
3276,978.0,57.20758439289252,EXITOSO,2026-05-26
3277,768.0,13.387006725490991,EXITOSO,2026-05-26
3278,266.0,-0.4371091949473609,EXITOSO,2026-05-26
3279,537.0,62.67392998564113,EXITOSO,2026-05-26
3280,962.0,96.08308093582303,EXITOSO,2026-05-26
3281,793.0,46.108370473865676,EXITOSO,2026-05-26
3282,253.0,21.570829447692965,EXITOSO,2026-05-26
3283,822.0,27.788048576480016,FALLIDO,2026-05-26
3284,289.0,81.9577807106621,EXITOSO,2026-05-26
3285,164.0,126.6954087177039,EXITOSO,2026-05-26
3286,95.0,90.81824765709186,FALLIDO,2026-05-26
3287,782.0,112.0316759699423,EXITOSO,2026-05-26
3288,833.0,18.095052089193253,EXITOSO,2026-05-26
3289,110.0,57.04280333060784,EXITOSO,2026-05-26
3290,336.0,100.7476340169763,EXITOSO,2026-05-26
3291,822.0,4.032896750910702,EXITOSO,2026-05-26
3292,238.0,33.66507145494353,EXITOSO,2026-05-26
3293,381.0,97.68076628166129,EXITOSO,2026-05-26
3294,436.0,70.33703083153397,EXITOSO,2026-05-26
3295,899.0,21.395562708692673,INVALIDO,2026-05-26
3296,483.0,-5.232856288276409,EXITOSO,2026-05-26
3297,937.0,113.49260725460024,EXITOSO,2026-05-26
3298,902.0,-22.13537534163686,EXITOSO,2026-05-26
3299,25.0,85.29580715881218,EXITOSO,2026-05-26
3300,653.0,38.67822258453212,EXITOSO,2026-05-26
3301,117.0,101.88273265453402,EXITOSO,2026-05-26
3302,482.0,18.314068007643876,EXITOSO,2026-05-26
3303,392.0,164.59195741447076,EXITOSO,2026-05-26
3304,917.0,76.09195422753527,EXITOSO,2026-05-26
3305,994.0,82.68276875142357,EXITOSO,2026-05-26
3306,964.0,29.07811252892629,EXITOSO,2026-05-26
3307,537.0,54.66478663204694,EXITOSO,2026-05-26
3308,79.0,55.70203708975279,EXITOSO,2026-05-26
3309,580.0,131.8427331700673,EXITOSO,2026-05-26
3310,173.0,76.02307085711145,EXITOSO,2026-05-26
3311,956.0,81.75318825612953,EXITOSO,2026-05-26
3312,12.0,81.30595505927457,FALLIDO,2026-05-26
3313,800.0,85.14443596338387,EXITOSO,2026-05-26
3314,128.0,4.421859610288408,EXITOSO,2026-05-26
3315,608.0,141.97072432146857,EXITOSO,2026-05-26
3316,92.0,24.900457112201615,EXITOSO,2026-05-26
3317,653.0,58.46382657323651,EXITOSO,2026-05-26
3318,543.0,121.2593159008651,EXITOSO,2026-05-26
3319,846.0,137.38501186949446,EXITOSO,2026-05-26
3320,532.0,92.23816318925898,EXITOSO,2026-05-26
3321,658.0,39.81221241017814,FALLIDO,2026-05-26
3322,989.0,65.109382117772,EXITOSO,2026-05-26
3323,828.0,66.67869116431417,EXITOSO,2026-05-26
3324,447.0,68.09561829236536,EXITOSO,2026-05-26
3325,390.0,10.797878903501434,EXITOSO,2026-05-26
3326,672.0,110.40438129581949,EXITOSO,2026-05-26
3327,861.0,65.38355903751115,EXITOSO,2026-05-26
3328,43.0,31.11124924200235,EXITOSO,2026-05-26
3329,254.0,40.06427649010235,EXITOSO,2026-05-26
3330,130.0,70.79400142034851,EXITOSO,2026-05-26
3331,60.0,3.883734017663734,EXITOSO,2026-05-26
3332,663.0,95.13740304663827,EXITOSO,2026-05-26
3333,467.0,69.38921209638967,EXITOSO,2026-05-26
3334,287.0,122.62758468104369,EXITOSO,2026-05-26
3335,517.0,63.10334884538282,EXITOSO,2026-05-26
3336,467.0,16.58928240857803,EXITOSO,2026-05-26
3337,930.0,12.087872404906577,EXITOSO,2026-05-26
3338,778.0,44.37177544350287,EXITOSO,2026-05-26
3339,345.0,48.60380933513876,EXITOSO,2026-05-26
3340,642.0,37.30953141369673,EXITOSO,2026-05-26
3341,382.0,65.13922131673739,EXITOSO,2026-05-26
3342,779.0,36.29425224457294,EXITOSO,2026-05-26
3343,690.0,70.16823577696957,EXITOSO,2026-05-26
3344,253.0,39.17406337326922,EXITOSO,2026-05-26
3345,927.0,85.26814830938285,EXITOSO,2026-05-26
3346,56.0,47.59604826492705,EXITOSO,2026-05-26
3347,463.0,109.84826689069729,EXITOSO,2026-05-26
3348,457.0,86.09178799158613,EXITOSO,2026-05-26
3349,983.0,67.74341359246822,EXITOSO,2026-05-26
3350,83.0,51.692909334403645,FALLIDO,2026-05-26
3351,905.0,-0.7603890131449091,EXITOSO,2026-05-26
3352,99.0,116.54197618695687,EXITOSO,2026-05-26
3353,149.0,32.76891686330802,EXITOSO,2026-05-26
3354,329.0,63.629285376088774,EXITOSO,2026-05-26
3355,156.0,73.75217294143528,EXITOSO,2026-05-26
3356,190.0,52.65953761687763,FALLIDO,2026-05-26
3357,494.0,114.1840421743211,EXITOSO,2026-05-26
3358,883.0,11.145163303650136,FALLIDO,2026-05-26
3359,263.0,129.3573922794935,EXITOSO,2026-05-26
3360,80.0,86.86230230033266,FALLIDO,2026-05-26
3361,400.0,50.143176526621225,EXITOSO,2026-05-26
3362,764.0,50.590800242748465,EXITOSO,2026-05-26
3363,609.0,-28.67286015615366,EXITOSO,2026-05-26
3364,260.0,26.070689193275946,EXITOSO,2026-05-26
3365,772.0,45.84384979947828,EXITOSO,2026-05-26
3366,615.0,67.04419904123631,FALLIDO,2026-05-26
3367,552.0,110.38324977808908,EXITOSO,2026-05-26
3368,785.0,141.50182499315804,EXITOSO,2026-05-26
3369,101.0,70.89068395210292,INVALIDO,2026-05-26
3370,359.0,68.22437248571863,FALLIDO,2026-05-26
3371,380.0,40.385929299525266,EXITOSO,2026-05-26
3372,820.0,-8.6040057329148,EXITOSO,2026-05-26
3373,221.0,35.76853895179135,INVALIDO,2026-05-26
3374,820.0,51.779956810159085,EXITOSO,2026-05-26
3375,420.0,99.01577682660648,EXITOSO,2026-05-26
3376,124.0,80.78058126327787,FALLIDO,2026-05-26
3377,422.0,68.86180895604241,EXITOSO,2026-05-26
3378,231.0,36.76799626042989,EXITOSO,2026-05-26
3379,690.0,-19.284669961765232,EXITOSO,2026-05-26
3380,63.0,-16.870241949306163,EXITOSO,2026-05-26
3381,485.0,-6.549458677680477,EXITOSO,2026-05-26
3382,628.0,48.31973295181129,EXITOSO,2026-05-26
3383,703.0,99.76177750871958,EXITOSO,2026-05-26
3384,574.0,98.68262279843535,EXITOSO,2026-05-26
3385,768.0,91.74863048309746,EXITOSO,2026-05-26
3386,483.0,39.39618065927842,EXITOSO,2026-05-26
3387,519.0,105.7705266446844,EXITOSO,2026-05-26
3388,155.0,22.75717694840626,EXITOSO,2026-05-26
3389,92.0,94.13573755435505,EXITOSO,2026-05-26
3390,982.0,-6.983052791522212,FALLIDO,2026-05-26
3391,526.0,12.915510244511268,EXITOSO,2026-05-26
3392,455.0,126.10460243882254,EXITOSO,2026-05-26
3393,741.0,51.84661544683183,EXITOSO,2026-05-26
3394,598.0,32.76120562334203,EXITOSO,2026-05-26
3395,645.0,104.11034834662615,FALLIDO,2026-05-26
3396,510.0,108.69486494229088,EXITOSO,2026-05-26
3397,183.0,42.668767676031095,EXITOSO,2026-05-26
3398,386.0,71.13853811768547,EXITOSO,2026-05-26
3399,574.0,65.47629701628574,FALLIDO,2026-05-26
3400,731.0,-53.08405762920002,EXITOSO,2026-05-26
3401,405.0,4.165596849450907,EXITOSO,2026-05-26
3402,246.0,97.69017656728306,EXITOSO,2026-05-26
3403,742.0,26.695830038290005,EXITOSO,2026-05-26
3404,591.0,81.19351584260255,EXITOSO,2026-05-26
3405,661.0,70.52161805382133,EXITOSO,2026-05-26
3406,650.0,108.61731080511527,EXITOSO,2026-05-26
3407,471.0,5.448340463685739,EXITOSO,2026-05-26
3408,826.0,75.76823363845008,EXITOSO,2026-05-26
3409,888.0,57.38342167458224,EXITOSO,2026-05-26
3410,423.0,28.409026373002103,EXITOSO,2026-05-26
3411,901.0,28.128143588830483,EXITOSO,2026-05-26
3412,65.0,69.09923523302653,EXITOSO,2026-05-26
3413,13.0,85.18680684207166,EXITOSO,2026-05-26
3414,213.0,62.54385130177179,EXITOSO,2026-05-26
3415,986.0,63.788570074291144,FALLIDO,2026-05-26
3416,242.0,40.060223838559054,EXITOSO,2026-05-26
3417,493.0,42.71256731801104,EXITOSO,2026-05-26
3418,213.0,28.301185665684102,EXITOSO,2026-05-26
3419,693.0,39.25593393219887,EXITOSO,2026-05-26
3420,338.0,83.7870236733999,EXITOSO,2026-05-26
3421,997.0,88.25622497735395,EXITOSO,2026-05-26
3422,173.0,8.964975367754498,EXITOSO,2026-05-26
3423,672.0,24.142532988736058,EXITOSO,2026-05-26
3424,164.0,31.584079053232344,EXITOSO,2026-05-26
3425,465.0,57.43852552934337,FALLIDO,2026-05-26
3426,995.0,-7.326112241456144,FALLIDO,2026-05-26
3427,497.0,24.843718090466368,EXITOSO,2026-05-26
3428,700.0,4.576739479117087,EXITOSO,2026-05-26
3429,395.0,76.01928536840465,EXITOSO,2026-05-26
3430,703.0,58.813002306709414,EXITOSO,2026-05-26
3431,917.0,41.498098982305216,FALLIDO,2026-05-26
3432,308.0,17.468908769279146,EXITOSO,2026-05-26
3433,768.0,42.116141948432215,EXITOSO,2026-05-26
3434,183.0,37.41231536968314,EXITOSO,2026-05-26
3435,629.0,125.38666210079487,EXITOSO,2026-05-26
3436,794.0,99.8807884632708,EXITOSO,2026-05-26
3437,510.0,32.371682962843195,INVALIDO,2026-05-26
3438,708.0,66.60781363809828,EXITOSO,2026-05-26
3439,546.0,97.76834586343983,EXITOSO,2026-05-26
3440,564.0,32.35943250814847,EXITOSO,2026-05-26
3441,624.0,3.3155703610692058,EXITOSO,2026-05-26
3442,764.0,-11.874340837304956,FALLIDO,2026-05-26
3443,594.0,110.8906767965843,EXITOSO,2026-05-26
3444,744.0,52.35750474120329,EXITOSO,2026-05-26
3445,227.0,71.65300931498797,EXITOSO,2026-05-26
3446,745.0,37.030504987237606,EXITOSO,2026-05-26
3447,733.0,9.28404326041263,EXITOSO,2026-05-26
3448,436.0,16.747967006436077,EXITOSO,2026-05-26
3449,925.0,6.3586083082956435,EXITOSO,2026-05-26
3450,422.0,93.999776578755,EXITOSO,2026-05-26
3451,554.0,119.70244633328201,EXITOSO,2026-05-26
3452,21.0,61.48975849900091,EXITOSO,2026-05-26
3453,554.0,-0.7119637280159523,EXITOSO,2026-05-26
3454,397.0,79.86336763342433,EXITOSO,2026-05-26
3455,625.0,110.59938659970172,EXITOSO,2026-05-26
3456,105.0,98.86667069933574,EXITOSO,2026-05-26
3457,192.0,58.834758060600244,EXITOSO,2026-05-26
3458,17.0,50.6207105349247,FALLIDO,2026-05-26
3459,120.0,58.51334715161077,EXITOSO,2026-05-26
3460,393.0,109.00996019906864,EXITOSO,2026-05-26
3461,425.0,90.41461711285528,EXITOSO,2026-05-26
3462,129.0,44.569720015067915,EXITOSO,2026-05-26
3463,130.0,43.56338896838413,EXITOSO,2026-05-26
3464,572.0,40.732198050372595,EXITOSO,2026-05-26
3465,560.0,17.414694657907937,EXITOSO,2026-05-26
3466,29.0,114.07352942981544,EXITOSO,2026-05-26
3467,97.0,28.487050090142453,EXITOSO,2026-05-26
3468,10.0,79.61104262667013,EXITOSO,2026-05-26
3469,242.0,33.54289446728671,FALLIDO,2026-05-26
3470,826.0,40.91104471866551,EXITOSO,2026-05-26
3471,956.0,55.444769331081154,EXITOSO,2026-05-26
3472,232.0,81.8096969933683,EXITOSO,2026-05-26
3473,789.0,49.63104472858083,EXITOSO,2026-05-26
3474,284.0,14.431793135306712,EXITOSO,2026-05-26
3475,715.0,60.76325324316403,EXITOSO,2026-05-26
3476,759.0,29.333128032334805,EXITOSO,2026-05-26
3477,802.0,121.75353227658124,EXITOSO,2026-05-26
3478,776.0,49.60221990109644,EXITOSO,2026-05-26
3479,955.0,33.281226477154576,EXITOSO,2026-05-26
3480,726.0,138.99203198613372,EXITOSO,2026-05-26
3481,200.0,89.55558809769892,EXITOSO,2026-05-26
3482,945.0,24.12903544783135,EXITOSO,2026-05-26
3483,79.0,28.363437600135843,EXITOSO,2026-05-26
3484,913.0,78.96731924362726,EXITOSO,2026-05-26
3485,956.0,61.73905204139595,EXITOSO,2026-05-26
3486,855.0,95.60702170881898,EXITOSO,2026-05-26
3487,856.0,33.49294796033667,EXITOSO,2026-05-26
3488,173.0,88.04436499193908,EXITOSO,2026-05-26
3489,467.0,-29.531533644321755,EXITOSO,2026-05-26
3490,581.0,53.822325229649124,EXITOSO,2026-05-26
3491,416.0,35.31283415957073,EXITOSO,2026-05-26
3492,940.0,41.79813517330321,EXITOSO,2026-05-26
3493,449.0,55.885014154956856,FALLIDO,2026-05-26
3494,87.0,105.54014558374784,EXITOSO,2026-05-26
3495,101.0,13.838404827158115,EXITOSO,2026-05-26
3496,8.0,-27.521720176399995,EXITOSO,2026-05-26
3497,845.0,18.47785715553546,EXITOSO,2026-05-26
3498,200.0,100.89743727712639,EXITOSO,2026-05-26
3499,505.0,-5.799653419662988,EXITOSO,2026-05-26
3500,87.0,37.122094376604934,EXITOSO,2026-05-26
3501,43.0,93.58309499247325,FALLIDO,2026-05-26
3502,385.0,57.66285826982585,EXITOSO,2026-05-26
3503,621.0,105.14826883401282,INVALIDO,2026-05-26
3504,435.0,-21.395819337980143,EXITOSO,2026-05-26
3505,408.0,47.135636498759375,EXITOSO,2026-05-26
3506,483.0,113.48708665419997,EXITOSO,2026-05-26
3507,664.0,14.924734154713391,EXITOSO,2026-05-26
3508,17.0,101.39239373552344,EXITOSO,2026-05-26
3509,645.0,50.57238467759352,EXITOSO,2026-05-26
3510,148.0,77.36517700223692,EXITOSO,2026-05-26
3511,277.0,110.58627628090164,FALLIDO,2026-05-26
3512,232.0,77.19344604192355,EXITOSO,2026-05-26
3513,826.0,36.35001762522535,EXITOSO,2026-05-26
3514,927.0,82.48251008500912,EXITOSO,2026-05-26
3515,366.0,33.52800618875979,FALLIDO,2026-05-26
3516,228.0,70.93467411141552,EXITOSO,2026-05-26
3517,651.0,9.926281623009096,EXITOSO,2026-05-26
3518,436.0,61.163786936491796,EXITOSO,2026-05-26
3519,399.0,107.57172313155058,EXITOSO,2026-05-26
3520,211.0,48.04921109739766,EXITOSO,2026-05-26
3521,391.0,103.74761755397245,EXITOSO,2026-05-26
3522,499.0,183.7371812268362,EXITOSO,2026-05-26
3523,540.0,58.8421074075515,EXITOSO,2026-05-26
3524,563.0,84.56768624967941,EXITOSO,2026-05-26
3525,491.0,79.07450339528228,EXITOSO,2026-05-26
3526,442.0,69.00414636696314,FALLIDO,2026-05-26
3527,261.0,91.51584096635584,EXITOSO,2026-05-26
3528,773.0,50.07619872509348,EXITOSO,2026-05-26
3529,350.0,33.498235989018305,EXITOSO,2026-05-26
3530,352.0,-1.0529108572203256,EXITOSO,2026-05-26
3531,520.0,46.28966027652685,FALLIDO,2026-05-26
3532,320.0,96.05736660541469,EXITOSO,2026-05-26
3533,138.0,22.408115552274744,EXITOSO,2026-05-26
3534,550.0,69.8671158613103,EXITOSO,2026-05-26
3535,623.0,55.07560545876277,EXITOSO,2026-05-26
3536,992.0,35.17127507829609,EXITOSO,2026-05-26
3537,368.0,-14.121613190130674,EXITOSO,2026-05-26
3538,220.0,114.51418796483146,EXITOSO,2026-05-26
3539,337.0,80.68762121533514,EXITOSO,2026-05-26
3540,223.0,166.6115131083704,EXITOSO,2026-05-26
3541,648.0,103.17652055830166,INVALIDO,2026-05-26
3542,768.0,113.62175914594191,EXITOSO,2026-05-26
3543,360.0,-9.97414924093593,EXITOSO,2026-05-26
3544,921.0,-10.673414582462371,EXITOSO,2026-05-26
3545,329.0,61.69248244210348,EXITOSO,2026-05-26
3546,962.0,14.075383060747498,FALLIDO,2026-05-26
3547,463.0,32.74852612623898,EXITOSO,2026-05-26
3548,946.0,161.05056720499874,INVALIDO,2026-05-26
3549,963.0,107.59504686727445,EXITOSO,2026-05-26
3550,561.0,22.57377830672815,EXITOSO,2026-05-26
3551,804.0,-34.64482054279502,EXITOSO,2026-05-26
3552,382.0,19.202506475837993,EXITOSO,2026-05-26
3553,836.0,37.7122222824511,EXITOSO,2026-05-26
3554,590.0,47.149453229596965,FALLIDO,2026-05-26
3555,617.0,8.838149956935162,EXITOSO,2026-05-26
3556,169.0,105.19402369323178,FALLIDO,2026-05-26
3557,217.0,31.541568245669865,EXITOSO,2026-05-26
3558,378.0,85.94310690410838,EXITOSO,2026-05-26
3559,119.0,62.15549687564088,EXITOSO,2026-05-26
3560,190.0,97.5390822034417,EXITOSO,2026-05-26
3561,767.0,50.48318686227818,FALLIDO,2026-05-26
3562,370.0,23.00054245368119,EXITOSO,2026-05-26
3563,778.0,36.05651183592137,EXITOSO,2026-05-26
3564,149.0,36.620595425687824,EXITOSO,2026-05-26
3565,676.0,142.58202206304935,FALLIDO,2026-05-26
3566,652.0,63.06021087357153,EXITOSO,2026-05-26
3567,859.0,60.18531258815509,EXITOSO,2026-05-26
3568,488.0,95.28106162834197,EXITOSO,2026-05-26
3569,770.0,59.99720580983483,EXITOSO,2026-05-26
3570,374.0,104.8670527725748,EXITOSO,2026-05-26
3571,781.0,45.116889571955426,EXITOSO,2026-05-26
3572,693.0,41.054409983492434,EXITOSO,2026-05-26
3573,160.0,20.78906015940688,EXITOSO,2026-05-26
3574,351.0,134.00189320202804,FALLIDO,2026-05-26
3575,912.0,57.20700704937581,EXITOSO,2026-05-26
3576,288.0,13.038301615140185,FALLIDO,2026-05-26
3577,288.0,67.87308887916872,EXITOSO,2026-05-26
3578,892.0,33.99784491746237,EXITOSO,2026-05-26
3579,226.0,44.41595074184276,EXITOSO,2026-05-26
3580,523.0,72.43013726910873,EXITOSO,2026-05-26
3581,522.0,120.83940961016404,FALLIDO,2026-05-26
3582,783.0,64.06341432692163,INVALIDO,2026-05-26
3583,273.0,31.558529181793965,EXITOSO,2026-05-26
3584,936.0,39.80340630823089,FALLIDO,2026-05-26
3585,402.0,86.25788747641874,EXITOSO,2026-05-26
3586,183.0,-18.33363663147763,FALLIDO,2026-05-26
3587,969.0,18.292708948156317,EXITOSO,2026-05-26
3588,665.0,68.5058430478936,FALLIDO,2026-05-26
3589,488.0,-8.266783094989933,FALLIDO,2026-05-26
3590,827.0,47.49928483460545,EXITOSO,2026-05-26
3591,846.0,40.86939857369936,EXITOSO,2026-05-26
3592,124.0,95.09794088302671,EXITOSO,2026-05-26
3593,985.0,49.98870667523201,EXITOSO,2026-05-26
3594,626.0,107.46765530412188,EXITOSO,2026-05-26
3595,790.0,63.15492092952244,EXITOSO,2026-05-26
3596,414.0,131.05804523237066,EXITOSO,2026-05-26
3597,980.0,4.500441424329146,EXITOSO,2026-05-26
3598,725.0,124.6850736507191,EXITOSO,2026-05-26
3599,172.0,43.554913750824426,EXITOSO,2026-05-26
3600,288.0,118.95798804905638,EXITOSO,2026-05-26
3601,435.0,107.40938799540658,EXITOSO,2026-05-26
3602,686.0,-54.076313631307016,EXITOSO,2026-05-26
3603,113.0,79.16672841279357,EXITOSO,2026-05-26
3604,888.0,99.90479051231591,EXITOSO,2026-05-26
3605,917.0,113.14370946684467,EXITOSO,2026-05-26
3606,995.0,12.934512568823095,EXITOSO,2026-05-26
3607,122.0,83.6137158805692,FALLIDO,2026-05-26
3608,544.0,67.80294714662912,EXITOSO,2026-05-26
3609,222.0,77.25635867865299,FALLIDO,2026-05-26
3610,631.0,99.95745946372074,EXITOSO,2026-05-26
3611,39.0,106.26839410905737,FALLIDO,2026-05-26
3612,497.0,33.77028180942115,EXITOSO,2026-05-26
3613,780.0,70.61677327386626,EXITOSO,2026-05-26
3614,233.0,61.645412688485116,FALLIDO,2026-05-26
3615,943.0,50.4258951092138,EXITOSO,2026-05-26
3616,530.0,54.24899155323837,FALLIDO,2026-05-26
3617,149.0,67.83948968226547,EXITOSO,2026-05-26
3618,397.0,35.92073590130934,EXITOSO,2026-05-26
3619,661.0,95.32147114123522,EXITOSO,2026-05-26
3620,638.0,110.77233153167398,FALLIDO,2026-05-26
3621,904.0,27.176937776564174,EXITOSO,2026-05-26
3622,302.0,112.73319551756488,EXITOSO,2026-05-26
3623,360.0,27.252263030954367,EXITOSO,2026-05-26
3624,238.0,95.9114764675914,FALLIDO,2026-05-26
3625,647.0,112.65915242362271,EXITOSO,2026-05-26
3626,663.0,56.219572156806436,FALLIDO,2026-05-26
3627,236.0,27.58009032064885,EXITOSO,2026-05-26
3628,736.0,36.452680091534816,EXITOSO,2026-05-26
3629,203.0,74.47427462595427,EXITOSO,2026-05-26
3630,256.0,138.58617649639856,EXITOSO,2026-05-26
3631,598.0,-7.709313641468398,EXITOSO,2026-05-26
3632,662.0,64.0096785924791,EXITOSO,2026-05-26
3633,235.0,56.47711403611952,EXITOSO,2026-05-26
3634,345.0,41.739129529275615,EXITOSO,2026-05-26
3635,534.0,56.768722330855404,EXITOSO,2026-05-26
3636,860.0,38.3121271260369,EXITOSO,2026-05-26
3637,797.0,109.72621647449631,EXITOSO,2026-05-26
3638,781.0,113.69975226666901,EXITOSO,2026-05-26
3639,466.0,63.525410845880906,EXITOSO,2026-05-26
3640,770.0,54.35419946054839,EXITOSO,2026-05-26
3641,541.0,40.27853309491739,FALLIDO,2026-05-26
3642,213.0,63.61125351010706,EXITOSO,2026-05-26
3643,463.0,133.91324115470502,FALLIDO,2026-05-26
3644,436.0,55.85063055194567,EXITOSO,2026-05-26
3645,283.0,26.422704078949614,FALLIDO,2026-05-26
3646,562.0,44.089524346125955,EXITOSO,2026-05-26
3647,607.0,90.1387984707552,EXITOSO,2026-05-26
3648,463.0,31.2905318380958,EXITOSO,2026-05-26
3649,407.0,58.65175621349904,EXITOSO,2026-05-26
3650,88.0,78.91532540650957,EXITOSO,2026-05-26
3651,44.0,34.32548575787893,EXITOSO,2026-05-26
3652,461.0,-10.576228830602062,EXITOSO,2026-05-26
3653,278.0,17.144581445875914,FALLIDO,2026-05-26
3654,683.0,25.64933964508105,INVALIDO,2026-05-26
3655,421.0,50.84690776573435,EXITOSO,2026-05-26
3656,701.0,61.771986455811096,EXITOSO,2026-05-26
3657,353.0,92.94805189508446,INVALIDO,2026-05-26
3658,696.0,10.909759653411719,FALLIDO,2026-05-26
3659,515.0,87.13147482828701,EXITOSO,2026-05-26
3660,703.0,45.16305955400794,EXITOSO,2026-05-26
3661,630.0,-11.421891955273907,EXITOSO,2026-05-26
3662,19.0,60.542946375368196,INVALIDO,2026-05-26
3663,23.0,112.65070205999874,EXITOSO,2026-05-26
3664,413.0,95.32458206633932,EXITOSO,2026-05-26
3665,30.0,56.94918355911731,EXITOSO,2026-05-26
3666,807.0,105.03082464515003,FALLIDO,2026-05-26
3667,108.0,67.6889072218922,EXITOSO,2026-05-26
3668,367.0,99.24755311289752,EXITOSO,2026-05-26
3669,281.0,-6.46409339875207,EXITOSO,2026-05-26
3670,128.0,10.013087389589408,FALLIDO,2026-05-26
3671,229.0,89.16143942290878,EXITOSO,2026-05-26
3672,111.0,121.57129977379294,EXITOSO,2026-05-26
3673,136.0,76.69182923650023,EXITOSO,2026-05-26
3674,362.0,40.10652506496791,EXITOSO,2026-05-26
3675,186.0,25.97936565706842,EXITOSO,2026-05-26
3676,656.0,47.387393456207676,EXITOSO,2026-05-26
3677,584.0,108.5454796686706,EXITOSO,2026-05-26
3678,129.0,46.298918468504226,FALLIDO,2026-05-26
3679,876.0,101.91044965549676,EXITOSO,2026-05-26
3680,261.0,86.10292501818179,EXITOSO,2026-05-26
3681,515.0,128.55703201707973,EXITOSO,2026-05-26
3682,449.0,68.0104748614603,EXITOSO,2026-05-26
3683,900.0,58.01614555271835,EXITOSO,2026-05-26
3684,104.0,103.90688422721071,EXITOSO,2026-05-26
3685,483.0,22.589488188079265,EXITOSO,2026-05-26
3686,224.0,42.23932091556251,EXITOSO,2026-05-26
3687,832.0,-7.200189821193931,EXITOSO,2026-05-26
3688,874.0,9.827017638080179,EXITOSO,2026-05-26
3689,866.0,136.93487518919238,EXITOSO,2026-05-26
3690,491.0,87.69258294562799,EXITOSO,2026-05-26
3691,473.0,5.171936681082613,EXITOSO,2026-05-26
3692,10.0,107.7931597850822,EXITOSO,2026-05-26
3693,405.0,31.852098152186276,EXITOSO,2026-05-26
3694,896.0,85.63802433333588,EXITOSO,2026-05-26
3695,302.0,85.04054417582685,EXITOSO,2026-05-26
3696,231.0,126.59962800330796,FALLIDO,2026-05-26
3697,731.0,38.490809979981805,EXITOSO,2026-05-26
3698,923.0,30.39082451279861,EXITOSO,2026-05-26
3699,66.0,-47.56170059033835,FALLIDO,2026-05-26
3700,937.0,55.12907493227312,EXITOSO,2026-05-26
3701,112.0,89.01319327936932,EXITOSO,2026-05-26
3702,13.0,94.47895341077893,INVALIDO,2026-05-26
3703,393.0,110.09597518515035,EXITOSO,2026-05-26
3704,500.0,71.59222967993574,EXITOSO,2026-05-26
3705,932.0,80.19124472956668,EXITOSO,2026-05-26
3706,598.0,62.72481762854457,EXITOSO,2026-05-26
3707,234.0,88.29819342211604,EXITOSO,2026-05-26
3708,602.0,22.6303057160004,EXITOSO,2026-05-26
3709,314.0,3.661406763389941,EXITOSO,2026-05-26
3710,566.0,26.85047962234868,EXITOSO,2026-05-26
3711,12.0,68.54494870346628,EXITOSO,2026-05-26
3712,209.0,7.983013367790107,FALLIDO,2026-05-26
3713,974.0,34.67023361583247,EXITOSO,2026-05-26
3714,14.0,35.94822867859337,EXITOSO,2026-05-26
3715,633.0,91.27284843861824,EXITOSO,2026-05-26
3716,418.0,86.40381842121516,EXITOSO,2026-05-26
3717,437.0,62.819443690356685,EXITOSO,2026-05-26
3718,377.0,78.04259526550227,EXITOSO,2026-05-26
3719,20.0,78.83161775867882,EXITOSO,2026-05-26
3720,587.0,45.45521771468114,INVALIDO,2026-05-26
3721,912.0,38.30002774449086,EXITOSO,2026-05-26
3722,755.0,121.46745662489484,EXITOSO,2026-05-26
3723,735.0,-39.565112192092954,EXITOSO,2026-05-26
3724,70.0,30.347865242509897,EXITOSO,2026-05-26
3725,824.0,51.84869914360375,FALLIDO,2026-05-26
3726,211.0,82.39805709277388,EXITOSO,2026-05-26
3727,101.0,105.42026104412767,FALLIDO,2026-05-26
3728,698.0,134.26926416752588,EXITOSO,2026-05-26
3729,132.0,56.331572685194786,EXITOSO,2026-05-26
3730,623.0,59.010575012406655,EXITOSO,2026-05-26
3731,381.0,74.50440242460719,EXITOSO,2026-05-26
3732,132.0,38.755162466843124,EXITOSO,2026-05-26
3733,20.0,12.630509117764994,EXITOSO,2026-05-26
3734,906.0,56.149981349439265,EXITOSO,2026-05-26
3735,536.0,89.81489168007191,INVALIDO,2026-05-26
3736,227.0,50.283062152940765,INVALIDO,2026-05-26
3737,154.0,76.53741554872373,EXITOSO,2026-05-26
3738,805.0,-14.752692514861451,FALLIDO,2026-05-26
3739,742.0,60.73618493677834,EXITOSO,2026-05-26
3740,469.0,43.862136371427,EXITOSO,2026-05-26
3741,822.0,8.995049780352595,EXITOSO,2026-05-26
3742,871.0,86.28850014339389,EXITOSO,2026-05-26
3743,405.0,133.8258227709726,FALLIDO,2026-05-26
3744,202.0,99.59835702723541,EXITOSO,2026-05-26
3745,38.0,102.14996021913758,EXITOSO,2026-05-26
3746,942.0,88.49908138467217,EXITOSO,2026-05-26
3747,772.0,85.85805798584879,EXITOSO,2026-05-26
3748,188.0,-11.977277423020638,EXITOSO,2026-05-26
3749,57.0,54.88196199712044,EXITOSO,2026-05-26
3750,941.0,80.3467906658347,EXITOSO,2026-05-26
3751,20.0,81.2561912480347,EXITOSO,2026-05-26
3752,273.0,110.86824757078818,EXITOSO,2026-05-26
3753,119.0,18.70409401467284,EXITOSO,2026-05-26
3754,583.0,84.29086461630794,EXITOSO,2026-05-26
3755,516.0,17.398359840295463,FALLIDO,2026-05-26
3756,221.0,51.53201640643759,EXITOSO,2026-05-26
3757,526.0,57.52147971058897,EXITOSO,2026-05-26
3758,515.0,94.50283656195806,EXITOSO,2026-05-26
3759,728.0,89.79813553601377,EXITOSO,2026-05-26
3760,741.0,64.81322350846555,EXITOSO,2026-05-26
3761,336.0,-26.08150084882837,INVALIDO,2026-05-26
3762,698.0,77.79334931968215,EXITOSO,2026-05-26
3763,55.0,49.29294091844851,INVALIDO,2026-05-26
3764,500.0,115.67223566476402,FALLIDO,2026-05-26
3765,900.0,106.13974177361476,FALLIDO,2026-05-26
3766,888.0,22.479083723773684,EXITOSO,2026-05-26
3767,766.0,83.28696955962342,FALLIDO,2026-05-26
3768,536.0,84.07642424641617,EXITOSO,2026-05-26
3769,162.0,81.16734318467704,EXITOSO,2026-05-26
3770,670.0,75.98324298982395,EXITOSO,2026-05-26
3771,594.0,85.20618345873001,EXITOSO,2026-05-26
3772,915.0,120.05943262295985,EXITOSO,2026-05-26
3773,159.0,37.94478667093854,EXITOSO,2026-05-26
3774,188.0,23.76761506971519,FALLIDO,2026-05-26
3775,60.0,91.30860542022013,EXITOSO,2026-05-26
3776,915.0,-15.334483785246334,EXITOSO,2026-05-26
3777,817.0,86.16095442251482,EXITOSO,2026-05-26
3778,319.0,79.07755874168188,FALLIDO,2026-05-26
3779,878.0,-33.820100944488956,EXITOSO,2026-05-26
3780,211.0,34.54653361558539,EXITOSO,2026-05-26
3781,406.0,123.03898102431937,EXITOSO,2026-05-26
3782,664.0,1.7129387713624027,EXITOSO,2026-05-26
3783,109.0,68.50366459797715,EXITOSO,2026-05-26
3784,76.0,19.803788000248616,EXITOSO,2026-05-26
3785,542.0,31.642147837529375,EXITOSO,2026-05-26
3786,314.0,136.65275281709353,EXITOSO,2026-05-26
3787,998.0,64.93777383144558,FALLIDO,2026-05-26
3788,117.0,80.67802754251693,EXITOSO,2026-05-26
3789,927.0,55.501416942939436,EXITOSO,2026-05-26
3790,868.0,-0.6053325639049234,EXITOSO,2026-05-26
3791,704.0,12.603071724093553,EXITOSO,2026-05-26
3792,19.0,107.13721302568929,FALLIDO,2026-05-26
3793,432.0,66.11568593382938,EXITOSO,2026-05-26
3794,685.0,29.188465761740616,EXITOSO,2026-05-26
3795,740.0,59.1179279497256,EXITOSO,2026-05-26
3796,350.0,86.46391853135793,EXITOSO,2026-05-26
3797,183.0,78.17955390333252,EXITOSO,2026-05-26
3798,113.0,29.208431991366183,FALLIDO,2026-05-26
3799,183.0,-3.012131157486138,FALLIDO,2026-05-26
3800,481.0,43.71813827113816,EXITOSO,2026-05-26
3801,146.0,104.36194543746828,EXITOSO,2026-05-26
3802,831.0,94.17507860428842,EXITOSO,2026-05-26
3803,628.0,76.4161305970065,EXITOSO,2026-05-26
3804,113.0,53.16478354135554,EXITOSO,2026-05-26
3805,763.0,39.3301295175753,EXITOSO,2026-05-26
3806,476.0,53.90686382182561,EXITOSO,2026-05-26
3807,763.0,91.27086657208484,EXITOSO,2026-05-26
3808,303.0,100.40762448943045,EXITOSO,2026-05-26
3809,971.0,49.52852940310929,EXITOSO,2026-05-26
3810,825.0,161.44925238110375,EXITOSO,2026-05-26
3811,118.0,63.69615103108225,EXITOSO,2026-05-26
3812,813.0,46.12178200260393,EXITOSO,2026-05-26
3813,161.0,119.02677754438203,EXITOSO,2026-05-26
3814,401.0,-21.531861190491014,EXITOSO,2026-05-26
3815,198.0,79.20134778261422,EXITOSO,2026-05-26
3816,260.0,57.08806429466812,EXITOSO,2026-05-26
3817,660.0,117.92737279485434,FALLIDO,2026-05-26
3818,752.0,84.19693434600768,EXITOSO,2026-05-26
3819,47.0,65.56408679366633,EXITOSO,2026-05-26
3820,987.0,86.50535190186196,EXITOSO,2026-05-26
3821,399.0,17.776707515169917,EXITOSO,2026-05-26
3822,710.0,98.67279337915436,EXITOSO,2026-05-26
3823,559.0,6.216569719461155,FALLIDO,2026-05-26
3824,78.0,74.33989523257459,EXITOSO,2026-05-26
3825,124.0,61.424573643440986,FALLIDO,2026-05-26
3826,75.0,-10.52218305485701,EXITOSO,2026-05-26
3827,871.0,62.75768232384198,EXITOSO,2026-05-26
3828,137.0,71.27947006825194,EXITOSO,2026-05-26
3829,602.0,33.80496104168836,EXITOSO,2026-05-26
3830,400.0,19.503120046295678,EXITOSO,2026-05-26
3831,837.0,79.68709613713588,EXITOSO,2026-05-26
3832,505.0,74.49260004643239,EXITOSO,2026-05-26
3833,500.0,69.07276357016174,EXITOSO,2026-05-26
3834,573.0,60.353670894195346,EXITOSO,2026-05-26
3835,138.0,37.33747932097613,EXITOSO,2026-05-26
3836,50.0,150.88725810659074,FALLIDO,2026-05-26
3837,771.0,48.066766390076474,EXITOSO,2026-05-26
3838,973.0,25.39546546124867,EXITOSO,2026-05-26
3839,619.0,62.17709100840535,EXITOSO,2026-05-26
3840,625.0,52.7623581475553,EXITOSO,2026-05-26
3841,862.0,47.13948766334038,EXITOSO,2026-05-26
3842,254.0,134.97104362423943,EXITOSO,2026-05-26
3843,630.0,14.810087279815711,EXITOSO,2026-05-26
3844,710.0,61.49748275174823,EXITOSO,2026-05-26
3845,849.0,17.49307900285953,EXITOSO,2026-05-26
3846,877.0,38.35900914415886,INVALIDO,2026-05-26
3847,563.0,129.4446379958013,FALLIDO,2026-05-26
3848,757.0,71.25780222887573,FALLIDO,2026-05-26
3849,915.0,70.77482380753537,EXITOSO,2026-05-26
3850,426.0,22.420750874885826,EXITOSO,2026-05-26
3851,547.0,43.01513765132873,EXITOSO,2026-05-26
3852,302.0,132.92486086234013,EXITOSO,2026-05-26
3853,922.0,79.97448985747644,EXITOSO,2026-05-26
3854,581.0,46.41140593428381,EXITOSO,2026-05-26
3855,349.0,77.62429027879756,FALLIDO,2026-05-26
3856,832.0,70.70655452844835,EXITOSO,2026-05-26
3857,933.0,26.422413845924943,EXITOSO,2026-05-26
3858,980.0,45.24767005911704,EXITOSO,2026-05-26
3859,49.0,150.18144408431462,EXITOSO,2026-05-26
3860,917.0,75.68010333786565,EXITOSO,2026-05-26
3861,74.0,-2.761680452381711,EXITOSO,2026-05-26
3862,704.0,80.40840592985644,EXITOSO,2026-05-26
3863,261.0,112.12353092111785,EXITOSO,2026-05-26
3864,356.0,23.824872793890897,EXITOSO,2026-05-26
3865,582.0,41.72630813266079,EXITOSO,2026-05-26
3866,602.0,118.15083819834072,EXITOSO,2026-05-26
3867,260.0,61.396498753049215,EXITOSO,2026-05-26
3868,638.0,54.2848710883484,EXITOSO,2026-05-26
3869,743.0,6.557678804860842,EXITOSO,2026-05-26
3870,295.0,102.82265233923468,EXITOSO,2026-05-26
3871,931.0,52.46123852997492,EXITOSO,2026-05-26
3872,641.0,-26.839317406270766,INVALIDO,2026-05-26
3873,792.0,-2.9055005906501634,EXITOSO,2026-05-26
3874,313.0,37.53677539269209,EXITOSO,2026-05-26
3875,612.0,17.08630827349458,EXITOSO,2026-05-26
3876,838.0,23.361529852000864,EXITOSO,2026-05-26
3877,809.0,153.78679581213723,EXITOSO,2026-05-26
3878,182.0,88.30092054664416,EXITOSO,2026-05-26
3879,686.0,-43.09380091977373,EXITOSO,2026-05-26
3880,828.0,47.4271235511799,EXITOSO,2026-05-26
3881,364.0,56.42026370584527,EXITOSO,2026-05-26
3882,188.0,0.9226426425346261,EXITOSO,2026-05-26
3883,569.0,81.37545222143771,EXITOSO,2026-05-26
3884,543.0,-21.65557300559675,EXITOSO,2026-05-26
3885,596.0,103.87787831081482,EXITOSO,2026-05-26
3886,664.0,117.66119926891535,FALLIDO,2026-05-26
3887,985.0,154.10340315828012,EXITOSO,2026-05-26
3888,548.0,-2.973170169316518,EXITOSO,2026-05-26
3889,725.0,5.1641056599945685,EXITOSO,2026-05-26
3890,926.0,87.70688137010924,EXITOSO,2026-05-26
3891,408.0,107.30720220263909,EXITOSO,2026-05-26
3892,876.0,92.35810645434289,EXITOSO,2026-05-26
3893,618.0,103.18868028777042,EXITOSO,2026-05-26
3894,414.0,115.07309447860136,EXITOSO,2026-05-26
3895,342.0,68.09001582116932,EXITOSO,2026-05-26
3896,220.0,51.498003463176296,INVALIDO,2026-05-26
3897,903.0,5.272911682983846,FALLIDO,2026-05-26
3898,163.0,48.07578379136805,EXITOSO,2026-05-26
3899,951.0,54.204463906764154,EXITOSO,2026-05-26
3900,220.0,22.012617067029794,FALLIDO,2026-05-26
3901,270.0,58.47103195371744,EXITOSO,2026-05-26
3902,632.0,17.504841316820688,EXITOSO,2026-05-26
3903,906.0,104.53329345388678,EXITOSO,2026-05-26
3904,848.0,77.0329787671664,EXITOSO,2026-05-26
3905,400.0,41.61585244646744,EXITOSO,2026-05-26
3906,182.0,67.5536243130434,INVALIDO,2026-05-26
3907,991.0,15.796409505674006,EXITOSO,2026-05-26
3908,618.0,19.852289475229455,EXITOSO,2026-05-26
3909,729.0,34.6458144689111,EXITOSO,2026-05-26
3910,205.0,52.32287718363596,EXITOSO,2026-05-26
3911,582.0,65.64807249956095,INVALIDO,2026-05-26
3912,556.0,65.80625467584022,EXITOSO,2026-05-26
3913,841.0,7.248893340107983,EXITOSO,2026-05-26
3914,813.0,56.77084468431367,EXITOSO,2026-05-26
3915,228.0,27.277787176737817,EXITOSO,2026-05-26
3916,696.0,-76.35866949802536,EXITOSO,2026-05-26
3917,619.0,183.02342126091798,EXITOSO,2026-05-26
3918,596.0,28.053970961883543,EXITOSO,2026-05-26
3919,850.0,30.27391383420778,EXITOSO,2026-05-26
3920,250.0,6.142555105576328,EXITOSO,2026-05-26
3921,875.0,17.700281812113047,EXITOSO,2026-05-26
3922,441.0,52.45310740343534,EXITOSO,2026-05-26
3923,533.0,114.07253296480113,EXITOSO,2026-05-26
3924,196.0,52.2260531380928,FALLIDO,2026-05-26
3925,690.0,47.05750763061301,FALLIDO,2026-05-26
3926,929.0,108.01095908085551,EXITOSO,2026-05-26
3927,987.0,39.024138778596665,EXITOSO,2026-05-26
3928,519.0,60.845975823026635,EXITOSO,2026-05-26
3929,70.0,23.137197391480747,EXITOSO,2026-05-26
3930,639.0,127.40534003810279,EXITOSO,2026-05-26
3931,399.0,101.94040960143386,EXITOSO,2026-05-26
3932,978.0,53.880505218665334,INVALIDO,2026-05-26
3933,672.0,44.02226872517096,EXITOSO,2026-05-26
3934,760.0,58.72642173453045,EXITOSO,2026-05-26
3935,203.0,54.46469685556797,EXITOSO,2026-05-26
3936,148.0,-1.8727866129069355,EXITOSO,2026-05-26
3937,472.0,103.30669805701498,EXITOSO,2026-05-26
3938,655.0,50.914488790224574,FALLIDO,2026-05-26
3939,944.0,135.93361504184583,EXITOSO,2026-05-26
3940,199.0,76.87262843050328,EXITOSO,2026-05-26
3941,917.0,-40.84346600518771,EXITOSO,2026-05-26
3942,426.0,8.735062006037978,FALLIDO,2026-05-26
3943,666.0,-25.84220426873044,EXITOSO,2026-05-26
3944,492.0,8.238077827244076,EXITOSO,2026-05-26
3945,888.0,-5.344066967575202,EXITOSO,2026-05-26
3946,896.0,70.10269961527362,EXITOSO,2026-05-26
3947,142.0,47.35658633574897,EXITOSO,2026-05-26
3948,313.0,89.62159672115556,EXITOSO,2026-05-26
3949,165.0,58.47601669304154,EXITOSO,2026-05-26
3950,314.0,50.3876372742066,INVALIDO,2026-05-26
3951,21.0,140.12827797077375,EXITOSO,2026-05-26
3952,82.0,68.9129053543401,EXITOSO,2026-05-26
3953,581.0,56.779539299897024,EXITOSO,2026-05-26
3954,131.0,25.862363197278277,EXITOSO,2026-05-26
3955,599.0,12.963459373214903,EXITOSO,2026-05-26
3956,730.0,90.82004073568406,EXITOSO,2026-05-26
3957,933.0,88.42783991339437,EXITOSO,2026-05-26
3958,984.0,122.86314955796,EXITOSO,2026-05-26
3959,305.0,79.15646373211263,EXITOSO,2026-05-26
3960,915.0,44.275886502418174,EXITOSO,2026-05-26
3961,371.0,80.44041115081268,EXITOSO,2026-05-26
3962,857.0,56.78797591184237,EXITOSO,2026-05-26
3963,853.0,94.6154053629508,EXITOSO,2026-05-26
3964,384.0,113.37327307408175,EXITOSO,2026-05-26
3965,908.0,53.25774614464849,EXITOSO,2026-05-26
3966,445.0,130.29238559258957,EXITOSO,2026-05-26
3967,425.0,107.53389070486078,FALLIDO,2026-05-26
3968,161.0,60.707373577242834,EXITOSO,2026-05-26
3969,178.0,86.82973100231754,FALLIDO,2026-05-26
3970,629.0,72.21987547920735,EXITOSO,2026-05-26
3971,708.0,60.87975971217175,EXITOSO,2026-05-26
3972,895.0,136.5258022589204,EXITOSO,2026-05-26
3973,490.0,80.70417843962765,EXITOSO,2026-05-26
3974,327.0,26.36126557475761,EXITOSO,2026-05-26
3975,598.0,18.881212922855653,EXITOSO,2026-05-26
3976,289.0,20.5161231819109,EXITOSO,2026-05-26
3977,593.0,79.58018003672693,EXITOSO,2026-05-26
3978,664.0,46.3394531072377,EXITOSO,2026-05-26
3979,573.0,73.3317486645111,EXITOSO,2026-05-26
3980,573.0,97.45585139845491,EXITOSO,2026-05-26
3981,354.0,141.14854121729155,EXITOSO,2026-05-26
3982,28.0,47.26107065246572,EXITOSO,2026-05-26
3983,954.0,3.6579757066707828,EXITOSO,2026-05-26
3984,43.0,131.69608261322907,EXITOSO,2026-05-26
3985,681.0,1.715967107237148,EXITOSO,2026-05-26
3986,423.0,0.14285170176832196,EXITOSO,2026-05-26
3987,598.0,130.6580103986759,EXITOSO,2026-05-26
3988,177.0,102.64926110949918,FALLIDO,2026-05-26
3989,529.0,79.39361364904728,EXITOSO,2026-05-26
3990,610.0,58.00316010186104,EXITOSO,2026-05-26
3991,966.0,50.431839304189836,EXITOSO,2026-05-26
3992,494.0,33.96695900022645,EXITOSO,2026-05-26
3993,198.0,48.678273028983355,EXITOSO,2026-05-26
3994,610.0,58.103384758771114,EXITOSO,2026-05-26
3995,577.0,5.022004322423129,EXITOSO,2026-05-26
3996,842.0,27.190859361101758,EXITOSO,2026-05-26
3997,853.0,-24.47672995456783,EXITOSO,2026-05-26
3998,517.0,63.11709808401253,EXITOSO,2026-05-26
3999,514.0,63.124048043373065,EXITOSO,2026-05-26
4000,22.0,131.14061745060718,EXITOSO,2026-05-26
4001,112.0,75.02219688130236,EXITOSO,2026-05-26
4002,57.0,37.75831732338487,EXITOSO,2026-05-26
4003,66.0,51.98579993201068,EXITOSO,2026-05-26
4004,842.0,79.47289250044406,EXITOSO,2026-05-26
4005,98.0,69.10450506180007,EXITOSO,2026-05-26
4006,144.0,83.13143676846393,EXITOSO,2026-05-26
4007,880.0,75.0817909415174,EXITOSO,2026-05-26
4008,435.0,49.89422939239997,INVALIDO,2026-05-26
4009,637.0,38.568268357080015,EXITOSO,2026-05-26
4010,679.0,36.41751184160135,EXITOSO,2026-05-26
4011,86.0,22.98914861511765,EXITOSO,2026-05-26
4012,588.0,16.715228649018982,FALLIDO,2026-05-26
4013,344.0,133.538557234499,EXITOSO,2026-05-26
4014,936.0,64.98840606584223,EXITOSO,2026-05-26
4015,294.0,53.78794195566662,EXITOSO,2026-05-26
4016,956.0,40.16462735308375,EXITOSO,2026-05-26
4017,571.0,77.15516437323731,EXITOSO,2026-05-26
4018,650.0,108.14655544224293,EXITOSO,2026-05-26
4019,611.0,88.9305790502296,EXITOSO,2026-05-26
4020,704.0,96.86356349246041,EXITOSO,2026-05-26
4021,243.0,36.53884871264085,EXITOSO,2026-05-26
4022,831.0,59.834830328664815,EXITOSO,2026-05-26
4023,561.0,37.064875525641625,EXITOSO,2026-05-26
4024,960.0,64.28125595212968,EXITOSO,2026-05-26
4025,32.0,110.90364032232841,EXITOSO,2026-05-26
4026,391.0,77.57615379615366,EXITOSO,2026-05-26
4027,277.0,125.06857463984207,EXITOSO,2026-05-26
4028,532.0,48.459055581994335,EXITOSO,2026-05-26
4029,154.0,27.721557839318123,EXITOSO,2026-05-26
4030,383.0,80.48513946777118,FALLIDO,2026-05-26
4031,68.0,64.75433452891276,EXITOSO,2026-05-26
4032,878.0,72.9080901265867,EXITOSO,2026-05-26
4033,884.0,66.92880651865993,EXITOSO,2026-05-26
4034,214.0,40.62262506594095,FALLIDO,2026-05-26
4035,655.0,67.82944191079999,EXITOSO,2026-05-26
4036,376.0,98.93482143316683,FALLIDO,2026-05-26
4037,744.0,103.04430831607817,EXITOSO,2026-05-26
4038,213.0,40.41933603258513,EXITOSO,2026-05-26
4039,79.0,69.24023726921939,EXITOSO,2026-05-26
4040,726.0,119.0844433152635,EXITOSO,2026-05-26
4041,628.0,41.28437003761903,EXITOSO,2026-05-26
4042,604.0,34.02214402269793,EXITOSO,2026-05-26
4043,782.0,91.77611855875483,EXITOSO,2026-05-26
4044,923.0,84.75836827921916,FALLIDO,2026-05-26
4045,381.0,26.520956730715554,EXITOSO,2026-05-26
4046,680.0,4.021576121699539,FALLIDO,2026-05-26
4047,58.0,68.46224409185388,EXITOSO,2026-05-26
4048,796.0,43.256116085402944,EXITOSO,2026-05-26
4049,26.0,-7.363050185136544,EXITOSO,2026-05-26
4050,881.0,32.511899046061416,EXITOSO,2026-05-26
4051,447.0,84.104392601383,EXITOSO,2026-05-26
4052,66.0,53.94357156356021,EXITOSO,2026-05-26
4053,921.0,122.64416180074643,EXITOSO,2026-05-26
4054,760.0,-23.489496416749574,EXITOSO,2026-05-26
4055,254.0,113.51969485948595,EXITOSO,2026-05-26
4056,899.0,46.24386480935246,EXITOSO,2026-05-26
4057,968.0,40.46314656174479,EXITOSO,2026-05-26
4058,44.0,-2.047753465930114,FALLIDO,2026-05-26
4059,97.0,78.60327396571037,EXITOSO,2026-05-26
4060,554.0,-13.070479759742966,INVALIDO,2026-05-26
4061,227.0,92.71614578391669,EXITOSO,2026-05-26
4062,774.0,-0.5345626016704514,EXITOSO,2026-05-26
4063,679.0,5.771761590523575,EXITOSO,2026-05-26
4064,436.0,12.351415332692724,EXITOSO,2026-05-26
4065,791.0,31.362001304260104,EXITOSO,2026-05-26
4066,601.0,97.68303764398003,EXITOSO,2026-05-26
4067,379.0,120.15826134486616,EXITOSO,2026-05-26
4068,178.0,35.496258042398914,FALLIDO,2026-05-26
4069,427.0,58.13747594775737,EXITOSO,2026-05-26
4070,915.0,79.59669236290046,EXITOSO,2026-05-26
4071,709.0,46.827505450643784,EXITOSO,2026-05-26
4072,307.0,78.03030509171987,EXITOSO,2026-05-26
4073,779.0,59.83682113983875,EXITOSO,2026-05-26
4074,504.0,49.86160484973875,EXITOSO,2026-05-26
4075,268.0,3.2073722039161012,EXITOSO,2026-05-26
4076,586.0,65.96172791698679,EXITOSO,2026-05-26
4077,8.0,98.33502818592231,EXITOSO,2026-05-26
4078,920.0,28.868886090388692,FALLIDO,2026-05-26
4079,508.0,-18.730825367573175,FALLIDO,2026-05-26
4080,476.0,47.217974308187856,EXITOSO,2026-05-26
4081,297.0,120.39082579230077,EXITOSO,2026-05-26
4082,164.0,108.47799741951002,EXITOSO,2026-05-26
4083,485.0,36.78151176869657,EXITOSO,2026-05-26
4084,597.0,78.22060019959426,EXITOSO,2026-05-26
4085,72.0,84.54183652602268,EXITOSO,2026-05-26
4086,567.0,119.61352485958665,FALLIDO,2026-05-26
4087,905.0,-2.0232918480202144,EXITOSO,2026-05-26
4088,559.0,17.246870774814212,EXITOSO,2026-05-26
4089,911.0,-20.390214449466143,EXITOSO,2026-05-26
4090,944.0,32.86363206620511,EXITOSO,2026-05-26
4091,238.0,102.65222269875339,FALLIDO,2026-05-26
4092,104.0,37.61123360177277,EXITOSO,2026-05-26
4093,210.0,7.67244280718775,EXITOSO,2026-05-26
4094,554.0,69.06545669928393,EXITOSO,2026-05-26
4095,828.0,70.09475347149419,EXITOSO,2026-05-26
4096,468.0,19.318021881946628,EXITOSO,2026-05-26
4097,454.0,39.758163712608,EXITOSO,2026-05-26
4098,268.0,66.02306082582504,EXITOSO,2026-05-26
4099,386.0,89.83945986767155,EXITOSO,2026-05-26
4100,775.0,34.04510186043791,EXITOSO,2026-05-26
4101,848.0,28.280946131573018,EXITOSO,2026-05-26
4102,387.0,136.50218757727765,FALLIDO,2026-05-26
4103,877.0,49.038950770208885,FALLIDO,2026-05-26
4104,259.0,69.97737216856217,EXITOSO,2026-05-26
4105,283.0,85.9345982558252,FALLIDO,2026-05-26
4106,626.0,-11.47544140591684,EXITOSO,2026-05-26
4107,875.0,59.25892153205977,EXITOSO,2026-05-26
4108,40.0,-5.828651386946532,EXITOSO,2026-05-26
4109,486.0,54.76890204930392,EXITOSO,2026-05-26
4110,929.0,114.92495607345954,INVALIDO,2026-05-26
4111,220.0,20.06126693112224,EXITOSO,2026-05-26
4112,129.0,-6.656767589912931,EXITOSO,2026-05-26
4113,520.0,135.5074310746637,EXITOSO,2026-05-26
4114,613.0,14.117712983913123,FALLIDO,2026-05-26
4115,928.0,0.05684011092037622,EXITOSO,2026-05-26
4116,892.0,124.76126277560718,FALLIDO,2026-05-26
4117,688.0,12.541203128113814,EXITOSO,2026-05-26
4118,619.0,125.79656838914498,EXITOSO,2026-05-26
4119,613.0,70.96363312682618,EXITOSO,2026-05-26
4120,260.0,111.35828306693747,EXITOSO,2026-05-26
4121,990.0,67.44265344381003,EXITOSO,2026-05-26
4122,966.0,103.1880945891503,EXITOSO,2026-05-26
4123,366.0,23.262047096769308,EXITOSO,2026-05-26
4124,758.0,35.45588943906665,EXITOSO,2026-05-26
4125,787.0,-24.62045884378614,EXITOSO,2026-05-26
4126,544.0,98.87125911031404,EXITOSO,2026-05-26
4127,649.0,76.782773732614,EXITOSO,2026-05-26
4128,524.0,19.70701498682311,EXITOSO,2026-05-26
4129,907.0,-9.956081932716728,EXITOSO,2026-05-26
4130,814.0,71.27252594500574,FALLIDO,2026-05-26
4131,887.0,127.03818139088762,EXITOSO,2026-05-26
4132,16.0,54.48156309670706,EXITOSO,2026-05-26
4133,129.0,33.66215845913133,EXITOSO,2026-05-26
4134,575.0,22.517028794081277,EXITOSO,2026-05-26
4135,109.0,109.9739483106529,EXITOSO,2026-05-26
4136,887.0,28.83008702358901,EXITOSO,2026-05-26
4137,533.0,45.15283599929272,EXITOSO,2026-05-26
4138,670.0,101.66939631675118,EXITOSO,2026-05-26
4139,269.0,85.49926419345267,EXITOSO,2026-05-26
4140,162.0,46.68362680053285,EXITOSO,2026-05-26
4141,260.0,32.04092235002619,EXITOSO,2026-05-26
4142,924.0,118.62313158981524,EXITOSO,2026-05-26
4143,102.0,15.345212995760733,FALLIDO,2026-05-26
4144,506.0,51.58859259490464,EXITOSO,2026-05-26
4145,735.0,-0.2350594936920487,EXITOSO,2026-05-26
4146,571.0,107.55468711748141,EXITOSO,2026-05-26
4147,247.0,41.00456496467976,FALLIDO,2026-05-26
4148,640.0,32.01496805137377,EXITOSO,2026-05-26
4149,795.0,86.4664986153891,EXITOSO,2026-05-26
4150,837.0,2.9793851479143854,EXITOSO,2026-05-26
4151,537.0,85.41525524875362,EXITOSO,2026-05-26
4152,131.0,45.57828831729975,EXITOSO,2026-05-26
4153,353.0,11.788031408792222,EXITOSO,2026-05-26
4154,196.0,20.389481189527253,EXITOSO,2026-05-26
4155,793.0,32.6319960175305,EXITOSO,2026-05-26
4156,916.0,42.238252981450465,EXITOSO,2026-05-26
4157,930.0,12.058957046351459,EXITOSO,2026-05-26
4158,666.0,71.78063958272185,EXITOSO,2026-05-26
4159,382.0,11.01112064177326,EXITOSO,2026-05-26
4160,645.0,-34.60489812553155,EXITOSO,2026-05-26
4161,227.0,136.7847851519009,EXITOSO,2026-05-26
4162,701.0,67.91710196395867,FALLIDO,2026-05-26
4163,476.0,140.379663665823,EXITOSO,2026-05-26
4164,477.0,18.253625998917997,EXITOSO,2026-05-26
4165,265.0,79.19178857151994,EXITOSO,2026-05-26
4166,372.0,95.7843479545304,EXITOSO,2026-05-26
4167,486.0,52.42614967306976,EXITOSO,2026-05-26
4168,434.0,2.222000976852769,EXITOSO,2026-05-26
4169,646.0,49.42075463110822,EXITOSO,2026-05-26
4170,211.0,85.05587732384959,EXITOSO,2026-05-26
4171,572.0,83.52881799602794,FALLIDO,2026-05-26
4172,940.0,59.93485550167773,FALLIDO,2026-05-26
4173,377.0,95.89151772686984,EXITOSO,2026-05-26
4174,395.0,94.00344485969414,EXITOSO,2026-05-26
4175,450.0,39.053295997619855,EXITOSO,2026-05-26
4176,943.0,-0.8167861943282873,EXITOSO,2026-05-26
4177,364.0,67.61735632043155,EXITOSO,2026-05-26
4178,876.0,30.13449735918373,EXITOSO,2026-05-26
4179,457.0,65.74994403597161,EXITOSO,2026-05-26
4180,725.0,113.82119414207595,EXITOSO,2026-05-26
4181,728.0,77.4996806348439,EXITOSO,2026-05-26
4182,226.0,111.85022836886918,FALLIDO,2026-05-26
4183,982.0,19.540807959337187,EXITOSO,2026-05-26
4184,131.0,103.49822954722768,EXITOSO,2026-05-26
4185,588.0,127.06391726606665,EXITOSO,2026-05-26
4186,476.0,62.57288026832102,FALLIDO,2026-05-26
4187,798.0,152.88213574790757,EXITOSO,2026-05-26
4188,986.0,25.702751530855792,EXITOSO,2026-05-26
4189,277.0,34.44664520962192,FALLIDO,2026-05-26
4190,156.0,85.99742201713875,EXITOSO,2026-05-26
4191,760.0,62.17862179320755,EXITOSO,2026-05-26
4192,218.0,30.28370668875087,EXITOSO,2026-05-26
4193,190.0,84.76416306463071,EXITOSO,2026-05-26
4194,417.0,74.22166053329575,EXITOSO,2026-05-26
4195,981.0,36.54893293871005,EXITOSO,2026-05-26
4196,675.0,67.5620650417749,EXITOSO,2026-05-26
4197,692.0,90.36102082523703,EXITOSO,2026-05-26
4198,546.0,35.66164854005952,EXITOSO,2026-05-26
4199,41.0,80.6798323856355,EXITOSO,2026-05-26
4200,307.0,25.318270899146114,EXITOSO,2026-05-26
4201,943.0,33.047024761006114,FALLIDO,2026-05-26
4202,338.0,104.46349252881109,EXITOSO,2026-05-26
4203,314.0,84.54985172425724,EXITOSO,2026-05-26
4204,75.0,-15.473500324308958,EXITOSO,2026-05-26
4205,953.0,45.03101499829864,EXITOSO,2026-05-26
4206,279.0,79.58787098372639,EXITOSO,2026-05-26
4207,176.0,65.55462468753353,EXITOSO,2026-05-26
4208,896.0,84.72816980735809,EXITOSO,2026-05-26
4209,662.0,64.63926639129186,EXITOSO,2026-05-26
4210,273.0,54.69609306082668,EXITOSO,2026-05-26
4211,837.0,53.47351456651033,EXITOSO,2026-05-26
4212,620.0,103.64717254378144,EXITOSO,2026-05-26
4213,651.0,87.79758345722493,EXITOSO,2026-05-26
4214,862.0,76.18975214981847,EXITOSO,2026-05-26
4215,783.0,63.55332395603111,EXITOSO,2026-05-26
4216,859.0,38.04725234479126,INVALIDO,2026-05-26
4217,931.0,47.729853433538445,FALLIDO,2026-05-26
4218,289.0,102.5868449774751,EXITOSO,2026-05-26
4219,724.0,98.82009978144865,FALLIDO,2026-05-26
4220,893.0,34.05710281218266,EXITOSO,2026-05-26
4221,272.0,63.99679390899603,EXITOSO,2026-05-26
4222,930.0,79.9386929045626,EXITOSO,2026-05-26
4223,66.0,77.32737645626653,INVALIDO,2026-05-26
4224,483.0,77.01930732253726,INVALIDO,2026-05-26
4225,936.0,15.517007264930562,EXITOSO,2026-05-26
4226,248.0,13.140636458087585,EXITOSO,2026-05-26
4227,156.0,106.80778973445251,EXITOSO,2026-05-26
4228,47.0,120.36100795567418,EXITOSO,2026-05-26
4229,935.0,0.7391544382617283,EXITOSO,2026-05-26
4230,454.0,58.889594534213465,EXITOSO,2026-05-26
4231,201.0,92.56203189333289,EXITOSO,2026-05-26
4232,660.0,-28.151140150389793,EXITOSO,2026-05-26
4233,124.0,17.066485676838212,EXITOSO,2026-05-26
4234,1.0,56.312119114914786,EXITOSO,2026-05-26
4235,968.0,36.110453757671365,EXITOSO,2026-05-26
4236,759.0,68.36574004582195,EXITOSO,2026-05-26
4237,855.0,118.81928110734754,EXITOSO,2026-05-26
4238,640.0,25.888094899470673,EXITOSO,2026-05-26
4239,191.0,62.01091565261498,EXITOSO,2026-05-26
4240,579.0,46.208155080232686,EXITOSO,2026-05-26
4241,516.0,65.45461232292557,FALLIDO,2026-05-26
4242,442.0,60.232004764643754,EXITOSO,2026-05-26
4243,921.0,165.4879279653017,EXITOSO,2026-05-26
4244,815.0,119.58309835390318,EXITOSO,2026-05-26
4245,806.0,-3.2374208254892665,EXITOSO,2026-05-26
4246,143.0,23.99460948109966,FALLIDO,2026-05-26
4247,191.0,28.88570967165544,EXITOSO,2026-05-26
4248,533.0,10.628980634887952,EXITOSO,2026-05-26
4249,227.0,5.265480768434614,EXITOSO,2026-05-26
4250,313.0,52.86534301220871,EXITOSO,2026-05-26
4251,629.0,30.412497439534356,FALLIDO,2026-05-26
4252,949.0,24.36825334136141,EXITOSO,2026-05-26
4253,302.0,140.81895908371186,EXITOSO,2026-05-26
4254,654.0,33.16489516961278,FALLIDO,2026-05-26
4255,996.0,42.27329088747196,EXITOSO,2026-05-26
4256,460.0,89.65825947970461,EXITOSO,2026-05-26
4257,401.0,42.13886111702346,EXITOSO,2026-05-26
4258,551.0,13.373059581931884,EXITOSO,2026-05-26
4259,393.0,49.68241184593077,FALLIDO,2026-05-26
4260,867.0,140.3493369158441,EXITOSO,2026-05-26
4261,764.0,40.74231638940302,FALLIDO,2026-05-26
4262,845.0,23.529330566806003,EXITOSO,2026-05-26
4263,207.0,76.80921323396086,EXITOSO,2026-05-26
4264,210.0,47.76342049360117,EXITOSO,2026-05-26
4265,115.0,169.55976510692182,EXITOSO,2026-05-26
4266,737.0,28.524121930935983,EXITOSO,2026-05-26
4267,646.0,129.349228808402,EXITOSO,2026-05-26
4268,251.0,106.5355819955618,EXITOSO,2026-05-26
4269,219.0,44.74618787512425,EXITOSO,2026-05-26
4270,407.0,59.859388213744126,EXITOSO,2026-05-26
4271,443.0,18.80480565821952,FALLIDO,2026-05-26
4272,603.0,38.462338815079505,INVALIDO,2026-05-26
4273,354.0,44.46216681590661,EXITOSO,2026-05-26
4274,888.0,66.31414124041825,FALLIDO,2026-05-26
4275,558.0,3.4927949610374895,EXITOSO,2026-05-26
4276,550.0,72.45938681345169,EXITOSO,2026-05-26
4277,142.0,54.165263148134066,FALLIDO,2026-05-26
4278,612.0,75.9243120405133,EXITOSO,2026-05-26
4279,501.0,81.89226568977435,FALLIDO,2026-05-26
4280,840.0,50.9625822457686,EXITOSO,2026-05-26
4281,702.0,79.52791107565146,EXITOSO,2026-05-26
4282,547.0,56.51295354296275,EXITOSO,2026-05-26
4283,659.0,89.73891957712262,EXITOSO,2026-05-26
4284,542.0,72.64503265438894,EXITOSO,2026-05-26
4285,846.0,67.24166004584166,EXITOSO,2026-05-26
4286,507.0,55.90216095463737,EXITOSO,2026-05-26
4287,596.0,111.8326365180005,FALLIDO,2026-05-26
4288,881.0,76.2074091718009,FALLIDO,2026-05-26
4289,281.0,7.141501080056045,EXITOSO,2026-05-26
4290,424.0,41.121969229444765,EXITOSO,2026-05-26
4291,856.0,50.856607666926564,EXITOSO,2026-05-26
4292,270.0,59.95507358776776,EXITOSO,2026-05-26
4293,154.0,67.06829404906028,INVALIDO,2026-05-26
4294,614.0,22.231331428927547,EXITOSO,2026-05-26
4295,727.0,57.28008558340299,EXITOSO,2026-05-26
4296,662.0,47.4351461098052,FALLIDO,2026-05-26
4297,944.0,103.38976971015839,FALLIDO,2026-05-26
4298,83.0,20.196867627148954,EXITOSO,2026-05-26
4299,622.0,59.30485599967335,EXITOSO,2026-05-26
4300,947.0,32.58459550638159,EXITOSO,2026-05-26
4301,899.0,134.51983662079172,EXITOSO,2026-05-26
4302,426.0,110.26454410613923,EXITOSO,2026-05-26
4303,275.0,-5.694316615623919,EXITOSO,2026-05-26
4304,713.0,28.15145259657049,EXITOSO,2026-05-26
4305,284.0,94.83693168270878,EXITOSO,2026-05-26
4306,980.0,78.29132192172807,EXITOSO,2026-05-26
4307,173.0,77.03727130585256,EXITOSO,2026-05-26
4308,327.0,67.63410823038359,EXITOSO,2026-05-26
4309,718.0,98.04799540271655,EXITOSO,2026-05-26
4310,63.0,91.23906417589836,EXITOSO,2026-05-26
4311,73.0,48.37775441121998,EXITOSO,2026-05-26
4312,763.0,12.029660002922924,EXITOSO,2026-05-26
4313,636.0,-7.602610447725894,FALLIDO,2026-05-26
4314,375.0,55.85445099051598,EXITOSO,2026-05-26
4315,633.0,-13.59606656975042,EXITOSO,2026-05-26
4316,508.0,70.03986894701637,EXITOSO,2026-05-26
4317,787.0,47.678738475303604,FALLIDO,2026-05-26
4318,943.0,137.75644145845754,EXITOSO,2026-05-26
4319,398.0,73.72517089969227,EXITOSO,2026-05-26
4320,120.0,58.83099281750726,EXITOSO,2026-05-26
4321,934.0,-4.646788789213161,EXITOSO,2026-05-26
4322,437.0,9.50715658735983,EXITOSO,2026-05-26
4323,829.0,87.25416569065077,EXITOSO,2026-05-26
4324,676.0,47.47613356043733,EXITOSO,2026-05-26
4325,936.0,161.41502992158001,EXITOSO,2026-05-26
4326,465.0,56.67794820658954,EXITOSO,2026-05-26
4327,286.0,66.75689120555015,EXITOSO,2026-05-26
4328,265.0,7.324120740882876,EXITOSO,2026-05-26
4329,320.0,97.89726262061262,EXITOSO,2026-05-26
4330,673.0,22.971164503368932,EXITOSO,2026-05-26
4331,376.0,80.9764832764275,EXITOSO,2026-05-26
4332,820.0,92.47173256682514,EXITOSO,2026-05-26
4333,89.0,63.80773036272105,FALLIDO,2026-05-26
4334,654.0,130.27883742549213,EXITOSO,2026-05-26
4335,203.0,35.571877133990014,EXITOSO,2026-05-26
4336,821.0,127.02160852486193,EXITOSO,2026-05-26
4337,739.0,9.16215925600391,EXITOSO,2026-05-26
4338,955.0,91.96113967518544,EXITOSO,2026-05-26
4339,334.0,54.30346074834175,EXITOSO,2026-05-26
4340,222.0,31.674696355469273,EXITOSO,2026-05-26
4341,41.0,-6.451149949280648,FALLIDO,2026-05-26
4342,708.0,49.573234243327505,EXITOSO,2026-05-26
4343,68.0,47.04739679277179,EXITOSO,2026-05-26
4344,988.0,66.91624891817833,EXITOSO,2026-05-26
4345,776.0,88.99259905242957,EXITOSO,2026-05-26
4346,514.0,27.661353075786195,EXITOSO,2026-05-26
4347,873.0,130.330707246824,EXITOSO,2026-05-26
4348,637.0,38.458611507775274,EXITOSO,2026-05-26
4349,622.0,84.08775916109599,FALLIDO,2026-05-26
4350,598.0,63.60669533053134,EXITOSO,2026-05-26
4351,937.0,52.051611453776715,EXITOSO,2026-05-26
4352,632.0,61.602287290601275,EXITOSO,2026-05-26
4353,127.0,22.38849927317583,EXITOSO,2026-05-26
4354,255.0,44.49735469710274,EXITOSO,2026-05-26
4355,695.0,6.4097898681540215,EXITOSO,2026-05-26
4356,16.0,38.02918655518921,EXITOSO,2026-05-26
4357,477.0,41.33332291928245,EXITOSO,2026-05-26
4358,62.0,93.80885451085372,EXITOSO,2026-05-26
4359,881.0,46.72299226611777,FALLIDO,2026-05-26
4360,432.0,42.07673505050511,EXITOSO,2026-05-26
4361,670.0,68.80160666616158,EXITOSO,2026-05-26
4362,268.0,67.23410437290252,FALLIDO,2026-05-26
4363,35.0,36.3583731474018,EXITOSO,2026-05-26
4364,779.0,75.76913570075192,EXITOSO,2026-05-26
4365,576.0,52.85411209287781,EXITOSO,2026-05-26
4366,494.0,36.293467973799736,FALLIDO,2026-05-26
4367,562.0,40.18084676244025,EXITOSO,2026-05-26
4368,469.0,97.97402757407772,FALLIDO,2026-05-26
4369,767.0,41.38288026961769,EXITOSO,2026-05-26
4370,661.0,70.44501346024573,EXITOSO,2026-05-26
4371,325.0,8.703989424781462,EXITOSO,2026-05-26
4372,304.0,104.6121999356904,EXITOSO,2026-05-26
4373,276.0,36.68022903366035,EXITOSO,2026-05-26
4374,869.0,76.01157986975548,EXITOSO,2026-05-26
4375,963.0,49.93727487987613,EXITOSO,2026-05-26
4376,684.0,75.55336631169834,EXITOSO,2026-05-26
4377,929.0,77.73760881458772,EXITOSO,2026-05-26
4378,201.0,54.21346959159582,EXITOSO,2026-05-26
4379,445.0,-14.638581931770773,EXITOSO,2026-05-26
4380,905.0,103.64060437632963,EXITOSO,2026-05-26
4381,324.0,54.40389350796658,FALLIDO,2026-05-26
4382,35.0,74.72024028696265,EXITOSO,2026-05-26
4383,977.0,87.66874759633075,EXITOSO,2026-05-26
4384,482.0,41.713034114278834,EXITOSO,2026-05-26
4385,728.0,80.6854182641785,EXITOSO,2026-05-26
4386,480.0,30.095916235030376,EXITOSO,2026-05-26
4387,65.0,75.50171425914192,EXITOSO,2026-05-26
4388,8.0,60.78811053911484,EXITOSO,2026-05-26
4389,301.0,43.100194259981734,FALLIDO,2026-05-26
4390,343.0,61.87968681251993,EXITOSO,2026-05-26
4391,431.0,17.792261064153926,EXITOSO,2026-05-26
4392,424.0,72.3615971069559,EXITOSO,2026-05-26
4393,332.0,76.51288316091275,EXITOSO,2026-05-26
4394,438.0,73.82560559616456,EXITOSO,2026-05-26
4395,588.0,120.08683310163931,EXITOSO,2026-05-26
4396,174.0,56.20105143579936,EXITOSO,2026-05-26
4397,559.0,58.95509311488381,FALLIDO,2026-05-26
4398,527.0,13.189223955132015,EXITOSO,2026-05-26
4399,873.0,122.89877966171619,EXITOSO,2026-05-26
4400,659.0,0.07426419461972955,EXITOSO,2026-05-26
4401,26.0,69.1425442679951,EXITOSO,2026-05-26
4402,820.0,35.40875705165661,EXITOSO,2026-05-26
4403,605.0,62.49266450698556,EXITOSO,2026-05-26
4404,406.0,7.67762911493633,EXITOSO,2026-05-26
4405,232.0,95.66653879083513,EXITOSO,2026-05-26
4406,533.0,21.792816068018404,EXITOSO,2026-05-26
4407,819.0,106.65012452397946,EXITOSO,2026-05-26
4408,550.0,22.895581925748395,FALLIDO,2026-05-26
4409,788.0,99.00849676417621,EXITOSO,2026-05-26
4410,505.0,26.761404944439413,EXITOSO,2026-05-26
4411,669.0,35.41561154939303,EXITOSO,2026-05-26
4412,179.0,59.9261564654352,EXITOSO,2026-05-26
4413,132.0,26.082931860648706,EXITOSO,2026-05-26
4414,823.0,24.904968616798357,EXITOSO,2026-05-26
4415,455.0,26.5463478800578,EXITOSO,2026-05-26
4416,348.0,72.75422338423763,EXITOSO,2026-05-26
4417,540.0,59.982024052709534,EXITOSO,2026-05-26
4418,772.0,62.10524911574581,EXITOSO,2026-05-26
4419,406.0,47.01468582556493,EXITOSO,2026-05-26
4420,76.0,81.94799599442676,EXITOSO,2026-05-26
4421,941.0,102.0023212448249,EXITOSO,2026-05-26
4422,579.0,83.02468256804904,EXITOSO,2026-05-26
4423,854.0,51.641137950026824,EXITOSO,2026-05-26
4424,492.0,11.168596653026988,EXITOSO,2026-05-26
4425,194.0,-19.083227987363117,EXITOSO,2026-05-26
4426,984.0,57.405405985076214,FALLIDO,2026-05-26
4427,162.0,-19.72765651566209,EXITOSO,2026-05-26
4428,347.0,52.0277866665771,EXITOSO,2026-05-26
4429,951.0,116.10492795226284,EXITOSO,2026-05-26
4430,361.0,13.861197974751647,EXITOSO,2026-05-26
4431,769.0,8.555722079443562,EXITOSO,2026-05-26
4432,584.0,85.4773691765689,EXITOSO,2026-05-26
4433,87.0,-52.22965677160779,EXITOSO,2026-05-26
4434,934.0,75.27232561581799,INVALIDO,2026-05-26
4435,262.0,118.74037102909972,EXITOSO,2026-05-26
4436,214.0,25.1006036241996,EXITOSO,2026-05-26
4437,665.0,18.230410115284663,EXITOSO,2026-05-26
4438,722.0,83.6009319039812,EXITOSO,2026-05-26
4439,913.0,13.170248902951144,EXITOSO,2026-05-26
4440,573.0,92.43274894937841,EXITOSO,2026-05-26
4441,780.0,16.427602870045348,EXITOSO,2026-05-26
4442,262.0,130.73609341337675,INVALIDO,2026-05-26
4443,730.0,86.49222582912917,INVALIDO,2026-05-26
4444,283.0,61.521752407591975,EXITOSO,2026-05-26
4445,648.0,128.4301977236942,EXITOSO,2026-05-26
4446,467.0,101.26174831406806,EXITOSO,2026-05-26
4447,380.0,74.74467107773243,EXITOSO,2026-05-26
4448,362.0,-14.52879734953926,EXITOSO,2026-05-26
4449,449.0,31.940238357224537,FALLIDO,2026-05-26
4450,441.0,103.41638355482026,EXITOSO,2026-05-26
4451,93.0,7.994958271695971,EXITOSO,2026-05-26
4452,621.0,29.371069067891806,FALLIDO,2026-05-26
4453,753.0,19.116088499735568,FALLIDO,2026-05-26
4454,867.0,76.0942730528497,EXITOSO,2026-05-26
4455,424.0,98.54447243451523,EXITOSO,2026-05-26
4456,142.0,98.58395674364948,EXITOSO,2026-05-26
4457,291.0,25.887224157109443,EXITOSO,2026-05-26
4458,432.0,75.54634089474723,EXITOSO,2026-05-26
4459,749.0,24.004695318172153,EXITOSO,2026-05-26
4460,852.0,51.578060010478666,INVALIDO,2026-05-26
4461,824.0,80.80672395784066,EXITOSO,2026-05-26
4462,689.0,102.45501346516738,EXITOSO,2026-05-26
4463,653.0,-25.975879746446253,EXITOSO,2026-05-26
4464,701.0,63.94538765633996,EXITOSO,2026-05-26
4465,998.0,116.29173214119768,FALLIDO,2026-05-26
4466,49.0,69.28877718701469,EXITOSO,2026-05-26
4467,302.0,63.3045309117325,EXITOSO,2026-05-26
4468,881.0,37.47971394078526,EXITOSO,2026-05-26
4469,190.0,115.23011871145121,EXITOSO,2026-05-26
4470,136.0,39.32863619154908,FALLIDO,2026-05-26
4471,555.0,55.99402438202688,EXITOSO,2026-05-26
4472,404.0,41.19147285873083,EXITOSO,2026-05-26
4473,892.0,64.32782034059855,EXITOSO,2026-05-26
4474,865.0,117.02607996192783,FALLIDO,2026-05-26
4475,602.0,23.755738776933477,EXITOSO,2026-05-26
4476,807.0,64.50213057007466,EXITOSO,2026-05-26
4477,341.0,75.64258000863234,EXITOSO,2026-05-26
4478,757.0,27.506714601226115,EXITOSO,2026-05-26
4479,945.0,57.639365755571205,EXITOSO,2026-05-26
4480,704.0,134.05360477964314,EXITOSO,2026-05-26
4481,318.0,-10.73957311551807,FALLIDO,2026-05-26
4482,618.0,43.151970473703926,EXITOSO,2026-05-26
4483,363.0,70.0223802772037,EXITOSO,2026-05-26
4484,822.0,44.96228122670976,EXITOSO,2026-05-26
4485,382.0,175.44989882256448,EXITOSO,2026-05-26
4486,233.0,81.94762945925171,EXITOSO,2026-05-26
4487,777.0,18.22523348562097,EXITOSO,2026-05-26
4488,344.0,-33.47037421281236,EXITOSO,2026-05-26
4489,549.0,73.61103451007415,EXITOSO,2026-05-26
4490,817.0,29.775235047698434,EXITOSO,2026-05-26
4491,553.0,111.55594025114613,EXITOSO,2026-05-26
4492,529.0,49.00537748358465,EXITOSO,2026-05-26
4493,856.0,37.26593437321878,EXITOSO,2026-05-26
4494,789.0,36.59011371420062,FALLIDO,2026-05-26
4495,819.0,99.46036695317113,EXITOSO,2026-05-26
4496,571.0,76.62332159335857,EXITOSO,2026-05-26
4497,935.0,130.23826895163512,EXITOSO,2026-05-26
4498,183.0,51.39571535187246,EXITOSO,2026-05-26
4499,41.0,94.4911764821213,EXITOSO,2026-05-26
4500,551.0,95.17504337646585,EXITOSO,2026-05-26
4501,397.0,86.95253812254238,EXITOSO,2026-05-26
4502,704.0,39.60568723813431,EXITOSO,2026-05-26
4503,779.0,78.93632120183152,EXITOSO,2026-05-26
4504,494.0,56.11030239743995,EXITOSO,2026-05-26
4505,659.0,55.0593491563383,EXITOSO,2026-05-26
4506,907.0,27.767588332589376,EXITOSO,2026-05-26
4507,333.0,-24.813549649228932,EXITOSO,2026-05-26
4508,127.0,109.9350545679274,EXITOSO,2026-05-26
4509,558.0,77.26233477143921,EXITOSO,2026-05-26
4510,557.0,6.2720712129229454,EXITOSO,2026-05-26
4511,1.0,88.70841842191923,EXITOSO,2026-05-26
4512,168.0,110.72541971960969,EXITOSO,2026-05-26
4513,620.0,91.10669786864648,EXITOSO,2026-05-26
4514,19.0,24.33447284668278,FALLIDO,2026-05-26
4515,332.0,30.7203242985681,EXITOSO,2026-05-26
4516,584.0,38.08495940610208,EXITOSO,2026-05-26
4517,456.0,94.44339224815246,EXITOSO,2026-05-26
4518,957.0,79.15839436672039,EXITOSO,2026-05-26
4519,109.0,171.6116648619274,EXITOSO,2026-05-26
4520,268.0,-5.635402468715313,EXITOSO,2026-05-26
4521,445.0,57.8960665372534,EXITOSO,2026-05-26
4522,240.0,-17.110210373727938,EXITOSO,2026-05-26
4523,929.0,83.86591618938057,EXITOSO,2026-05-26
4524,301.0,102.67578474589027,EXITOSO,2026-05-26
4525,602.0,117.68424467072573,EXITOSO,2026-05-26
4526,103.0,67.54088371459156,EXITOSO,2026-05-26
4527,988.0,-16.532374837109188,EXITOSO,2026-05-26
4528,250.0,57.994057167750064,FALLIDO,2026-05-26
4529,453.0,77.47159576097437,EXITOSO,2026-05-26
4530,520.0,19.794149812634117,EXITOSO,2026-05-26
4531,153.0,49.400853459102336,EXITOSO,2026-05-26
4532,859.0,8.918014616158125,FALLIDO,2026-05-26
4533,174.0,35.49181882568551,EXITOSO,2026-05-26
4534,343.0,96.4986627761325,FALLIDO,2026-05-26
4535,670.0,87.20651787165167,EXITOSO,2026-05-26
4536,431.0,4.1912196225423415,EXITOSO,2026-05-26
4537,727.0,31.80059409447738,EXITOSO,2026-05-26
4538,689.0,62.28367939102963,EXITOSO,2026-05-26
4539,687.0,69.0609727419149,EXITOSO,2026-05-26
4540,852.0,33.48416973816224,EXITOSO,2026-05-26
4541,850.0,79.0582981328637,EXITOSO,2026-05-26
4542,658.0,58.588711179409486,EXITOSO,2026-05-26
4543,962.0,-43.06519067442224,FALLIDO,2026-05-26
4544,324.0,37.13318690893199,EXITOSO,2026-05-26
4545,990.0,35.99097079557716,EXITOSO,2026-05-26
4546,673.0,87.13094801558972,EXITOSO,2026-05-26
4547,639.0,87.84236948712191,EXITOSO,2026-05-26
4548,420.0,-6.884110837115202,EXITOSO,2026-05-26
4549,594.0,77.5388702798627,EXITOSO,2026-05-26
4550,485.0,57.041446183972326,EXITOSO,2026-05-26
4551,659.0,65.05697632498948,FALLIDO,2026-05-26
4552,751.0,35.44691925225079,EXITOSO,2026-05-26
4553,412.0,57.52680308929276,EXITOSO,2026-05-26
4554,936.0,106.01307290313359,EXITOSO,2026-05-26
4555,84.0,64.487430363657,EXITOSO,2026-05-26
4556,113.0,58.30293177528425,EXITOSO,2026-05-26
4557,737.0,40.83186503215135,EXITOSO,2026-05-26
4558,332.0,102.09023734975855,EXITOSO,2026-05-26
4559,378.0,8.76848733331159,EXITOSO,2026-05-26
4560,755.0,27.92121592868328,EXITOSO,2026-05-26
4561,655.0,6.471544728584497,EXITOSO,2026-05-26
4562,41.0,68.02740700200663,INVALIDO,2026-05-26
4563,935.0,107.18990425661775,EXITOSO,2026-05-26
4564,770.0,46.848183297222064,FALLIDO,2026-05-26
4565,959.0,17.22377860900557,EXITOSO,2026-05-26
4566,797.0,125.45785934819884,FALLIDO,2026-05-26
4567,105.0,78.05132266593598,EXITOSO,2026-05-26
4568,202.0,71.10096574537116,EXITOSO,2026-05-26
4569,450.0,52.39237431307993,EXITOSO,2026-05-26
4570,819.0,86.76056687429926,EXITOSO,2026-05-26
4571,843.0,70.47422257114681,EXITOSO,2026-05-26
4572,973.0,40.74926286482477,EXITOSO,2026-05-26
4573,266.0,47.44789492748557,EXITOSO,2026-05-26
4574,910.0,19.20452795947864,EXITOSO,2026-05-26
4575,210.0,14.217392498900104,FALLIDO,2026-05-26
4576,563.0,48.13391219612669,EXITOSO,2026-05-26
4577,118.0,106.16859569165896,EXITOSO,2026-05-26
4578,713.0,18.633471513546326,EXITOSO,2026-05-26
4579,377.0,93.4548011702964,EXITOSO,2026-05-26
4580,551.0,28.042605853728027,EXITOSO,2026-05-26
4581,540.0,-11.46412290790795,EXITOSO,2026-05-26
4582,771.0,81.86399034356305,EXITOSO,2026-05-26
4583,84.0,125.1507235029913,EXITOSO,2026-05-26
4584,454.0,25.770596789278876,FALLIDO,2026-05-26
4585,667.0,-2.7948363560064067,EXITOSO,2026-05-26
4586,629.0,78.19659004320089,EXITOSO,2026-05-26
4587,514.0,23.073032181120197,EXITOSO,2026-05-26
4588,605.0,81.46586313883714,EXITOSO,2026-05-26
4589,678.0,106.05918376815367,EXITOSO,2026-05-26
4590,387.0,73.22469982411742,FALLIDO,2026-05-26
4591,912.0,92.39073233381885,EXITOSO,2026-05-26
4592,350.0,92.66448614538801,EXITOSO,2026-05-26
4593,296.0,99.5978684871452,EXITOSO,2026-05-26
4594,258.0,61.80843070229923,FALLIDO,2026-05-26
4595,81.0,91.16305709574617,EXITOSO,2026-05-26
4596,937.0,66.57606984625247,EXITOSO,2026-05-26
4597,268.0,75.65280687740903,EXITOSO,2026-05-26
4598,419.0,182.06845279674502,EXITOSO,2026-05-26
4599,235.0,69.66402094342665,EXITOSO,2026-05-26
4600,833.0,0.08960268786535153,EXITOSO,2026-05-26
4601,311.0,52.103232899294355,EXITOSO,2026-05-26
4602,813.0,47.57896977430906,EXITOSO,2026-05-26
4603,975.0,49.40825592981543,EXITOSO,2026-05-26
4604,986.0,98.13769705011862,INVALIDO,2026-05-26
4605,357.0,105.22365590656118,EXITOSO,2026-05-26
4606,213.0,55.774590292104115,EXITOSO,2026-05-26
4607,574.0,4.325026059243129,EXITOSO,2026-05-26
4608,49.0,63.96382300732431,EXITOSO,2026-05-26
4609,127.0,38.26445031617332,FALLIDO,2026-05-26
4610,223.0,68.41618855885278,EXITOSO,2026-05-26
4611,921.0,55.16152431240355,EXITOSO,2026-05-26
4612,279.0,108.65430473604346,EXITOSO,2026-05-26
4613,408.0,70.9923218585559,EXITOSO,2026-05-26
4614,505.0,38.39233423114019,EXITOSO,2026-05-26
4615,294.0,4.578710104646113,EXITOSO,2026-05-26
4616,796.0,58.07943344406439,EXITOSO,2026-05-26
4617,277.0,58.222505842151214,EXITOSO,2026-05-26
4618,438.0,49.50157005185338,EXITOSO,2026-05-26
4619,107.0,91.01295005614263,FALLIDO,2026-05-26
4620,658.0,4.688860358496889,EXITOSO,2026-05-26
4621,420.0,29.49823745841682,EXITOSO,2026-05-26
4622,611.0,62.11670397944538,EXITOSO,2026-05-26
4623,429.0,37.61967124180103,EXITOSO,2026-05-26
4624,375.0,45.73163047294346,EXITOSO,2026-05-26
4625,73.0,57.58994528543306,EXITOSO,2026-05-26
4626,949.0,87.43859733654509,EXITOSO,2026-05-26
4627,998.0,55.977053858010876,EXITOSO,2026-05-26
4628,634.0,-18.78737825407265,EXITOSO,2026-05-26
4629,30.0,35.88811963929146,EXITOSO,2026-05-26
4630,188.0,79.83137101200317,EXITOSO,2026-05-26
4631,364.0,90.5069455506622,EXITOSO,2026-05-26
4632,866.0,92.71431512704419,EXITOSO,2026-05-26
4633,800.0,104.0471067984825,FALLIDO,2026-05-26
4634,451.0,64.73749108359955,FALLIDO,2026-05-26
4635,195.0,70.52659923478588,EXITOSO,2026-05-26
4636,156.0,19.443658149616716,EXITOSO,2026-05-26
4637,172.0,-26.983012511381773,EXITOSO,2026-05-26
4638,847.0,3.296696656884066,EXITOSO,2026-05-26
4639,41.0,31.926497932382464,EXITOSO,2026-05-26
4640,63.0,5.611817946767573,EXITOSO,2026-05-26
4641,23.0,48.282922397594284,EXITOSO,2026-05-26
4642,360.0,41.516469574349756,EXITOSO,2026-05-26
4643,75.0,97.5130805560823,EXITOSO,2026-05-26
4644,560.0,21.23454048848528,EXITOSO,2026-05-26
4645,672.0,65.62327668735816,EXITOSO,2026-05-26
4646,825.0,43.20929226332638,EXITOSO,2026-05-26
4647,118.0,19.736857346925262,FALLIDO,2026-05-26
4648,612.0,30.891541841276158,EXITOSO,2026-05-26
4649,380.0,-22.050388203209792,EXITOSO,2026-05-26
4650,929.0,89.93387307574534,EXITOSO,2026-05-26
4651,920.0,116.09045014992098,EXITOSO,2026-05-26
4652,679.0,49.301355318355306,EXITOSO,2026-05-26
4653,290.0,61.16248349577245,FALLIDO,2026-05-26
4654,440.0,48.16568638376564,EXITOSO,2026-05-26
4655,668.0,27.196348738797447,INVALIDO,2026-05-26
4656,933.0,88.19611440843505,EXITOSO,2026-05-26
4657,7.0,72.7627330060646,EXITOSO,2026-05-26
4658,196.0,-56.48537517516465,EXITOSO,2026-05-26
4659,421.0,18.61557010363537,EXITOSO,2026-05-26
4660,568.0,-22.122449982561037,EXITOSO,2026-05-26
4661,833.0,122.21657381554331,EXITOSO,2026-05-26
4662,193.0,53.126849102170425,EXITOSO,2026-05-26
4663,559.0,69.62806246785118,EXITOSO,2026-05-26
4664,148.0,45.86819459679105,EXITOSO,2026-05-26
4665,787.0,104.10786905160347,EXITOSO,2026-05-26
4666,669.0,94.42820690377735,INVALIDO,2026-05-26
4667,202.0,51.38083267917938,EXITOSO,2026-05-26
4668,444.0,128.71972222700902,EXITOSO,2026-05-26
4669,914.0,67.41272568931495,EXITOSO,2026-05-26
4670,988.0,1.5949969944471292,EXITOSO,2026-05-26
4671,419.0,64.0007495005424,FALLIDO,2026-05-26
4672,427.0,80.69762630905143,EXITOSO,2026-05-26
4673,479.0,54.67100989806903,EXITOSO,2026-05-26
4674,475.0,43.540678190281504,EXITOSO,2026-05-26
4675,126.0,130.57445264919875,EXITOSO,2026-05-26
4676,395.0,12.565501651386867,FALLIDO,2026-05-26
4677,817.0,-50.54855300439799,EXITOSO,2026-05-26
4678,881.0,124.7621612371938,EXITOSO,2026-05-26
4679,806.0,10.958104156414095,EXITOSO,2026-05-26
4680,576.0,48.535278460071446,EXITOSO,2026-05-26
4681,325.0,44.90271379751002,EXITOSO,2026-05-26
4682,392.0,109.26993962794081,EXITOSO,2026-05-26
4683,930.0,117.39425518507471,EXITOSO,2026-05-26
4684,688.0,8.304981835792297,EXITOSO,2026-05-26
4685,628.0,114.27638512741602,EXITOSO,2026-05-26
4686,440.0,113.53641264864726,EXITOSO,2026-05-26
4687,204.0,60.774197636998814,FALLIDO,2026-05-26
4688,486.0,97.30170221279434,EXITOSO,2026-05-26
4689,833.0,101.31319815779024,INVALIDO,2026-05-26
4690,31.0,49.90288595096402,EXITOSO,2026-05-26
4691,388.0,53.69733769798714,EXITOSO,2026-05-26
4692,625.0,83.57312188297689,EXITOSO,2026-05-26
4693,877.0,-5.140998665432448,EXITOSO,2026-05-26
4694,434.0,45.84773333941645,EXITOSO,2026-05-26
4695,837.0,11.98565014786606,EXITOSO,2026-05-26
4696,926.0,116.94312811996079,EXITOSO,2026-05-26
4697,376.0,45.37669501990692,EXITOSO,2026-05-26
4698,344.0,71.05494892373409,EXITOSO,2026-05-26
4699,443.0,51.26352256109959,EXITOSO,2026-05-26
4700,579.0,48.66063658167067,EXITOSO,2026-05-26
4701,75.0,68.43865150346484,EXITOSO,2026-05-26
4702,557.0,30.774253407914628,EXITOSO,2026-05-26
4703,772.0,52.060705941297094,EXITOSO,2026-05-26
4704,666.0,51.76628011059648,EXITOSO,2026-05-26
4705,155.0,43.07138800526835,EXITOSO,2026-05-26
4706,430.0,75.6422763098099,EXITOSO,2026-05-26
4707,363.0,42.12016271942075,EXITOSO,2026-05-26
4708,448.0,124.44459929647829,EXITOSO,2026-05-26
4709,987.0,85.1585643216211,EXITOSO,2026-05-26
4710,234.0,6.027597810343863,EXITOSO,2026-05-26
4711,563.0,82.03511776154485,EXITOSO,2026-05-26
4712,818.0,32.42081209968411,EXITOSO,2026-05-26
4713,262.0,65.42760701621815,EXITOSO,2026-05-26
4714,827.0,30.752182374906045,EXITOSO,2026-05-26
4715,125.0,-27.776155495047092,INVALIDO,2026-05-26
4716,911.0,59.13066028286425,EXITOSO,2026-05-26
4717,245.0,2.6233696460816134,EXITOSO,2026-05-26
4718,542.0,76.78861554925298,INVALIDO,2026-05-26
4719,938.0,66.99139303226082,INVALIDO,2026-05-26
4720,485.0,35.84461824237678,EXITOSO,2026-05-26
4721,122.0,133.02148152095953,EXITOSO,2026-05-26
4722,125.0,10.428501307824789,EXITOSO,2026-05-26
4723,549.0,35.02649394975335,EXITOSO,2026-05-26
4724,170.0,15.172336704650078,FALLIDO,2026-05-26
4725,124.0,141.65264129036882,EXITOSO,2026-05-26
4726,869.0,114.08976566584313,EXITOSO,2026-05-26
4727,35.0,3.115125426782761,EXITOSO,2026-05-26
4728,87.0,26.976758333856374,EXITOSO,2026-05-26
4729,646.0,28.33365366179608,EXITOSO,2026-05-26
4730,708.0,37.97091928948577,EXITOSO,2026-05-26
4731,786.0,18.28877384666741,EXITOSO,2026-05-26
4732,201.0,35.76995851954847,INVALIDO,2026-05-26
4733,369.0,100.19489076239992,EXITOSO,2026-05-26
4734,797.0,137.87649344315952,EXITOSO,2026-05-26
4735,77.0,-1.7759271550969302,EXITOSO,2026-05-26
4736,59.0,18.355715069311486,FALLIDO,2026-05-26
4737,431.0,68.54237777520933,FALLIDO,2026-05-26
4738,638.0,-3.2122255846420344,EXITOSO,2026-05-26
4739,500.0,69.57728085564901,EXITOSO,2026-05-26
4740,913.0,81.60411148518916,EXITOSO,2026-05-26
4741,109.0,88.02610200107898,EXITOSO,2026-05-26
4742,736.0,80.48578105984944,FALLIDO,2026-05-26
4743,278.0,38.59005811374393,EXITOSO,2026-05-26
4744,68.0,52.73321754133182,EXITOSO,2026-05-26
4745,69.0,12.818896554268179,EXITOSO,2026-05-26
4746,165.0,78.57354618550504,FALLIDO,2026-05-26
4747,489.0,124.13441068540487,EXITOSO,2026-05-26
4748,305.0,78.48803596269556,EXITOSO,2026-05-26
4749,909.0,32.199970566917855,EXITOSO,2026-05-26
4750,674.0,99.79167410796903,EXITOSO,2026-05-26
4751,365.0,154.62586779115745,EXITOSO,2026-05-26
4752,854.0,69.7259908645446,EXITOSO,2026-05-26
4753,821.0,82.17891375418671,EXITOSO,2026-05-26
4754,379.0,87.10804376264174,EXITOSO,2026-05-26
4755,343.0,-4.178290634069498,EXITOSO,2026-05-26
4756,947.0,43.5551130925886,EXITOSO,2026-05-26
4757,899.0,39.4453431387811,FALLIDO,2026-05-26
4758,554.0,93.39466595583792,FALLIDO,2026-05-26
4759,354.0,88.73477231576328,EXITOSO,2026-05-26
4760,416.0,55.17053029068209,FALLIDO,2026-05-26
4761,109.0,37.04487763965138,EXITOSO,2026-05-26
4762,563.0,-7.463838388271341,EXITOSO,2026-05-26
4763,762.0,59.383498855669515,EXITOSO,2026-05-26
4764,497.0,21.81727540884662,EXITOSO,2026-05-26
4765,341.0,16.859946416875502,EXITOSO,2026-05-26
4766,942.0,97.05075056490347,EXITOSO,2026-05-26
4767,383.0,92.87679180187135,EXITOSO,2026-05-26
4768,533.0,40.45623367602,EXITOSO,2026-05-26
4769,300.0,-2.7617712523053584,EXITOSO,2026-05-26
4770,139.0,26.967536790251742,EXITOSO,2026-05-26
4771,359.0,99.7301584530877,EXITOSO,2026-05-26
4772,836.0,78.70874467904966,EXITOSO,2026-05-26
4773,499.0,41.12780810310569,EXITOSO,2026-05-26
4774,385.0,62.35012707507629,EXITOSO,2026-05-26
4775,604.0,-22.992876718272797,EXITOSO,2026-05-26
4776,959.0,-26.02097548139129,EXITOSO,2026-05-26
4777,280.0,139.08506082084233,EXITOSO,2026-05-26
4778,637.0,80.26104873358622,EXITOSO,2026-05-26
4779,483.0,60.06648257037017,FALLIDO,2026-05-26
4780,909.0,44.12175263966952,EXITOSO,2026-05-26
4781,111.0,-10.47335958125899,EXITOSO,2026-05-26
4782,866.0,99.72856509944356,EXITOSO,2026-05-26
4783,139.0,14.524449474784113,EXITOSO,2026-05-26
4784,996.0,88.16730581333931,INVALIDO,2026-05-26
4785,435.0,65.28003062170247,EXITOSO,2026-05-26
4786,509.0,57.91622143506052,EXITOSO,2026-05-26
4787,273.0,7.9053472374158815,EXITOSO,2026-05-26
4788,99.0,8.437999813095772,EXITOSO,2026-05-26
4789,764.0,75.59737545250353,EXITOSO,2026-05-26
4790,850.0,63.16867297680074,EXITOSO,2026-05-26
4791,104.0,61.88668293053516,EXITOSO,2026-05-26
4792,214.0,71.4416637005475,EXITOSO,2026-05-26
4793,761.0,-17.469739605081685,EXITOSO,2026-05-26
4794,664.0,100.60575359761947,EXITOSO,2026-05-26
4795,762.0,45.76401037542571,EXITOSO,2026-05-26
4796,787.0,106.78580088481749,EXITOSO,2026-05-26
4797,165.0,-20.332960191433656,FALLIDO,2026-05-26
4798,999.0,82.7610402210972,EXITOSO,2026-05-26
4799,853.0,82.38317191177045,EXITOSO,2026-05-26
4800,520.0,0.5546930657337157,EXITOSO,2026-05-26
4801,284.0,34.42975529591454,EXITOSO,2026-05-26
4802,517.0,17.61974416199203,EXITOSO,2026-05-26
4803,657.0,94.52850490021011,EXITOSO,2026-05-26
4804,613.0,72.35553931556973,EXITOSO,2026-05-26
4805,164.0,123.95395303607015,EXITOSO,2026-05-26
4806,886.0,68.11815737127863,EXITOSO,2026-05-26
4807,659.0,89.28976747558232,EXITOSO,2026-05-26
4808,64.0,106.8804296552203,EXITOSO,2026-05-26
4809,91.0,82.1770690603091,EXITOSO,2026-05-26
4810,117.0,44.63267188192883,EXITOSO,2026-05-26
4811,866.0,37.18822218953855,EXITOSO,2026-05-26
4812,267.0,56.810662898858524,EXITOSO,2026-05-26
4813,822.0,91.86335159240362,EXITOSO,2026-05-26
4814,685.0,29.35587752588194,EXITOSO,2026-05-26
4815,559.0,86.08614104718792,EXITOSO,2026-05-26
4816,140.0,72.9052927324122,EXITOSO,2026-05-26
4817,246.0,9.867755072020742,FALLIDO,2026-05-26
4818,661.0,84.14141036761711,INVALIDO,2026-05-26
4819,758.0,65.6768405140941,EXITOSO,2026-05-26
4820,395.0,37.97903155238828,FALLIDO,2026-05-26
4821,487.0,65.09714290857076,EXITOSO,2026-05-26
4822,476.0,39.53395906863715,EXITOSO,2026-05-26
4823,517.0,69.90688258759107,EXITOSO,2026-05-26
4824,977.0,53.2815852141379,EXITOSO,2026-05-26
4825,184.0,-1.19696928038465,EXITOSO,2026-05-26
4826,20.0,54.478575124710375,EXITOSO,2026-05-26
4827,937.0,42.2926441827676,EXITOSO,2026-05-26
4828,558.0,85.42345417195179,EXITOSO,2026-05-26
4829,524.0,95.19073983782977,EXITOSO,2026-05-26
4830,582.0,39.6399295267796,INVALIDO,2026-05-26
4831,529.0,28.424180936569932,FALLIDO,2026-05-26
4832,883.0,-7.206161910358432,FALLIDO,2026-05-26
4833,147.0,27.438515079303684,FALLIDO,2026-05-26
4834,666.0,47.06924902430919,EXITOSO,2026-05-26
4835,304.0,6.429466553831432,EXITOSO,2026-05-26
4836,620.0,95.72546369320878,EXITOSO,2026-05-26
4837,748.0,70.48647841762778,INVALIDO,2026-05-26
4838,820.0,55.18333143920404,EXITOSO,2026-05-26
4839,864.0,59.33314782419459,EXITOSO,2026-05-26
4840,582.0,72.24179814340451,EXITOSO,2026-05-26
4841,695.0,85.32379911478034,EXITOSO,2026-05-26
4842,762.0,92.3603054738906,EXITOSO,2026-05-26
4843,228.0,47.63476018747677,EXITOSO,2026-05-26
4844,102.0,54.32260212862852,EXITOSO,2026-05-26
4845,587.0,66.91880423776655,EXITOSO,2026-05-26
4846,417.0,52.689546880614735,EXITOSO,2026-05-26
4847,958.0,94.89269663547483,EXITOSO,2026-05-26
4848,216.0,109.09289752552392,EXITOSO,2026-05-26
4849,407.0,73.76293258112646,FALLIDO,2026-05-26
4850,399.0,23.67233434827051,EXITOSO,2026-05-26
4851,923.0,80.33604483328301,EXITOSO,2026-05-26
4852,715.0,75.34796216843304,EXITOSO,2026-05-26
4853,704.0,20.31831898730013,EXITOSO,2026-05-26
4854,761.0,75.30399837314907,EXITOSO,2026-05-26
4855,499.0,38.23237925415952,EXITOSO,2026-05-26
4856,754.0,89.8437526030913,EXITOSO,2026-05-26
4857,465.0,80.01082087200001,EXITOSO,2026-05-26
4858,691.0,68.91946155342895,EXITOSO,2026-05-26
4859,949.0,61.54186935556677,EXITOSO,2026-05-26
4860,974.0,-25.33488293345357,EXITOSO,2026-05-26
4861,731.0,11.42899581370655,EXITOSO,2026-05-26
4862,82.0,54.76795120840516,EXITOSO,2026-05-26
4863,604.0,120.77534191214144,EXITOSO,2026-05-26
4864,947.0,82.58724272531119,FALLIDO,2026-05-26
4865,687.0,132.5618531623566,EXITOSO,2026-05-26
4866,751.0,63.31948774616972,EXITOSO,2026-05-26
4867,772.0,58.7659694469891,EXITOSO,2026-05-26
4868,903.0,117.00500746348158,EXITOSO,2026-05-26
4869,365.0,53.63142780642606,EXITOSO,2026-05-26
4870,163.0,20.541203740752664,EXITOSO,2026-05-26
4871,48.0,72.67016470469457,EXITOSO,2026-05-26
4872,511.0,104.90055927969576,FALLIDO,2026-05-26
4873,329.0,26.962099476751632,EXITOSO,2026-05-26
4874,840.0,83.5617415871213,EXITOSO,2026-05-26
4875,116.0,56.270539653426816,EXITOSO,2026-05-26
4876,941.0,78.05399138268226,EXITOSO,2026-05-26
4877,849.0,72.54135508180394,EXITOSO,2026-05-26
4878,337.0,43.427824334566914,EXITOSO,2026-05-26
4879,881.0,55.75248555805831,EXITOSO,2026-05-26
4880,737.0,45.87088693064781,EXITOSO,2026-05-26
4881,864.0,64.74992880158894,EXITOSO,2026-05-26
4882,840.0,26.15611194641754,EXITOSO,2026-05-26
4883,147.0,35.716602580207045,EXITOSO,2026-05-26
4884,575.0,43.44158377922832,EXITOSO,2026-05-26
4885,806.0,75.66811622485557,EXITOSO,2026-05-26
4886,323.0,3.3786428284728345,EXITOSO,2026-05-26
4887,443.0,55.71481460636272,EXITOSO,2026-05-26
4888,837.0,31.671640097859246,EXITOSO,2026-05-26
4889,13.0,43.543523452602685,EXITOSO,2026-05-26
4890,943.0,33.59323209939612,EXITOSO,2026-05-26
4891,494.0,67.78287923665236,EXITOSO,2026-05-26
4892,701.0,53.715468203244,EXITOSO,2026-05-26
4893,287.0,88.4644089461835,EXITOSO,2026-05-26
4894,720.0,76.06925621666558,EXITOSO,2026-05-26
4895,114.0,-1.4818433756018194,EXITOSO,2026-05-26
4896,480.0,21.600037708186846,EXITOSO,2026-05-26
4897,22.0,53.07570855503952,EXITOSO,2026-05-26
4898,349.0,58.282592239877,FALLIDO,2026-05-26
4899,726.0,25.12876921016707,EXITOSO,2026-05-26
4900,683.0,112.15897482058189,EXITOSO,2026-05-26
4901,835.0,94.58750963088941,EXITOSO,2026-05-26
4902,566.0,-5.789633699902254,FALLIDO,2026-05-26
4903,906.0,73.8170544143394,INVALIDO,2026-05-26
4904,810.0,58.16813853110218,EXITOSO,2026-05-26
4905,320.0,109.75500162285044,EXITOSO,2026-05-26
4906,126.0,-2.7953571017452816,EXITOSO,2026-05-26
4907,277.0,142.39419244960203,EXITOSO,2026-05-26
4908,976.0,26.282173536001892,EXITOSO,2026-05-26
4909,204.0,75.141072757281,EXITOSO,2026-05-26
4910,194.0,35.74572092377325,EXITOSO,2026-05-26
4911,681.0,44.953643249559065,EXITOSO,2026-05-26
4912,664.0,-7.576719579209652,EXITOSO,2026-05-26
4913,547.0,107.87547055666248,EXITOSO,2026-05-26
4914,696.0,49.21410591033975,EXITOSO,2026-05-26
4915,286.0,51.933683492012946,EXITOSO,2026-05-26
4916,57.0,152.49927622064317,EXITOSO,2026-05-26
4917,734.0,98.3777083598635,EXITOSO,2026-05-26
4918,303.0,33.265548953107235,EXITOSO,2026-05-26
4919,163.0,35.58976398542093,EXITOSO,2026-05-26
4920,19.0,70.39204842379456,EXITOSO,2026-05-26
4921,370.0,90.82919654055094,INVALIDO,2026-05-26
4922,264.0,130.09768199232568,FALLIDO,2026-05-26
4923,794.0,-4.323974351552906,EXITOSO,2026-05-26
4924,113.0,89.08077229416327,EXITOSO,2026-05-26
4925,488.0,95.50677245740188,EXITOSO,2026-05-26
4926,327.0,28.4197259465844,EXITOSO,2026-05-26
4927,542.0,45.589603938908745,EXITOSO,2026-05-26
4928,647.0,-5.213265782230806,EXITOSO,2026-05-26
4929,579.0,39.96425217395081,EXITOSO,2026-05-26
4930,65.0,69.28376338889768,FALLIDO,2026-05-26
4931,292.0,123.76469846088094,FALLIDO,2026-05-26
4932,25.0,127.45461835794607,FALLIDO,2026-05-26
4933,549.0,18.828019935424564,EXITOSO,2026-05-26
4934,1.0,118.31436719427234,FALLIDO,2026-05-26
4935,911.0,-17.97381020843393,EXITOSO,2026-05-26
4936,549.0,36.602803257268704,EXITOSO,2026-05-26
4937,141.0,47.92759571692808,EXITOSO,2026-05-26
4938,744.0,70.0715756301739,EXITOSO,2026-05-26
4939,648.0,64.26041362187546,FALLIDO,2026-05-26
4940,901.0,74.62794096872238,EXITOSO,2026-05-26
4941,188.0,52.68170297959136,EXITOSO,2026-05-26
4942,128.0,98.38354753517999,EXITOSO,2026-05-26
4943,201.0,87.6734254964287,FALLIDO,2026-05-26
4944,127.0,48.41748514211549,EXITOSO,2026-05-26
4945,257.0,93.6957476076139,EXITOSO,2026-05-26
4946,676.0,142.73741362084317,EXITOSO,2026-05-26
4947,547.0,33.069661808413244,EXITOSO,2026-05-26
4948,194.0,127.01346063736304,EXITOSO,2026-05-26
4949,703.0,36.66098733600039,EXITOSO,2026-05-26
4950,104.0,116.41303823801991,EXITOSO,2026-05-26
4951,535.0,38.16255998586935,FALLIDO,2026-05-26
4952,265.0,90.62649700625039,EXITOSO,2026-05-26
4953,802.0,67.18532442391876,EXITOSO,2026-05-26
4954,942.0,-11.410338716955593,EXITOSO,2026-05-26
4955,974.0,136.62209489942606,EXITOSO,2026-05-26
4956,384.0,24.18192043967813,EXITOSO,2026-05-26
4957,260.0,9.216027545728345,EXITOSO,2026-05-26
4958,414.0,34.422448773139664,EXITOSO,2026-05-26
4959,991.0,161.24988933052467,FALLIDO,2026-05-26
4960,358.0,9.85145649679449,EXITOSO,2026-05-26
4961,75.0,67.1297407073451,EXITOSO,2026-05-26
4962,355.0,15.073506946353902,FALLIDO,2026-05-26
4963,584.0,21.93167047340212,EXITOSO,2026-05-26
4964,771.0,-3.9769027651820323,EXITOSO,2026-05-26
4965,910.0,72.60672815193682,EXITOSO,2026-05-26
4966,188.0,53.55120595004732,EXITOSO,2026-05-26
4967,973.0,14.745350257068424,EXITOSO,2026-05-26
4968,685.0,94.92813871833766,EXITOSO,2026-05-26
4969,992.0,99.14882860830986,EXITOSO,2026-05-26
4970,290.0,76.28874432723086,EXITOSO,2026-05-26
4971,45.0,106.82679756696554,EXITOSO,2026-05-26
4972,573.0,46.03958936141184,EXITOSO,2026-05-26
4973,83.0,72.89498786337903,EXITOSO,2026-05-26
4974,123.0,46.19401370847834,FALLIDO,2026-05-26
4975,358.0,-0.29332471750726796,EXITOSO,2026-05-26
4976,528.0,68.76985603325431,EXITOSO,2026-05-26
4977,66.0,66.34711625497833,EXITOSO,2026-05-26
4978,936.0,58.79222768231773,EXITOSO,2026-05-26
4979,657.0,74.95501560973759,EXITOSO,2026-05-26
4980,375.0,116.4760973483944,EXITOSO,2026-05-26
4981,162.0,51.82320073677303,EXITOSO,2026-05-26
4982,746.0,21.71324923035096,EXITOSO,2026-05-26
4983,380.0,50.08995962167977,EXITOSO,2026-05-26
4984,656.0,54.526398665487896,FALLIDO,2026-05-26
4985,358.0,99.3435429579277,EXITOSO,2026-05-26
4986,188.0,64.26652413300476,EXITOSO,2026-05-26
4987,322.0,14.072425679230378,FALLIDO,2026-05-26
4988,450.0,92.21831454283566,EXITOSO,2026-05-26
4989,474.0,85.80511355175366,EXITOSO,2026-05-26
4990,13.0,64.28409807058458,EXITOSO,2026-05-26
4991,184.0,97.92985854551281,EXITOSO,2026-05-26
4992,111.0,104.62428044973566,EXITOSO,2026-05-26
4993,927.0,44.90238038856883,EXITOSO,2026-05-26
4994,508.0,23.993550659607912,FALLIDO,2026-05-26
4995,290.0,59.52494321195002,EXITOSO,2026-05-26
4996,295.0,81.4644690174332,FALLIDO,2026-05-26
4997,451.0,55.78580245186558,EXITOSO,2026-05-26
4998,904.0,20.46305668977211,EXITOSO,2026-05-26
4999,215.0,66.50687890082877,EXITOSO,2026-05-26
5000,974.0,-21.34002679962022,EXITOSO,2026-05-26
5001,632.0,47.02155711161865,EXITOSO,2026-05-26
5002,894.0,94.04663597960655,EXITOSO,2026-05-26
5003,567.0,96.21753469819103,EXITOSO,2026-05-26
5004,27.0,-90.39115706707571,EXITOSO,2026-05-26
5005,630.0,52.29663582187227,EXITOSO,2026-05-26
5006,733.0,83.97103180885033,EXITOSO,2026-05-26
5007,231.0,12.956717102707422,INVALIDO,2026-05-26
5008,565.0,45.12181300374687,EXITOSO,2026-05-26
5009,807.0,108.30867023638024,EXITOSO,2026-05-26
5010,321.0,40.63346333689026,EXITOSO,2026-05-26
5011,913.0,123.94566675621223,EXITOSO,2026-05-26
5012,233.0,30.352571341999376,EXITOSO,2026-05-26
5013,670.0,116.39520686472125,EXITOSO,2026-05-26
5014,437.0,61.34254219484865,EXITOSO,2026-05-26
5015,781.0,24.866908511989443,EXITOSO,2026-05-26
5016,533.0,116.52856331677222,EXITOSO,2026-05-26
5017,403.0,11.741001856737967,EXITOSO,2026-05-26
5018,53.0,28.161110237626822,EXITOSO,2026-05-26
5019,787.0,79.59677629157916,EXITOSO,2026-05-26
5020,313.0,63.23269578010465,EXITOSO,2026-05-26
5021,281.0,70.95855025011511,EXITOSO,2026-05-26
5022,726.0,45.267267073750375,EXITOSO,2026-05-26
5023,31.0,12.024259545433374,EXITOSO,2026-05-26
5024,337.0,33.909769477948196,EXITOSO,2026-05-26
5025,183.0,112.81597125786683,EXITOSO,2026-05-26
5026,23.0,6.520764158056963,EXITOSO,2026-05-26
5027,544.0,125.77869733399781,EXITOSO,2026-05-26
5028,446.0,72.63435946234169,EXITOSO,2026-05-26
5029,74.0,36.12780376587612,EXITOSO,2026-05-26
5030,10.0,-20.082119379094337,EXITOSO,2026-05-26
5031,484.0,-14.827423364723728,EXITOSO,2026-05-26
5032,456.0,45.76464400560397,EXITOSO,2026-05-26
5033,566.0,40.91823736969711,EXITOSO,2026-05-26
5034,564.0,64.7099429785218,EXITOSO,2026-05-26
5035,660.0,128.76577337354746,EXITOSO,2026-05-26
5036,160.0,81.50376065080962,EXITOSO,2026-05-26
5037,882.0,54.852448690217145,EXITOSO,2026-05-26
5038,14.0,108.67377426960087,EXITOSO,2026-05-26
5039,178.0,66.02615706956422,EXITOSO,2026-05-26
5040,412.0,123.98835975040717,EXITOSO,2026-05-26
5041,878.0,33.11654826530552,EXITOSO,2026-05-26
5042,53.0,14.088369125696055,EXITOSO,2026-05-26
5043,408.0,-20.01329105019434,EXITOSO,2026-05-26
5044,847.0,55.78354970086365,EXITOSO,2026-05-26
5045,22.0,10.614339065716422,EXITOSO,2026-05-26
5046,30.0,10.047874700412706,EXITOSO,2026-05-26
5047,703.0,101.37277665607287,INVALIDO,2026-05-26
5048,260.0,-8.884064986937204,EXITOSO,2026-05-26
5049,205.0,64.14233889989283,EXITOSO,2026-05-26
5050,59.0,56.67069158917373,EXITOSO,2026-05-26
5051,471.0,63.685245933265215,EXITOSO,2026-05-26
5052,776.0,115.364098749839,EXITOSO,2026-05-26
5053,466.0,26.972347855564614,EXITOSO,2026-05-26
5054,12.0,115.39793948393401,EXITOSO,2026-05-26
5055,631.0,-10.408202245882023,EXITOSO,2026-05-26
5056,927.0,86.02964148265858,EXITOSO,2026-05-26
5057,974.0,119.05493515484434,EXITOSO,2026-05-26
5058,290.0,-102.16200339040935,EXITOSO,2026-05-26
5059,850.0,58.58428299479675,EXITOSO,2026-05-26
5060,760.0,55.330774203356555,EXITOSO,2026-05-26
5061,354.0,62.87394036821771,EXITOSO,2026-05-26
5062,639.0,128.46231683960397,FALLIDO,2026-05-26
5063,75.0,29.454765346856977,EXITOSO,2026-05-26
5064,873.0,12.619658792820452,EXITOSO,2026-05-26
5065,716.0,63.16490731036699,FALLIDO,2026-05-26
5066,561.0,104.97253765224028,FALLIDO,2026-05-26
5067,591.0,82.3453953241928,EXITOSO,2026-05-26
5068,441.0,61.372879873242155,EXITOSO,2026-05-26
5069,991.0,50.830759887513224,EXITOSO,2026-05-26
5070,241.0,-20.277213159249428,EXITOSO,2026-05-26
5071,861.0,83.43450114468844,FALLIDO,2026-05-26
5072,154.0,88.21362331834342,EXITOSO,2026-05-26
5073,786.0,32.306657273869334,EXITOSO,2026-05-26
5074,96.0,41.411205328283486,FALLIDO,2026-05-26
5075,726.0,18.07083916158065,EXITOSO,2026-05-26
5076,294.0,94.72493891157194,FALLIDO,2026-05-26
5077,209.0,45.365348772224905,INVALIDO,2026-05-26
5078,343.0,54.02781330711963,EXITOSO,2026-05-26
5079,88.0,85.17056465375717,EXITOSO,2026-05-26
5080,818.0,73.07896213717835,EXITOSO,2026-05-26
5081,776.0,82.53124539068106,FALLIDO,2026-05-26
5082,937.0,66.99349224141989,INVALIDO,2026-05-26
5083,390.0,67.88473340490802,EXITOSO,2026-05-26
5084,325.0,67.50551417457014,EXITOSO,2026-05-26
5085,940.0,78.11663037396042,EXITOSO,2026-05-26
5086,889.0,80.06028366856053,EXITOSO,2026-05-26
5087,832.0,11.011681570157947,EXITOSO,2026-05-26
5088,157.0,36.11222994859072,EXITOSO,2026-05-26
5089,668.0,51.86566945992018,EXITOSO,2026-05-26
5090,651.0,78.07273025982197,EXITOSO,2026-05-26
5091,633.0,123.8969345130497,FALLIDO,2026-05-26
5092,577.0,27.471078734667962,EXITOSO,2026-05-26
5093,619.0,95.14606701520752,EXITOSO,2026-05-26
5094,659.0,37.24213950878283,EXITOSO,2026-05-26
5095,137.0,114.82067342578617,FALLIDO,2026-05-26
5096,923.0,136.49375727187817,EXITOSO,2026-05-26
5097,674.0,-9.920547745146521,EXITOSO,2026-05-26
5098,428.0,46.94665737170524,EXITOSO,2026-05-26
5099,452.0,-34.00978728070193,EXITOSO,2026-05-26
5100,612.0,-7.593440982364214,EXITOSO,2026-05-26
5101,850.0,-5.101009610148168,EXITOSO,2026-05-26
5102,911.0,84.96263899245147,EXITOSO,2026-05-26
5103,819.0,77.47934577308413,EXITOSO,2026-05-26
5104,141.0,92.04977818644196,EXITOSO,2026-05-26
5105,83.0,84.31666073499684,EXITOSO,2026-05-26
5106,177.0,79.40259285864984,EXITOSO,2026-05-26
5107,198.0,64.47428205378728,EXITOSO,2026-05-26
5108,624.0,54.764787786184705,EXITOSO,2026-05-26
5109,568.0,100.78390928179103,EXITOSO,2026-05-26
5110,972.0,60.491115560961546,EXITOSO,2026-05-26
5111,691.0,81.0071592635439,EXITOSO,2026-05-26
5112,421.0,-33.211413361285594,EXITOSO,2026-05-26
5113,401.0,12.9972367656368,FALLIDO,2026-05-26
5114,698.0,99.20897014581061,EXITOSO,2026-05-26
5115,471.0,33.26260266267261,EXITOSO,2026-05-26
5116,218.0,4.185699286703709,EXITOSO,2026-05-26
5117,925.0,85.6516932592548,EXITOSO,2026-05-26
5118,929.0,60.053373011137154,EXITOSO,2026-05-26
5119,828.0,43.72243314745662,EXITOSO,2026-05-26
5120,987.0,120.36443874964365,EXITOSO,2026-05-26
5121,729.0,113.49736431661671,EXITOSO,2026-05-26
5122,632.0,52.48651201539725,INVALIDO,2026-05-26
5123,951.0,88.89501219277184,EXITOSO,2026-05-26
5124,906.0,-29.54815248954236,FALLIDO,2026-05-26
5125,175.0,103.73436131589114,EXITOSO,2026-05-26
5126,23.0,16.53653965055841,EXITOSO,2026-05-26
5127,725.0,1.914322583326836,EXITOSO,2026-05-26
5128,917.0,-11.410601913662092,FALLIDO,2026-05-26
5129,235.0,-14.502075591145626,EXITOSO,2026-05-26
5130,13.0,103.21302163601767,EXITOSO,2026-05-26
5131,101.0,85.2457883713942,EXITOSO,2026-05-26
5132,929.0,29.365614295621608,FALLIDO,2026-05-26
5133,536.0,94.19596146952833,EXITOSO,2026-05-26
5134,876.0,36.200742831633164,EXITOSO,2026-05-26
5135,523.0,72.94597765954492,FALLIDO,2026-05-26
5136,785.0,40.7076389240843,FALLIDO,2026-05-26
5137,452.0,55.201474845308276,EXITOSO,2026-05-26
5138,431.0,23.67212368929423,FALLIDO,2026-05-26
5139,793.0,29.60729484795751,EXITOSO,2026-05-26
5140,606.0,81.763847238105,EXITOSO,2026-05-26
5141,713.0,88.19115867045,EXITOSO,2026-05-26
5142,533.0,43.43503540877556,EXITOSO,2026-05-26
5143,852.0,-1.021609770741705,EXITOSO,2026-05-26
5144,979.0,158.84988179644924,EXITOSO,2026-05-26
5145,723.0,61.467866329249546,EXITOSO,2026-05-26
5146,652.0,72.48563317629612,EXITOSO,2026-05-26
5147,293.0,9.54680806349672,FALLIDO,2026-05-26
5148,810.0,108.6093419593773,EXITOSO,2026-05-26
5149,913.0,114.7158105263442,EXITOSO,2026-05-26
5150,101.0,-8.321394305612571,EXITOSO,2026-05-26
5151,502.0,55.904574894983284,EXITOSO,2026-05-26
5152,304.0,52.78252117521451,EXITOSO,2026-05-26
5153,871.0,155.53787266187362,EXITOSO,2026-05-26
5154,540.0,117.74455228511582,EXITOSO,2026-05-26
5155,553.0,1.9688634412331538,FALLIDO,2026-05-26
5156,355.0,30.877912818029007,EXITOSO,2026-05-26
5157,303.0,24.28023939277614,EXITOSO,2026-05-26
5158,496.0,74.867055074037,EXITOSO,2026-05-26
5159,658.0,122.88835523057611,EXITOSO,2026-05-26
5160,768.0,64.36696130201278,EXITOSO,2026-05-26
5161,974.0,80.04664945751311,EXITOSO,2026-05-26
5162,227.0,33.42765182627425,EXITOSO,2026-05-26
5163,236.0,79.83230792637883,EXITOSO,2026-05-26
5164,873.0,41.1232866394198,EXITOSO,2026-05-26
5165,892.0,-5.630381253225664,EXITOSO,2026-05-26
5166,455.0,77.23482836540467,FALLIDO,2026-05-26
5167,13.0,59.60590313553549,EXITOSO,2026-05-26
5168,210.0,16.112098272609742,EXITOSO,2026-05-26
5169,741.0,125.81541300415996,EXITOSO,2026-05-26
5170,397.0,29.341840421531398,EXITOSO,2026-05-26
5171,100.0,84.36405257755342,EXITOSO,2026-05-26
5172,31.0,45.49807237799343,FALLIDO,2026-05-26
5173,898.0,121.74308875430327,EXITOSO,2026-05-26
5174,528.0,50.49648345085737,EXITOSO,2026-05-26
5175,649.0,-6.9851235444100865,EXITOSO,2026-05-26
5176,329.0,92.40008456876379,EXITOSO,2026-05-26
5177,166.0,121.58175950758935,EXITOSO,2026-05-26
5178,459.0,42.895544096160265,FALLIDO,2026-05-26
5179,822.0,87.15539238609794,EXITOSO,2026-05-26
5180,952.0,65.17726420195116,EXITOSO,2026-05-26
5181,982.0,44.691361782979534,EXITOSO,2026-05-26
5182,993.0,93.6304151048815,EXITOSO,2026-05-26
5183,100.0,27.998560425907,EXITOSO,2026-05-26
5184,621.0,61.29980819148468,EXITOSO,2026-05-26
5185,855.0,70.2942690641781,FALLIDO,2026-05-26
5186,173.0,68.84357481434812,EXITOSO,2026-05-26
5187,749.0,28.983729665845207,FALLIDO,2026-05-26
5188,162.0,142.38420879874735,EXITOSO,2026-05-26
5189,905.0,110.48981331288448,EXITOSO,2026-05-26
5190,728.0,99.6165023499835,EXITOSO,2026-05-26
5191,776.0,117.32851899911446,EXITOSO,2026-05-26
5192,263.0,62.75046190949536,EXITOSO,2026-05-26
5193,804.0,45.14838794278522,EXITOSO,2026-05-26
5194,274.0,16.438568978624097,EXITOSO,2026-05-26
5195,3.0,31.862736481894046,EXITOSO,2026-05-26
5196,28.0,19.439064787840223,FALLIDO,2026-05-26
5197,326.0,38.87578074309974,FALLIDO,2026-05-26
5198,940.0,71.05902504532712,EXITOSO,2026-05-26
5199,149.0,96.5609959684563,EXITOSO,2026-05-26
5200,540.0,95.45414031155413,EXITOSO,2026-05-26
5201,488.0,13.139694190842953,EXITOSO,2026-05-26
5202,822.0,87.56517275212019,EXITOSO,2026-05-26
5203,438.0,105.75429749654839,EXITOSO,2026-05-26
5204,65.0,49.830594857786394,EXITOSO,2026-05-26
5205,356.0,107.91000110302154,EXITOSO,2026-05-26
5206,533.0,95.0320104040083,EXITOSO,2026-05-26
5207,252.0,9.416362299481278,EXITOSO,2026-05-26
5208,235.0,147.6694474563148,FALLIDO,2026-05-26
5209,227.0,31.3740974340017,INVALIDO,2026-05-26
5210,525.0,98.29679791302092,EXITOSO,2026-05-26
5211,313.0,96.84888001594337,EXITOSO,2026-05-26
5212,49.0,11.039523935601004,EXITOSO,2026-05-26
5213,118.0,67.15917938024167,EXITOSO,2026-05-26
5214,54.0,96.35665242156838,EXITOSO,2026-05-26
5215,650.0,10.615467680611992,EXITOSO,2026-05-26
5216,565.0,63.984646393852465,EXITOSO,2026-05-26
5217,44.0,99.70692217475863,EXITOSO,2026-05-26
5218,815.0,102.2896239914842,EXITOSO,2026-05-26
5219,53.0,44.11707902861448,EXITOSO,2026-05-26
5220,586.0,121.7747686363528,EXITOSO,2026-05-26
5221,558.0,112.2208823340533,EXITOSO,2026-05-26
5222,525.0,69.64911855769601,EXITOSO,2026-05-26
5223,677.0,33.641942269315635,EXITOSO,2026-05-26
5224,102.0,13.365927118718574,EXITOSO,2026-05-26
5225,792.0,75.10182645796456,EXITOSO,2026-05-26
5226,770.0,118.58050284227318,EXITOSO,2026-05-26
5227,982.0,54.113893368912386,EXITOSO,2026-05-26
5228,849.0,25.63672625035113,EXITOSO,2026-05-26
5229,868.0,92.9969554070398,FALLIDO,2026-05-26
5230,398.0,66.98049984735701,EXITOSO,2026-05-26
5231,138.0,80.63619948794394,FALLIDO,2026-05-26
5232,675.0,38.98885316120438,EXITOSO,2026-05-26
5233,921.0,45.20595154250937,EXITOSO,2026-05-26
5234,387.0,38.80017345307478,EXITOSO,2026-05-26
5235,111.0,79.9667649127134,EXITOSO,2026-05-26
5236,614.0,46.42417278275552,EXITOSO,2026-05-26
5237,17.0,83.69697451884629,EXITOSO,2026-05-26
5238,780.0,35.14513516232117,FALLIDO,2026-05-26
5239,182.0,79.90006274538892,FALLIDO,2026-05-26
5240,884.0,88.15124681264378,EXITOSO,2026-05-26
5241,536.0,73.26171798435247,EXITOSO,2026-05-26
5242,541.0,96.68173787038023,EXITOSO,2026-05-26
5243,171.0,40.74174031483241,EXITOSO,2026-05-26
5244,409.0,87.70568531673385,FALLIDO,2026-05-26
5245,740.0,69.3338125136392,EXITOSO,2026-05-26
5246,378.0,27.610646129722276,EXITOSO,2026-05-26
5247,188.0,-16.281280854443338,FALLIDO,2026-05-26
5248,858.0,-7.726405138932307,EXITOSO,2026-05-26
5249,230.0,-28.33446011634399,INVALIDO,2026-05-26
5250,833.0,77.04517110273616,EXITOSO,2026-05-26
5251,852.0,47.00923913032716,FALLIDO,2026-05-26
5252,119.0,63.48849356202099,EXITOSO,2026-05-26
5253,156.0,52.78393666151928,EXITOSO,2026-05-26
5254,784.0,83.26680291555172,EXITOSO,2026-05-26
5255,687.0,84.4364960179121,EXITOSO,2026-05-26
5256,465.0,61.716033349430965,FALLIDO,2026-05-26
5257,104.0,64.13681786376259,EXITOSO,2026-05-26
5258,604.0,65.73458753513349,FALLIDO,2026-05-26
5259,698.0,115.67131807335494,EXITOSO,2026-05-26
5260,972.0,-20.183941953097744,EXITOSO,2026-05-26
5261,795.0,33.17916420205806,EXITOSO,2026-05-26
5262,502.0,94.61045174093826,EXITOSO,2026-05-26
5263,693.0,104.31609993100395,EXITOSO,2026-05-26
5264,682.0,77.08800334073223,EXITOSO,2026-05-26
5265,699.0,52.63491965981849,EXITOSO,2026-05-26
5266,175.0,134.46238830691183,EXITOSO,2026-05-26
5267,734.0,67.112469996951,EXITOSO,2026-05-26
5268,745.0,61.23143960705185,EXITOSO,2026-05-26
5269,674.0,113.27141252171828,FALLIDO,2026-05-26
5270,421.0,79.02204538894728,EXITOSO,2026-05-26
5271,134.0,97.59320888756764,EXITOSO,2026-05-26
5272,391.0,102.27889333598306,EXITOSO,2026-05-26
5273,992.0,45.10113510439612,EXITOSO,2026-05-26
5274,736.0,130.70927249455713,EXITOSO,2026-05-26
5275,501.0,-38.4848044370425,EXITOSO,2026-05-26
5276,665.0,-19.186276312290346,EXITOSO,2026-05-26
5277,33.0,32.79141510910788,EXITOSO,2026-05-26
5278,55.0,43.065577749009734,EXITOSO,2026-05-26
5279,954.0,74.50498765741936,EXITOSO,2026-05-26
5280,519.0,32.42221849962633,EXITOSO,2026-05-26
5281,756.0,59.52326440108704,EXITOSO,2026-05-26
5282,825.0,51.79429309728832,EXITOSO,2026-05-26
5283,638.0,140.1786025575897,FALLIDO,2026-05-26
5284,12.0,27.800973629995653,EXITOSO,2026-05-26
5285,528.0,-7.321782262465916,EXITOSO,2026-05-26
5286,720.0,104.76000930160419,EXITOSO,2026-05-26
5287,555.0,31.441737335540523,FALLIDO,2026-05-26
5288,373.0,56.333468365990186,EXITOSO,2026-05-26
5289,484.0,34.15298199494507,EXITOSO,2026-05-26
5290,973.0,89.48704392204772,EXITOSO,2026-05-26
5291,647.0,5.029017777810807,EXITOSO,2026-05-26
5292,228.0,-51.96767387583901,EXITOSO,2026-05-26
5293,623.0,111.82865153893178,EXITOSO,2026-05-26
5294,307.0,69.8988324329263,EXITOSO,2026-05-26
5295,457.0,102.90577668628978,EXITOSO,2026-05-26
5296,160.0,110.48847891571629,EXITOSO,2026-05-26
5297,331.0,23.341351448306902,EXITOSO,2026-05-26
5298,776.0,62.426599915869275,EXITOSO,2026-05-26
5299,225.0,80.21553916382214,EXITOSO,2026-05-26
5300,983.0,55.6683171121411,EXITOSO,2026-05-26
5301,729.0,47.51395130656833,EXITOSO,2026-05-26
5302,504.0,51.453952525540174,EXITOSO,2026-05-26
5303,456.0,103.34171485221532,EXITOSO,2026-05-26
5304,45.0,49.639512196497904,EXITOSO,2026-05-26
5305,214.0,84.00917870413906,EXITOSO,2026-05-26
5306,59.0,73.87571214728374,EXITOSO,2026-05-26
5307,644.0,21.432679793195597,EXITOSO,2026-05-26
5308,616.0,72.07877958056504,EXITOSO,2026-05-26
5309,195.0,-1.5468429173037634,FALLIDO,2026-05-26
5310,925.0,76.05732947777511,EXITOSO,2026-05-26
5311,489.0,95.64468745030001,EXITOSO,2026-05-26
5312,157.0,104.85656116387688,EXITOSO,2026-05-26
5313,610.0,21.892394374829898,EXITOSO,2026-05-26
5314,226.0,38.553837144125765,EXITOSO,2026-05-26
5315,412.0,71.36260828258091,FALLIDO,2026-05-26
5316,205.0,40.96300753858221,EXITOSO,2026-05-26
5317,79.0,-17.15507931184034,EXITOSO,2026-05-26
5318,124.0,38.33214104974215,EXITOSO,2026-05-26
5319,471.0,71.20806552962509,EXITOSO,2026-05-26
5320,940.0,102.70113258561929,FALLIDO,2026-05-26
5321,218.0,127.56833980904852,EXITOSO,2026-05-26
5322,516.0,64.99791337160308,EXITOSO,2026-05-26
5323,602.0,82.65977945591166,EXITOSO,2026-05-26
5324,104.0,98.43135965255165,EXITOSO,2026-05-26
5325,393.0,-22.022379624670037,EXITOSO,2026-05-26
5326,631.0,19.231356339618642,EXITOSO,2026-05-26
5327,645.0,64.10248814290071,EXITOSO,2026-05-26
5328,824.0,122.23779472879124,EXITOSO,2026-05-26
5329,608.0,85.19042927494607,EXITOSO,2026-05-26
5330,980.0,73.18798418356063,EXITOSO,2026-05-26
5331,434.0,50.875518458204,EXITOSO,2026-05-26
5332,331.0,77.07176522494026,EXITOSO,2026-05-26
5333,143.0,36.14237593871232,EXITOSO,2026-05-26
5334,800.0,28.806828818720277,EXITOSO,2026-05-26
5335,540.0,32.28252005632074,EXITOSO,2026-05-26
5336,278.0,113.61926044691779,EXITOSO,2026-05-26
5337,233.0,26.389917168188838,FALLIDO,2026-05-26
5338,529.0,44.0489164867552,EXITOSO,2026-05-26
5339,571.0,78.84044927302233,EXITOSO,2026-05-26
5340,90.0,24.79260589923114,EXITOSO,2026-05-26
5341,492.0,69.04655649296777,FALLIDO,2026-05-26
5342,199.0,69.03216773627265,EXITOSO,2026-05-26
5343,362.0,35.021835649604455,EXITOSO,2026-05-26
5344,441.0,49.64879118651115,EXITOSO,2026-05-26
5345,26.0,22.25694840286682,FALLIDO,2026-05-26
5346,25.0,115.31064014170579,EXITOSO,2026-05-26
5347,394.0,70.30375442495418,EXITOSO,2026-05-26
5348,507.0,18.054276847776094,EXITOSO,2026-05-26
5349,301.0,65.05272332134678,FALLIDO,2026-05-26
5350,339.0,66.86376648259646,EXITOSO,2026-05-26
5351,267.0,-29.729593749569176,EXITOSO,2026-05-26
5352,461.0,113.61776177371779,EXITOSO,2026-05-26
5353,693.0,20.415675508741636,EXITOSO,2026-05-26
5354,456.0,143.60858748548674,EXITOSO,2026-05-26
5355,360.0,91.81163043882663,EXITOSO,2026-05-26
5356,68.0,14.926810401310163,INVALIDO,2026-05-26
5357,863.0,47.429975168004965,EXITOSO,2026-05-26
5358,412.0,96.90472642214193,FALLIDO,2026-05-26
5359,971.0,50.48989047778217,EXITOSO,2026-05-26
5360,491.0,107.12949337674377,EXITOSO,2026-05-26
5361,833.0,44.957247688875256,EXITOSO,2026-05-26
5362,49.0,56.85339068549839,EXITOSO,2026-05-26
5363,687.0,98.0060012084334,EXITOSO,2026-05-26
5364,564.0,84.13563972719949,EXITOSO,2026-05-26
5365,102.0,22.99090250083787,INVALIDO,2026-05-26
5366,216.0,77.3620654564439,EXITOSO,2026-05-26
5367,438.0,66.69792442657234,EXITOSO,2026-05-26
5368,700.0,23.530662894533577,EXITOSO,2026-05-26
5369,569.0,4.380920262376421,EXITOSO,2026-05-26
5370,559.0,-17.255346597707515,EXITOSO,2026-05-26
5371,159.0,48.223036606778145,EXITOSO,2026-05-26
5372,489.0,57.83973589009879,EXITOSO,2026-05-26
5373,686.0,80.18312224750629,EXITOSO,2026-05-26
5374,242.0,92.81914478332388,FALLIDO,2026-05-26
5375,794.0,43.44564627562581,EXITOSO,2026-05-26
5376,753.0,56.677146118365314,FALLIDO,2026-05-26
5377,882.0,29.6511071605588,EXITOSO,2026-05-26
5378,5.0,63.48953683224628,EXITOSO,2026-05-26
5379,596.0,98.74034726553111,EXITOSO,2026-05-26
5380,820.0,64.04571365783261,EXITOSO,2026-05-26
5381,361.0,106.53301600034126,EXITOSO,2026-05-26
5382,459.0,98.07126641294496,EXITOSO,2026-05-26
5383,248.0,118.30791341253,EXITOSO,2026-05-26
5384,566.0,65.16929728108306,EXITOSO,2026-05-26
5385,673.0,38.7027930057011,EXITOSO,2026-05-26
5386,946.0,84.84934091023827,EXITOSO,2026-05-26
5387,422.0,45.083880125939615,EXITOSO,2026-05-26
5388,923.0,83.5940655729857,EXITOSO,2026-05-26
5389,738.0,33.487867724654365,EXITOSO,2026-05-26
5390,15.0,26.863765921431828,EXITOSO,2026-05-26
5391,736.0,108.65783933989935,EXITOSO,2026-05-26
5392,573.0,19.49702276742716,EXITOSO,2026-05-26
5393,122.0,100.88991115104128,EXITOSO,2026-05-26
5394,277.0,83.44123880637781,EXITOSO,2026-05-26
5395,558.0,63.771902702350715,EXITOSO,2026-05-26
5396,453.0,-15.705794097385194,EXITOSO,2026-05-26
5397,390.0,119.42636487389753,EXITOSO,2026-05-26
5398,294.0,22.60641325710354,EXITOSO,2026-05-26
5399,574.0,98.126144875167,EXITOSO,2026-05-26
5400,598.0,32.362367938244255,EXITOSO,2026-05-26
5401,446.0,29.153471491260667,INVALIDO,2026-05-26
5402,210.0,86.74464447651722,EXITOSO,2026-05-26
5403,590.0,81.53860147110926,FALLIDO,2026-05-26
5404,714.0,14.196098112252315,EXITOSO,2026-05-26
5405,302.0,117.47036482151172,EXITOSO,2026-05-26
5406,909.0,51.75817338495707,EXITOSO,2026-05-26
5407,223.0,62.757146681574376,EXITOSO,2026-05-26
5408,734.0,48.11689504134882,EXITOSO,2026-05-26
5409,3.0,15.889443558898009,EXITOSO,2026-05-26
5410,990.0,89.40897845740284,EXITOSO,2026-05-26
5411,518.0,71.58202780112822,EXITOSO,2026-05-26
5412,93.0,27.796606222167625,EXITOSO,2026-05-26
5413,520.0,97.76533319773037,EXITOSO,2026-05-26
5414,428.0,62.19347765016024,EXITOSO,2026-05-26
5415,493.0,63.05508066440279,EXITOSO,2026-05-26
5416,235.0,131.06074764364564,FALLIDO,2026-05-26
5417,620.0,-4.31999166067861,FALLIDO,2026-05-26
5418,161.0,-4.848156382838042,FALLIDO,2026-05-26
5419,721.0,4.159797366382421,EXITOSO,2026-05-26
5420,752.0,74.54532932646129,EXITOSO,2026-05-26
5421,331.0,45.6382566799889,EXITOSO,2026-05-26
5422,333.0,48.818141904243234,FALLIDO,2026-05-26
5423,50.0,22.3033435353339,FALLIDO,2026-05-26
5424,523.0,126.61005095286792,EXITOSO,2026-05-26
5425,863.0,140.04071880291545,EXITOSO,2026-05-26
5426,668.0,95.95618251126149,FALLIDO,2026-05-26
5427,492.0,-0.29142691377714414,EXITOSO,2026-05-26
5428,582.0,40.524125700431014,EXITOSO,2026-05-26
5429,681.0,93.09844538478866,INVALIDO,2026-05-26
5430,272.0,58.166826089544756,EXITOSO,2026-05-26
5431,580.0,96.08881782270326,FALLIDO,2026-05-26
5432,867.0,109.91261490313317,EXITOSO,2026-05-26
5433,252.0,136.28782906768808,EXITOSO,2026-05-26
5434,560.0,33.80539365375894,EXITOSO,2026-05-26
5435,696.0,63.25139788126536,EXITOSO,2026-05-26
5436,832.0,42.36946752808939,EXITOSO,2026-05-26
5437,699.0,-20.03128959853595,FALLIDO,2026-05-26
5438,90.0,88.06350924228799,FALLIDO,2026-05-26
5439,446.0,82.53767205005639,EXITOSO,2026-05-26
5440,332.0,38.12695387578618,EXITOSO,2026-05-26
5441,139.0,-3.922219677155809,EXITOSO,2026-05-26
5442,357.0,44.635069639619985,EXITOSO,2026-05-26
5443,601.0,89.24506620044453,EXITOSO,2026-05-26
5444,274.0,113.49331520457694,EXITOSO,2026-05-26
5445,19.0,31.4968534853069,EXITOSO,2026-05-26
5446,983.0,104.30785410630244,FALLIDO,2026-05-26
5447,311.0,84.89883664754984,EXITOSO,2026-05-26
5448,870.0,76.52936323138672,EXITOSO,2026-05-26
5449,886.0,8.257914170271548,EXITOSO,2026-05-26
5450,978.0,9.996180937071742,EXITOSO,2026-05-26
5451,154.0,26.76856147598354,FALLIDO,2026-05-26
5452,390.0,46.94449928160111,EXITOSO,2026-05-26
5453,260.0,132.02984276944477,FALLIDO,2026-05-26
5454,620.0,33.51059598397855,EXITOSO,2026-05-26
5455,883.0,90.85005657004847,EXITOSO,2026-05-26
5456,797.0,41.40947047538652,EXITOSO,2026-05-26
5457,571.0,78.90829251477382,INVALIDO,2026-05-26
5458,125.0,57.48075336848645,EXITOSO,2026-05-26
5459,354.0,67.08092515975133,EXITOSO,2026-05-26
5460,273.0,74.78459183600066,EXITOSO,2026-05-26
5461,619.0,50.0217077851954,EXITOSO,2026-05-26
5462,811.0,74.97856162788635,EXITOSO,2026-05-26
5463,245.0,109.35663314346696,INVALIDO,2026-05-26
5464,848.0,29.835383385707644,FALLIDO,2026-05-26
5465,450.0,107.43463291730245,EXITOSO,2026-05-26
5466,930.0,49.39187977438763,EXITOSO,2026-05-26
5467,247.0,45.16030797581503,EXITOSO,2026-05-26
5468,520.0,87.98237445444295,EXITOSO,2026-05-26
5469,141.0,46.35363267567085,EXITOSO,2026-05-26
5470,362.0,72.76677002259666,EXITOSO,2026-05-26
5471,8.0,69.029916304453,EXITOSO,2026-05-26
5472,478.0,-23.339487411284125,EXITOSO,2026-05-26
5473,352.0,76.70340328413727,EXITOSO,2026-05-26
5474,996.0,2.3559319467011264,EXITOSO,2026-05-26
5475,495.0,5.404737009369995,EXITOSO,2026-05-26
5476,606.0,74.65854982249907,EXITOSO,2026-05-26
5477,833.0,81.46359069265122,EXITOSO,2026-05-26
5478,427.0,108.20197827355626,EXITOSO,2026-05-26
5479,39.0,16.425296497429784,EXITOSO,2026-05-26
5480,593.0,30.348839828970625,EXITOSO,2026-05-26
5481,187.0,78.57463175377426,EXITOSO,2026-05-26
5482,596.0,108.97109837422929,EXITOSO,2026-05-26
5483,600.0,67.68699168252714,EXITOSO,2026-05-26
5484,754.0,24.88004203048115,EXITOSO,2026-05-26
5485,854.0,120.25668094324604,EXITOSO,2026-05-26
5486,93.0,49.505338790756696,EXITOSO,2026-05-26
5487,86.0,50.75197498944378,FALLIDO,2026-05-26
5488,44.0,2.5661044316638666,FALLIDO,2026-05-26
5489,137.0,88.96350699786167,FALLIDO,2026-05-26
5490,421.0,94.10422357522356,EXITOSO,2026-05-26
5491,74.0,31.766759464394205,EXITOSO,2026-05-26
5492,548.0,130.0482823622266,EXITOSO,2026-05-26
5493,613.0,36.51486451110618,EXITOSO,2026-05-26
5494,988.0,85.01017915184248,EXITOSO,2026-05-26
5495,512.0,68.94596821168838,EXITOSO,2026-05-26
5496,156.0,-21.022247798420977,EXITOSO,2026-05-26
5497,938.0,81.75613934179333,EXITOSO,2026-05-26
5498,255.0,78.1649858468102,EXITOSO,2026-05-26
5499,171.0,-10.65530655779122,EXITOSO,2026-05-26
5500,981.0,121.0133309479817,EXITOSO,2026-05-26
5501,728.0,78.32753719445779,FALLIDO,2026-05-26
5502,170.0,109.57604533685203,EXITOSO,2026-05-26
5503,764.0,-8.64428851084503,EXITOSO,2026-05-26
5504,872.0,43.582708148706715,EXITOSO,2026-05-26
5505,322.0,107.22410024006,EXITOSO,2026-05-26
5506,567.0,-2.731654238568204,EXITOSO,2026-05-26
5507,456.0,44.755593805840235,EXITOSO,2026-05-26
5508,944.0,76.26006290242374,EXITOSO,2026-05-26
5509,603.0,-15.783213190350722,FALLIDO,2026-05-26
5510,790.0,7.144409733435886,EXITOSO,2026-05-26
5511,613.0,115.28336939990321,EXITOSO,2026-05-26
5512,155.0,62.39178425160634,EXITOSO,2026-05-26
5513,889.0,107.06800374637508,EXITOSO,2026-05-26
5514,349.0,67.28382383579392,EXITOSO,2026-05-26
5515,451.0,158.23585747979382,EXITOSO,2026-05-26
5516,876.0,77.54929132781378,EXITOSO,2026-05-26
5517,653.0,110.79115761739597,EXITOSO,2026-05-26
5518,173.0,50.156542540387704,EXITOSO,2026-05-26
5519,10.0,68.42918433673354,EXITOSO,2026-05-26
5520,740.0,85.67483109716099,EXITOSO,2026-05-26
5521,265.0,92.31225834181225,EXITOSO,2026-05-26
5522,438.0,58.440362544558994,EXITOSO,2026-05-26
5523,760.0,60.10977558767791,EXITOSO,2026-05-26
5524,247.0,80.07679032162,EXITOSO,2026-05-26
5525,667.0,80.05052488600826,EXITOSO,2026-05-26
5526,546.0,18.99766409643842,EXITOSO,2026-05-26
5527,499.0,68.99844606730947,EXITOSO,2026-05-26
5528,129.0,72.8309570679364,EXITOSO,2026-05-26
5529,672.0,20.947273707873805,EXITOSO,2026-05-26
5530,601.0,96.23707331634779,EXITOSO,2026-05-26
5531,605.0,76.50978492887828,INVALIDO,2026-05-26
5532,327.0,153.22597253876572,EXITOSO,2026-05-26
5533,753.0,58.959459503824625,EXITOSO,2026-05-26
5534,835.0,105.4444433613086,EXITOSO,2026-05-26
5535,980.0,81.56502286123546,EXITOSO,2026-05-26
5536,404.0,136.85758106213146,EXITOSO,2026-05-26
5537,629.0,21.200769702575776,EXITOSO,2026-05-26
5538,606.0,40.187439807995034,EXITOSO,2026-05-26
5539,675.0,22.571701941229954,EXITOSO,2026-05-26
5540,611.0,56.88329579040561,EXITOSO,2026-05-26
5541,625.0,15.011027671699935,EXITOSO,2026-05-26
5542,359.0,-1.0433562902085143,EXITOSO,2026-05-26
5543,603.0,-25.336940128750882,EXITOSO,2026-05-26
5544,858.0,-27.898784359868714,EXITOSO,2026-05-26
5545,718.0,86.2556676224859,EXITOSO,2026-05-26
5546,17.0,41.78247001309052,EXITOSO,2026-05-26
5547,274.0,10.649917564189451,EXITOSO,2026-05-26
5548,685.0,33.63681473150924,EXITOSO,2026-05-26
5549,116.0,38.8838821184342,EXITOSO,2026-05-26
5550,861.0,21.41599159371129,EXITOSO,2026-05-26
5551,980.0,124.22201976949088,EXITOSO,2026-05-26
5552,693.0,116.67315611257092,EXITOSO,2026-05-26
5553,91.0,123.53959394447759,EXITOSO,2026-05-26
5554,82.0,67.16785550752446,EXITOSO,2026-05-26
5555,324.0,71.21857947756679,EXITOSO,2026-05-26
5556,961.0,33.89543770460132,EXITOSO,2026-05-26
5557,114.0,26.117155750851083,FALLIDO,2026-05-26
5558,769.0,60.86902327016819,INVALIDO,2026-05-26
5559,58.0,86.0942410058674,EXITOSO,2026-05-26
5560,154.0,107.83072607437589,EXITOSO,2026-05-26
5561,877.0,38.16043427731958,EXITOSO,2026-05-26
5562,404.0,9.890646049184824,EXITOSO,2026-05-26
5563,628.0,89.35939946265091,EXITOSO,2026-05-26
5564,855.0,-12.725742061168432,INVALIDO,2026-05-26
5565,266.0,58.43157724045576,EXITOSO,2026-05-26
5566,315.0,63.57218503253507,EXITOSO,2026-05-26
5567,715.0,44.84848795064329,EXITOSO,2026-05-26
5568,41.0,-1.8098043403824988,FALLIDO,2026-05-26
5569,105.0,45.3755596391513,EXITOSO,2026-05-26
5570,901.0,125.70169804006471,EXITOSO,2026-05-26
5571,890.0,83.66886405465664,FALLIDO,2026-05-26
5572,193.0,106.46858408118077,FALLIDO,2026-05-26
5573,401.0,11.311926912709708,FALLIDO,2026-05-26
5574,278.0,70.22831729109274,EXITOSO,2026-05-26
5575,354.0,63.533614067982526,EXITOSO,2026-05-26
5576,749.0,64.30821805212496,EXITOSO,2026-05-26
5577,937.0,82.23383730981921,EXITOSO,2026-05-26
5578,733.0,65.89290003826322,EXITOSO,2026-05-26
5579,580.0,12.421637060023052,EXITOSO,2026-05-26
5580,709.0,84.53016195941589,FALLIDO,2026-05-26
5581,256.0,93.63537118922062,FALLIDO,2026-05-26
5582,651.0,112.77915882505755,EXITOSO,2026-05-26
5583,824.0,114.54611375670395,EXITOSO,2026-05-26
5584,947.0,79.05732267429562,EXITOSO,2026-05-26
5585,661.0,14.28651567611054,FALLIDO,2026-05-26
5586,99.0,-1.1753533685838562,EXITOSO,2026-05-26
5587,588.0,50.916255742398405,EXITOSO,2026-05-26
5588,282.0,96.7788389810805,EXITOSO,2026-05-26
5589,883.0,94.20140272790279,FALLIDO,2026-05-26
5590,403.0,70.95997049052717,EXITOSO,2026-05-26
5591,109.0,58.53763044835128,EXITOSO,2026-05-26
5592,700.0,136.1494089679872,INVALIDO,2026-05-26
5593,199.0,82.9612750352454,EXITOSO,2026-05-26
5594,303.0,56.50907692428686,EXITOSO,2026-05-26
5595,327.0,34.18235905334552,EXITOSO,2026-05-26
5596,154.0,19.655787291630645,EXITOSO,2026-05-26
5597,552.0,15.717439416394221,EXITOSO,2026-05-26
5598,645.0,19.660263087305133,EXITOSO,2026-05-26
5599,405.0,71.2380845303505,EXITOSO,2026-05-26
5600,462.0,59.27721357876498,INVALIDO,2026-05-26
5601,132.0,46.963409508381645,EXITOSO,2026-05-26
5602,791.0,89.45911740407826,EXITOSO,2026-05-26
5603,874.0,132.36699736689968,EXITOSO,2026-05-26
5604,84.0,27.066122548479996,EXITOSO,2026-05-26
5605,399.0,33.02855827125656,EXITOSO,2026-05-26
5606,754.0,-28.682095668538423,EXITOSO,2026-05-26
5607,628.0,58.9467665812119,EXITOSO,2026-05-26
5608,109.0,54.89517726292985,EXITOSO,2026-05-26
5609,221.0,95.71160980857574,EXITOSO,2026-05-26
5610,904.0,56.52749104157399,EXITOSO,2026-05-26
5611,553.0,36.475628088179946,EXITOSO,2026-05-26
5612,368.0,67.70742969220349,EXITOSO,2026-05-26
5613,147.0,82.28273436566612,INVALIDO,2026-05-26
5614,112.0,-4.709162364993418,FALLIDO,2026-05-26
5615,615.0,100.27563962928191,EXITOSO,2026-05-26
5616,558.0,112.25211146860474,EXITOSO,2026-05-26
5617,924.0,81.89820563919704,EXITOSO,2026-05-26
5618,494.0,22.61779758872317,EXITOSO,2026-05-26
5619,505.0,46.95893846072386,EXITOSO,2026-05-26
5620,475.0,107.31497982888926,EXITOSO,2026-05-26
5621,836.0,20.871165853824046,EXITOSO,2026-05-26
5622,890.0,85.14574831060764,FALLIDO,2026-05-26
5623,271.0,57.96911962907364,EXITOSO,2026-05-26
5624,995.0,66.4077299802789,EXITOSO,2026-05-26
5625,421.0,26.56914090700758,EXITOSO,2026-05-26
5626,897.0,73.2265714040857,EXITOSO,2026-05-26
5627,707.0,70.36302948457343,EXITOSO,2026-05-26
5628,367.0,-0.37434362266459686,EXITOSO,2026-05-26
5629,280.0,59.82224421798522,EXITOSO,2026-05-26
5630,283.0,84.55588628319906,EXITOSO,2026-05-26
5631,40.0,44.588669988144254,EXITOSO,2026-05-26
5632,959.0,-37.909222044176545,EXITOSO,2026-05-26
5633,189.0,55.407331004082515,EXITOSO,2026-05-26
5634,164.0,118.6587173258128,EXITOSO,2026-05-26
5635,994.0,46.22122042156553,EXITOSO,2026-05-26
5636,989.0,117.14604331428836,EXITOSO,2026-05-26
5637,536.0,27.50569774755857,EXITOSO,2026-05-26
5638,536.0,13.561174170920694,FALLIDO,2026-05-26
5639,4.0,59.795894487096426,EXITOSO,2026-05-26
5640,835.0,27.096865290583914,EXITOSO,2026-05-26
5641,290.0,73.19430951442226,EXITOSO,2026-05-26
5642,953.0,45.09716582938516,EXITOSO,2026-05-26
5643,433.0,118.95668181023238,FALLIDO,2026-05-26
5644,471.0,42.33330115130816,EXITOSO,2026-05-26
5645,181.0,63.5894784060768,EXITOSO,2026-05-26
5646,248.0,83.85342913774676,EXITOSO,2026-05-26
5647,628.0,98.25264157832193,EXITOSO,2026-05-26
5648,279.0,119.18570783768621,EXITOSO,2026-05-26
5649,877.0,50.60546929436009,EXITOSO,2026-05-26
5650,581.0,44.02767603447664,EXITOSO,2026-05-26
5651,863.0,-16.55666796785337,FALLIDO,2026-05-26
5652,254.0,141.66845965659257,EXITOSO,2026-05-26
5653,181.0,74.43856388933276,EXITOSO,2026-05-26
5654,830.0,90.07232263088838,FALLIDO,2026-05-26
5655,681.0,82.22915499650483,EXITOSO,2026-05-26
5656,825.0,61.98139531503998,FALLIDO,2026-05-26
5657,509.0,74.01410322013449,INVALIDO,2026-05-26
5658,761.0,37.613502032629924,EXITOSO,2026-05-26
5659,700.0,47.91605397042026,EXITOSO,2026-05-26
5660,566.0,21.991767985484707,EXITOSO,2026-05-26
5661,326.0,122.28975854894233,FALLIDO,2026-05-26
5662,357.0,82.45924039585412,EXITOSO,2026-05-26
5663,825.0,139.04690321017281,EXITOSO,2026-05-26
5664,650.0,151.85532983781675,INVALIDO,2026-05-26
5665,680.0,3.8337504153100497,EXITOSO,2026-05-26
5666,391.0,99.4091349149215,FALLIDO,2026-05-26
5667,615.0,5.681452918782604,EXITOSO,2026-05-26
5668,934.0,67.096699538578,FALLIDO,2026-05-26
5669,85.0,72.58917879438116,EXITOSO,2026-05-26
5670,317.0,8.51335403569773,EXITOSO,2026-05-26
5671,212.0,30.49926657835551,EXITOSO,2026-05-26
5672,515.0,74.41405903105377,EXITOSO,2026-05-26
5673,384.0,67.0520279616252,EXITOSO,2026-05-26
5674,691.0,19.265137474619266,EXITOSO,2026-05-26
5675,342.0,32.078756162411864,EXITOSO,2026-05-26
5676,815.0,0.34238846064363315,EXITOSO,2026-05-26
5677,964.0,11.883058167074545,EXITOSO,2026-05-26
5678,988.0,45.143183539461,INVALIDO,2026-05-26
5679,844.0,99.49812450790728,EXITOSO,2026-05-26
5680,38.0,104.569322980892,EXITOSO,2026-05-26
5681,511.0,133.3374678152025,EXITOSO,2026-05-26
5682,420.0,76.97056740624183,EXITOSO,2026-05-26
5683,751.0,67.53132270866772,EXITOSO,2026-05-26
5684,169.0,79.80585363986555,EXITOSO,2026-05-26
5685,965.0,79.4222406891966,EXITOSO,2026-05-26
5686,909.0,-4.66054402114797,EXITOSO,2026-05-26
5687,343.0,135.55493550216426,EXITOSO,2026-05-26
5688,826.0,-17.237559278477434,EXITOSO,2026-05-26
5689,306.0,105.95049585514187,EXITOSO,2026-05-26
5690,542.0,62.255479133268025,EXITOSO,2026-05-26
5691,702.0,16.420112313808517,EXITOSO,2026-05-26
5692,869.0,81.25497720287635,FALLIDO,2026-05-26
5693,537.0,55.274455803931765,FALLIDO,2026-05-26
5694,112.0,32.698480154367076,EXITOSO,2026-05-26
5695,411.0,4.740893448759103,FALLIDO,2026-05-26
5696,947.0,1.379714839042805,EXITOSO,2026-05-26
5697,206.0,35.563548022031995,EXITOSO,2026-05-26
5698,185.0,44.5204752916448,EXITOSO,2026-05-26
5699,382.0,11.57829868644793,INVALIDO,2026-05-26
5700,496.0,61.53920590587846,EXITOSO,2026-05-26
5701,379.0,17.274551917419174,EXITOSO,2026-05-26
5702,47.0,74.40882880703604,EXITOSO,2026-05-26
5703,886.0,109.25517285086627,EXITOSO,2026-05-26
5704,740.0,71.57497264784301,EXITOSO,2026-05-26
5705,551.0,56.24660836078261,EXITOSO,2026-05-26
5706,528.0,38.60411848715619,EXITOSO,2026-05-26
5707,504.0,117.84394474300876,EXITOSO,2026-05-26
5708,22.0,52.25937129897067,FALLIDO,2026-05-26
5709,213.0,159.60895107118904,INVALIDO,2026-05-26
5710,310.0,12.678566203514933,EXITOSO,2026-05-26
5711,661.0,71.59629130648361,FALLIDO,2026-05-26
5712,968.0,116.50894439875024,FALLIDO,2026-05-26
5713,753.0,32.39454672329573,EXITOSO,2026-05-26
5714,272.0,50.55502600098045,FALLIDO,2026-05-26
5715,571.0,85.04586031305737,EXITOSO,2026-05-26
5716,799.0,75.51560985591144,EXITOSO,2026-05-26
5717,938.0,82.38796256883904,EXITOSO,2026-05-26
5718,202.0,106.4103389843306,EXITOSO,2026-05-26
5719,32.0,46.129835433900354,EXITOSO,2026-05-26
5720,443.0,117.48103592538959,EXITOSO,2026-05-26
5721,162.0,-8.800597975973986,EXITOSO,2026-05-26
5722,767.0,103.09750182342685,INVALIDO,2026-05-26
5723,254.0,105.8882275030524,EXITOSO,2026-05-26
5724,521.0,29.021184957838354,FALLIDO,2026-05-26
5725,977.0,1.9745529609233898,EXITOSO,2026-05-26
5726,651.0,50.71330381761027,EXITOSO,2026-05-26
5727,480.0,76.15212523317055,EXITOSO,2026-05-26
5728,10.0,46.59603953238314,EXITOSO,2026-05-26
5729,726.0,80.07768751828768,EXITOSO,2026-05-26
5730,505.0,137.50975053079077,EXITOSO,2026-05-26
5731,785.0,5.411522425307666,EXITOSO,2026-05-26
5732,836.0,-18.164204127431304,EXITOSO,2026-05-26
5733,560.0,57.22809385935111,FALLIDO,2026-05-26
5734,436.0,32.79325694769808,EXITOSO,2026-05-26
5735,111.0,40.78740326377377,EXITOSO,2026-05-26
5736,153.0,110.67652597963556,EXITOSO,2026-05-26
5737,635.0,55.1753470069011,EXITOSO,2026-05-26
5738,917.0,58.840183168212086,EXITOSO,2026-05-26
5739,869.0,42.52809823028905,EXITOSO,2026-05-26
5740,102.0,58.44795325496859,EXITOSO,2026-05-26
5741,753.0,70.7400584990144,EXITOSO,2026-05-26
5742,833.0,171.3835279672631,EXITOSO,2026-05-26
5743,191.0,71.18629934448401,EXITOSO,2026-05-26
5744,729.0,106.50780674758062,EXITOSO,2026-05-26
5745,563.0,67.45598340578607,EXITOSO,2026-05-26
5746,804.0,-21.111573212531795,EXITOSO,2026-05-26
5747,81.0,37.317126651391206,EXITOSO,2026-05-26
5748,489.0,71.15642872035518,EXITOSO,2026-05-26
5749,895.0,88.93658175133547,EXITOSO,2026-05-26
5750,88.0,68.40914366314104,EXITOSO,2026-05-26
5751,194.0,96.81405599087765,EXITOSO,2026-05-26
5752,104.0,1.6006080728321948,FALLIDO,2026-05-26
5753,783.0,61.95169902468743,EXITOSO,2026-05-26
5754,96.0,113.1185213874185,EXITOSO,2026-05-26
5755,423.0,21.13760010896233,EXITOSO,2026-05-26
5756,891.0,104.82365729133201,EXITOSO,2026-05-26
5757,198.0,102.75629837140175,EXITOSO,2026-05-26
5758,1.0,10.519013899122278,EXITOSO,2026-05-26
5759,407.0,73.51514244439147,FALLIDO,2026-05-26
5760,378.0,66.35255966673698,EXITOSO,2026-05-26
5761,167.0,52.94549227750189,EXITOSO,2026-05-26
5762,509.0,-1.075568888948638,FALLIDO,2026-05-26
5763,638.0,49.47761055461334,FALLIDO,2026-05-26
5764,313.0,53.748165306345335,EXITOSO,2026-05-26
5765,593.0,-7.932051431195376,EXITOSO,2026-05-26
5766,418.0,7.793934518600992,EXITOSO,2026-05-26
5767,763.0,22.920184261999694,EXITOSO,2026-05-26
5768,681.0,18.06873739006113,EXITOSO,2026-05-26
5769,477.0,73.0508148422441,INVALIDO,2026-05-26
5770,73.0,96.46042107459635,EXITOSO,2026-05-26
5771,141.0,47.578274127884384,EXITOSO,2026-05-26
5772,582.0,90.65158270035728,EXITOSO,2026-05-26
5773,262.0,98.09953841938515,EXITOSO,2026-05-26
5774,340.0,56.588282278213676,EXITOSO,2026-05-26
5775,308.0,76.32174972784716,EXITOSO,2026-05-26
5776,245.0,51.066193673166865,EXITOSO,2026-05-26
5777,515.0,15.0868098321925,EXITOSO,2026-05-26
5778,337.0,30.12962193820789,EXITOSO,2026-05-26
5779,575.0,73.04592642631579,EXITOSO,2026-05-26
5780,561.0,55.14681841526529,EXITOSO,2026-05-26
5781,76.0,89.48692052439351,EXITOSO,2026-05-26
5782,880.0,-15.479482951304249,FALLIDO,2026-05-26
5783,175.0,-5.8628626279225955,FALLIDO,2026-05-26
5784,109.0,-1.128994134258086,EXITOSO,2026-05-26
5785,183.0,66.66612724415499,EXITOSO,2026-05-26
5786,192.0,4.875876066438316,EXITOSO,2026-05-26
5787,65.0,72.80516659907741,EXITOSO,2026-05-26
5788,849.0,90.12039684256581,EXITOSO,2026-05-26
5789,963.0,120.64999093677537,EXITOSO,2026-05-26
5790,474.0,116.23630206561103,EXITOSO,2026-05-26
5791,783.0,32.183213826646856,EXITOSO,2026-05-26
5792,100.0,-6.7855197207286295,EXITOSO,2026-05-26
5793,544.0,34.72232006759656,EXITOSO,2026-05-26
5794,864.0,99.07342987744691,EXITOSO,2026-05-26
5795,128.0,44.412397246411025,EXITOSO,2026-05-26
5796,452.0,59.02717639845084,EXITOSO,2026-05-26
5797,914.0,37.713570223952786,EXITOSO,2026-05-26
5798,369.0,123.24811059678738,EXITOSO,2026-05-26
5799,851.0,19.42156940723163,EXITOSO,2026-05-26
5800,43.0,62.67062158925254,FALLIDO,2026-05-26
5801,884.0,104.3295424439965,EXITOSO,2026-05-26
5802,419.0,133.66197905581467,FALLIDO,2026-05-26
5803,488.0,32.207915938454306,EXITOSO,2026-05-26
5804,78.0,98.432234645535,FALLIDO,2026-05-26
5805,826.0,34.70940025907625,EXITOSO,2026-05-26
5806,801.0,115.08639474314867,EXITOSO,2026-05-26
5807,270.0,129.17868206917097,EXITOSO,2026-05-26
5808,674.0,24.416204058491346,EXITOSO,2026-05-26
5809,701.0,86.13854035540125,EXITOSO,2026-05-26
5810,759.0,104.53146111087155,EXITOSO,2026-05-26
5811,900.0,48.229304495076256,EXITOSO,2026-05-26
5812,728.0,81.90857760772627,EXITOSO,2026-05-26
5813,315.0,84.00069042573412,FALLIDO,2026-05-26
5814,925.0,140.38600543159097,FALLIDO,2026-05-26
5815,851.0,-18.840068767996442,EXITOSO,2026-05-26
5816,902.0,57.76345991780559,EXITOSO,2026-05-26
5817,889.0,9.989863923186242,EXITOSO,2026-05-26
5818,993.0,60.551923109337324,EXITOSO,2026-05-26
5819,945.0,28.68567989671635,EXITOSO,2026-05-26
5820,168.0,49.80331122533637,FALLIDO,2026-05-26
5821,339.0,25.034106452578996,EXITOSO,2026-05-26
5822,193.0,66.21469812542709,FALLIDO,2026-05-26
5823,453.0,102.95576680733984,EXITOSO,2026-05-26
5824,283.0,45.09060850271122,EXITOSO,2026-05-26
5825,336.0,117.22488822914177,EXITOSO,2026-05-26
5826,390.0,101.75827232036477,EXITOSO,2026-05-26
5827,525.0,141.36276075827334,EXITOSO,2026-05-26
5828,240.0,76.45428048229715,FALLIDO,2026-05-26
5829,832.0,57.53423833474886,EXITOSO,2026-05-26
5830,958.0,-3.4094878617421074,EXITOSO,2026-05-26
5831,483.0,28.73251513627812,EXITOSO,2026-05-26
5832,659.0,51.68388042003037,EXITOSO,2026-05-26
5833,716.0,56.419718753538476,EXITOSO,2026-05-26
5834,592.0,153.94889608986006,FALLIDO,2026-05-26
5835,891.0,51.7209287377425,EXITOSO,2026-05-26
5836,555.0,-10.734131570824246,EXITOSO,2026-05-26
5837,458.0,86.58281427111518,EXITOSO,2026-05-26
5838,89.0,84.25992961077296,EXITOSO,2026-05-26
5839,660.0,41.64281182240486,EXITOSO,2026-05-26
5840,95.0,145.1068183101047,EXITOSO,2026-05-26
5841,452.0,-15.86484218971701,EXITOSO,2026-05-26
5842,428.0,109.97828398351459,FALLIDO,2026-05-26
5843,151.0,48.35613183687886,EXITOSO,2026-05-26
5844,514.0,21.983288868828367,FALLIDO,2026-05-26
5845,376.0,156.0159311174968,EXITOSO,2026-05-26
5846,22.0,89.46786921165126,EXITOSO,2026-05-26
5847,883.0,48.06245267207821,EXITOSO,2026-05-26
5848,313.0,47.2494524453499,FALLIDO,2026-05-26
5849,997.0,71.01675341480858,EXITOSO,2026-05-26
5850,840.0,41.52145936326542,EXITOSO,2026-05-26
5851,519.0,111.98434098435217,FALLIDO,2026-05-26
5852,206.0,63.507415722503126,EXITOSO,2026-05-26
5853,952.0,100.70257806788251,EXITOSO,2026-05-26
5854,375.0,68.31705379986671,EXITOSO,2026-05-26
5855,451.0,94.79339996697355,EXITOSO,2026-05-26
5856,626.0,113.82039006985902,EXITOSO,2026-05-26
5857,784.0,127.23719329062794,EXITOSO,2026-05-26
5858,595.0,79.63786750481083,EXITOSO,2026-05-26
5859,179.0,25.33811657435716,EXITOSO,2026-05-26
5860,210.0,53.09670929886222,EXITOSO,2026-05-26
5861,500.0,58.954485228881595,EXITOSO,2026-05-26
5862,464.0,37.07164647685573,EXITOSO,2026-05-26
5863,840.0,30.393831079857936,EXITOSO,2026-05-26
5864,124.0,66.9800227684164,EXITOSO,2026-05-26
5865,993.0,20.667694475690745,EXITOSO,2026-05-26
5866,113.0,12.903980373096282,EXITOSO,2026-05-26
5867,12.0,-7.777433258334227,EXITOSO,2026-05-26
5868,126.0,79.21346779341663,EXITOSO,2026-05-26
5869,565.0,73.64991912591907,EXITOSO,2026-05-26
5870,331.0,47.012979870406625,EXITOSO,2026-05-26
5871,901.0,99.76925103074606,EXITOSO,2026-05-26
5872,283.0,20.04762570711791,EXITOSO,2026-05-26
5873,140.0,75.23496429287565,EXITOSO,2026-05-26
5874,401.0,62.166534417419186,EXITOSO,2026-05-26
5875,902.0,30.37278645308911,EXITOSO,2026-05-26
5876,97.0,40.298302808139816,EXITOSO,2026-05-26
5877,517.0,37.22016079782229,INVALIDO,2026-05-26
5878,569.0,70.11015876245783,EXITOSO,2026-05-26
5879,924.0,83.73715494622212,EXITOSO,2026-05-26
5880,846.0,42.94424673941623,EXITOSO,2026-05-26
5881,69.0,31.515819035294435,EXITOSO,2026-05-26
5882,118.0,65.48888514107027,FALLIDO,2026-05-26
5883,888.0,-6.070046700338182,EXITOSO,2026-05-26
5884,59.0,61.37429865769085,EXITOSO,2026-05-26
5885,33.0,122.47101938086745,EXITOSO,2026-05-26
5886,318.0,31.841469191480762,EXITOSO,2026-05-26
5887,50.0,52.92579359700204,FALLIDO,2026-05-26
5888,880.0,100.98246997209783,EXITOSO,2026-05-26
5889,489.0,90.18693364300594,EXITOSO,2026-05-26
5890,19.0,62.47356326899403,EXITOSO,2026-05-26
5891,726.0,57.65885895746231,EXITOSO,2026-05-26
5892,197.0,10.577696985273455,EXITOSO,2026-05-26
5893,891.0,79.64611283591198,INVALIDO,2026-05-26
5894,450.0,6.264999503543855,EXITOSO,2026-05-26
5895,990.0,-22.607394884847608,FALLIDO,2026-05-26
5896,559.0,100.32412277799737,INVALIDO,2026-05-26
5897,679.0,75.47945193572444,EXITOSO,2026-05-26
5898,452.0,95.18942780231455,EXITOSO,2026-05-26
5899,289.0,30.53961384261371,EXITOSO,2026-05-26
5900,141.0,78.65455864702395,EXITOSO,2026-05-26
5901,84.0,42.437284054684824,EXITOSO,2026-05-26
5902,694.0,46.91029388153003,EXITOSO,2026-05-26
5903,391.0,98.95016496758272,EXITOSO,2026-05-26
5904,591.0,54.008348271944165,EXITOSO,2026-05-26
5905,215.0,32.14456831628736,EXITOSO,2026-05-26
5906,526.0,5.379263115537967,EXITOSO,2026-05-26
5907,215.0,74.42757503441857,EXITOSO,2026-05-26
5908,403.0,102.37904669707372,EXITOSO,2026-05-26
5909,128.0,28.67486439799918,EXITOSO,2026-05-26
5910,822.0,87.55915738836961,EXITOSO,2026-05-26
5911,477.0,22.288854050660937,EXITOSO,2026-05-26
5912,760.0,89.97209213183942,FALLIDO,2026-05-26
5913,404.0,61.316578586458256,EXITOSO,2026-05-26
5914,29.0,70.71344690252721,EXITOSO,2026-05-26
5915,792.0,32.103586067508914,EXITOSO,2026-05-26
5916,338.0,74.302034539474,EXITOSO,2026-05-26
5917,831.0,36.09251034661432,EXITOSO,2026-05-26
5918,714.0,43.45306031460235,EXITOSO,2026-05-26
5919,361.0,-0.7051058619137507,FALLIDO,2026-05-26
5920,569.0,29.113913565928,FALLIDO,2026-05-26
5921,392.0,38.98018788301866,EXITOSO,2026-05-26
5922,218.0,72.51238050554956,EXITOSO,2026-05-26
5923,574.0,83.82623102311499,EXITOSO,2026-05-26
5924,669.0,35.68272894311633,EXITOSO,2026-05-26
5925,202.0,53.422218470842616,EXITOSO,2026-05-26
5926,17.0,127.45541057844403,EXITOSO,2026-05-26
5927,322.0,65.24434252339341,FALLIDO,2026-05-26
5928,518.0,38.52430222384391,EXITOSO,2026-05-26
5929,570.0,-7.185950407571681,EXITOSO,2026-05-26
5930,325.0,25.843099465230935,FALLIDO,2026-05-26
5931,412.0,24.285215276913632,FALLIDO,2026-05-26
5932,318.0,139.11494881601516,EXITOSO,2026-05-26
5933,681.0,26.061699108280372,EXITOSO,2026-05-26
5934,965.0,62.041717133529836,EXITOSO,2026-05-26
5935,82.0,74.83030235515501,EXITOSO,2026-05-26
5936,474.0,104.26099700075662,EXITOSO,2026-05-26
5937,468.0,60.32096967437069,EXITOSO,2026-05-26
5938,425.0,39.587419695972045,EXITOSO,2026-05-26
5939,945.0,36.938537936804636,EXITOSO,2026-05-26
5940,731.0,74.25519970719293,EXITOSO,2026-05-26
5941,689.0,32.626421698407114,EXITOSO,2026-05-26
5942,204.0,15.832754290449394,FALLIDO,2026-05-26
5943,583.0,39.579827126784046,EXITOSO,2026-05-26
5944,387.0,7.020626351893739,EXITOSO,2026-05-26
5945,778.0,134.02466338082394,EXITOSO,2026-05-26
5946,98.0,83.86210840285509,EXITOSO,2026-05-26
5947,345.0,124.83375373658271,FALLIDO,2026-05-26
5948,803.0,79.41744146961955,EXITOSO,2026-05-26
5949,208.0,120.98372120170256,EXITOSO,2026-05-26
5950,514.0,74.69858656223663,EXITOSO,2026-05-26
5951,636.0,89.04725283981344,EXITOSO,2026-05-26
5952,792.0,-25.34876106164728,EXITOSO,2026-05-26
5953,586.0,23.426816120952424,EXITOSO,2026-05-26
5954,166.0,61.477111010238865,EXITOSO,2026-05-26
5955,22.0,62.44751059159556,EXITOSO,2026-05-26
5956,154.0,56.94475925308658,EXITOSO,2026-05-26
5957,939.0,78.11981108362811,EXITOSO,2026-05-26
5958,439.0,79.76811751719923,EXITOSO,2026-05-26
5959,295.0,94.60463268351359,EXITOSO,2026-05-26
5960,219.0,86.75974084416552,EXITOSO,2026-05-26
5961,669.0,108.16349598309978,EXITOSO,2026-05-26
5962,495.0,108.4893446970591,EXITOSO,2026-05-26
5963,230.0,66.98657795501458,EXITOSO,2026-05-26
5964,20.0,143.26595154257225,EXITOSO,2026-05-26
5965,987.0,114.37322139686458,EXITOSO,2026-05-26
5966,553.0,27.72196382137856,EXITOSO,2026-05-26
5967,950.0,75.70413324229172,EXITOSO,2026-05-26
5968,148.0,-13.704725676624605,EXITOSO,2026-05-26
5969,108.0,-6.967931267293935,EXITOSO,2026-05-26
5970,403.0,40.020226786569566,EXITOSO,2026-05-26
5971,596.0,24.98220285345016,EXITOSO,2026-05-26
5972,483.0,40.266281997029765,EXITOSO,2026-05-26
5973,367.0,73.13975449586334,EXITOSO,2026-05-26
5974,834.0,109.01161223398921,EXITOSO,2026-05-26
5975,414.0,106.8700774589243,EXITOSO,2026-05-26
5976,309.0,76.52774947871887,EXITOSO,2026-05-26
5977,802.0,16.51522323751513,FALLIDO,2026-05-26
5978,918.0,37.70447514800961,FALLIDO,2026-05-26
5979,835.0,85.48733301628849,EXITOSO,2026-05-26
5980,134.0,26.955339938386096,INVALIDO,2026-05-26
5981,719.0,9.323330497445795,INVALIDO,2026-05-26
5982,283.0,79.69268502416628,FALLIDO,2026-05-26
5983,778.0,58.0654945366197,EXITOSO,2026-05-26
5984,73.0,51.56323840771509,EXITOSO,2026-05-26
5985,481.0,104.39207742609398,EXITOSO,2026-05-26
5986,352.0,103.55232334601439,EXITOSO,2026-05-26
5987,560.0,131.24471962957213,EXITOSO,2026-05-26
5988,326.0,33.94352839974349,EXITOSO,2026-05-26
5989,745.0,77.1893432356035,EXITOSO,2026-05-26
5990,443.0,60.76033882229405,EXITOSO,2026-05-26
5991,100.0,73.53263326981394,EXITOSO,2026-05-26
5992,59.0,14.624752968603715,EXITOSO,2026-05-26
5993,508.0,3.9010666225915145,EXITOSO,2026-05-26
5994,258.0,58.39135455084793,EXITOSO,2026-05-26
5995,413.0,26.2994964010362,EXITOSO,2026-05-26
5996,452.0,97.5283048220515,EXITOSO,2026-05-26
5997,65.0,-0.027094694343986703,EXITOSO,2026-05-26
5998,595.0,3.2719645101487913,EXITOSO,2026-05-26
5999,154.0,43.333500990045735,EXITOSO,2026-05-26
6000,985.0,-1.523000237316424,EXITOSO,2026-05-26
6001,266.0,127.04012528389312,EXITOSO,2026-05-26
6002,821.0,52.68330504254833,EXITOSO,2026-05-26
6003,79.0,35.887971785438936,EXITOSO,2026-05-26
6004,315.0,78.71856102505282,EXITOSO,2026-05-26
6005,662.0,95.3539414408297,EXITOSO,2026-05-26
6006,947.0,68.27835604337145,EXITOSO,2026-05-26
6007,560.0,57.2763402843175,EXITOSO,2026-05-26
6008,917.0,20.661083011834762,EXITOSO,2026-05-26
6009,891.0,85.23637275684877,EXITOSO,2026-05-26
6010,248.0,116.66812360744784,EXITOSO,2026-05-26
6011,790.0,51.21120980530835,EXITOSO,2026-05-26
6012,868.0,26.048579987559158,EXITOSO,2026-05-26
6013,610.0,67.25983070002778,FALLIDO,2026-05-26
6014,414.0,60.10599576002221,EXITOSO,2026-05-26
6015,25.0,11.345904697038378,EXITOSO,2026-05-26
6016,284.0,39.892452031681536,EXITOSO,2026-05-26
6017,449.0,131.5394307191305,EXITOSO,2026-05-26
6018,881.0,6.097805315636158,EXITOSO,2026-05-26
6019,301.0,32.37518586302288,EXITOSO,2026-05-26
6020,68.0,22.051465019049495,EXITOSO,2026-05-26
6021,7.0,25.588006312335423,EXITOSO,2026-05-26
6022,817.0,42.18094423361923,EXITOSO,2026-05-26
6023,137.0,77.93528405845038,INVALIDO,2026-05-26
6024,164.0,112.34250122484525,EXITOSO,2026-05-26
6025,83.0,68.13286375713267,EXITOSO,2026-05-26
6026,897.0,32.62472715345861,EXITOSO,2026-05-26
6027,650.0,121.59660583561298,EXITOSO,2026-05-26
6028,420.0,-22.74254084016681,EXITOSO,2026-05-26
6029,73.0,86.93912611248629,EXITOSO,2026-05-26
6030,237.0,18.92965523884814,EXITOSO,2026-05-26
6031,46.0,57.963072901452115,EXITOSO,2026-05-26
6032,618.0,82.52399710202901,EXITOSO,2026-05-26
6033,928.0,-4.215044388659251,EXITOSO,2026-05-26
6034,800.0,65.66615273004074,EXITOSO,2026-05-26
6035,262.0,68.7390827165411,EXITOSO,2026-05-26
6036,176.0,118.49350728653442,EXITOSO,2026-05-26
6037,166.0,168.6059726889007,EXITOSO,2026-05-26
6038,657.0,-2.118792229502148,EXITOSO,2026-05-26
6039,842.0,116.68614735330135,EXITOSO,2026-05-26
6040,370.0,58.48479063440951,EXITOSO,2026-05-26
6041,795.0,27.657150434716073,EXITOSO,2026-05-26
6042,54.0,74.76212681020672,EXITOSO,2026-05-26
6043,690.0,7.908344172547103,EXITOSO,2026-05-26
6044,419.0,10.295494647838893,EXITOSO,2026-05-26
6045,756.0,-9.406345529263504,EXITOSO,2026-05-26
6046,507.0,81.84356040492919,EXITOSO,2026-05-26
6047,341.0,73.08047300077247,EXITOSO,2026-05-26
6048,127.0,27.424652197584656,EXITOSO,2026-05-26
6049,409.0,120.94407254766587,EXITOSO,2026-05-26
6050,924.0,33.481772406607945,EXITOSO,2026-05-26
6051,367.0,111.3195837658229,EXITOSO,2026-05-26
6052,271.0,64.88323508134164,EXITOSO,2026-05-26
6053,644.0,32.94526707954814,EXITOSO,2026-05-26
6054,605.0,55.400743870070485,EXITOSO,2026-05-26
6055,379.0,9.850298444152372,EXITOSO,2026-05-26
6056,73.0,68.66933452177084,EXITOSO,2026-05-26
6057,923.0,61.222003174548455,EXITOSO,2026-05-26
6058,922.0,81.09789844468402,EXITOSO,2026-05-26
6059,915.0,95.16609572338953,EXITOSO,2026-05-26
6060,248.0,64.62463107412822,EXITOSO,2026-05-26
6061,860.0,0.9471338089014978,EXITOSO,2026-05-26
6062,785.0,97.29453329892192,EXITOSO,2026-05-26
6063,43.0,60.58655867118663,EXITOSO,2026-05-26
6064,377.0,-15.762504442535018,EXITOSO,2026-05-26
6065,41.0,72.38459215858556,EXITOSO,2026-05-26
6066,170.0,75.40495895633146,EXITOSO,2026-05-26
6067,946.0,45.66081436278696,EXITOSO,2026-05-26
6068,212.0,52.086525726515326,EXITOSO,2026-05-26
6069,493.0,36.18939554413183,EXITOSO,2026-05-26
6070,680.0,76.64506718062509,EXITOSO,2026-05-26
6071,39.0,65.59965539971512,EXITOSO,2026-05-26
6072,369.0,23.670851988355842,EXITOSO,2026-05-26
6073,757.0,124.71882315152983,EXITOSO,2026-05-26
6074,151.0,33.36787722696166,EXITOSO,2026-05-26
6075,111.0,-48.260738312594526,INVALIDO,2026-05-26
6076,480.0,41.17303054963452,FALLIDO,2026-05-26
6077,436.0,101.237502721453,EXITOSO,2026-05-26
6078,47.0,51.73871853800243,FALLIDO,2026-05-26
6079,575.0,-5.391191123371158,EXITOSO,2026-05-26
6080,737.0,18.876342246005642,FALLIDO,2026-05-26
6081,366.0,16.760543369037684,EXITOSO,2026-05-26
6082,69.0,36.988550196561576,EXITOSO,2026-05-26
6083,299.0,49.53180094159325,EXITOSO,2026-05-26
6084,944.0,79.7541843573581,EXITOSO,2026-05-26
6085,802.0,65.13754819844935,EXITOSO,2026-05-26
6086,296.0,67.05615128288485,EXITOSO,2026-05-26
6087,203.0,131.17412503043911,INVALIDO,2026-05-26
6088,61.0,94.43317361259673,EXITOSO,2026-05-26
6089,946.0,90.91218654549203,EXITOSO,2026-05-26
6090,963.0,-12.526477843913469,EXITOSO,2026-05-26
6091,830.0,29.927776100374274,EXITOSO,2026-05-26
6092,314.0,-3.880959830995039,EXITOSO,2026-05-26
6093,161.0,29.237887686175426,EXITOSO,2026-05-26
6094,331.0,91.79466850752438,FALLIDO,2026-05-26
6095,528.0,44.286857843294975,EXITOSO,2026-05-26
6096,338.0,102.89766380639695,EXITOSO,2026-05-26
6097,606.0,87.7254080825131,EXITOSO,2026-05-26
6098,304.0,62.018110934881264,EXITOSO,2026-05-26
6099,503.0,103.8418563768126,EXITOSO,2026-05-26
6100,650.0,114.57664039079268,EXITOSO,2026-05-26
6101,338.0,78.17549081703112,EXITOSO,2026-05-26
6102,550.0,69.19868454488518,EXITOSO,2026-05-26
6103,639.0,85.3347523709985,EXITOSO,2026-05-26
6104,275.0,3.736532505103625,EXITOSO,2026-05-26
6105,164.0,55.29714145295739,EXITOSO,2026-05-26
6106,443.0,59.04037961134429,EXITOSO,2026-05-26
6107,319.0,45.25022756573743,EXITOSO,2026-05-26
6108,589.0,28.420168210745768,EXITOSO,2026-05-26
6109,504.0,99.92180886543909,EXITOSO,2026-05-26
6110,686.0,66.80232766175665,EXITOSO,2026-05-26
6111,387.0,70.43962928769636,EXITOSO,2026-05-26
6112,970.0,116.9832028506651,EXITOSO,2026-05-26
6113,870.0,52.18686578972503,EXITOSO,2026-05-26
6114,833.0,44.448830271567914,FALLIDO,2026-05-26
6115,888.0,114.45172497756931,EXITOSO,2026-05-26
6116,603.0,0.37042481137856953,EXITOSO,2026-05-26
6117,750.0,62.047644799195915,EXITOSO,2026-05-26
6118,776.0,30.494302661703397,EXITOSO,2026-05-26
6119,691.0,71.70716475287342,EXITOSO,2026-05-26
6120,494.0,82.87859738885764,EXITOSO,2026-05-26
6121,490.0,85.10362929136183,EXITOSO,2026-05-26
6122,721.0,101.04956327593908,EXITOSO,2026-05-26
6123,73.0,49.89890692756537,EXITOSO,2026-05-26
6124,509.0,52.39114871450873,EXITOSO,2026-05-26
6125,390.0,81.06408857407078,FALLIDO,2026-05-26
6126,619.0,95.5000677322449,EXITOSO,2026-05-26
6127,857.0,7.987847314465824,EXITOSO,2026-05-26
6128,295.0,72.56484698718712,EXITOSO,2026-05-26
6129,369.0,44.190226982872886,EXITOSO,2026-05-26
6130,956.0,63.486102815374444,EXITOSO,2026-05-26
6131,796.0,45.732453868490985,EXITOSO,2026-05-26
6132,865.0,31.090135748308594,EXITOSO,2026-05-26
6133,694.0,19.259069487071088,FALLIDO,2026-05-26
6134,549.0,53.95903940118859,EXITOSO,2026-05-26
6135,649.0,74.33623167023582,EXITOSO,2026-05-26
6136,850.0,35.87968799705078,EXITOSO,2026-05-26
6137,568.0,107.59247867467494,EXITOSO,2026-05-26
6138,187.0,158.33801372005667,EXITOSO,2026-05-26
6139,853.0,76.52500483935776,EXITOSO,2026-05-26
6140,770.0,58.35057901813262,EXITOSO,2026-05-26
6141,445.0,23.50949038301333,EXITOSO,2026-05-26
6142,570.0,74.80232353471916,EXITOSO,2026-05-26
6143,363.0,119.087029334732,FALLIDO,2026-05-26
6144,123.0,137.93917640389375,EXITOSO,2026-05-26
6145,188.0,115.84623193946761,EXITOSO,2026-05-26
6146,742.0,93.73238513224436,EXITOSO,2026-05-26
6147,680.0,76.40773480188653,EXITOSO,2026-05-26
6148,420.0,18.053278764784636,EXITOSO,2026-05-26
6149,626.0,56.01113808679447,EXITOSO,2026-05-26
6150,252.0,51.36487450115499,EXITOSO,2026-05-26
6151,619.0,56.27183858370986,EXITOSO,2026-05-26
6152,549.0,31.22351148692792,EXITOSO,2026-05-26
6153,335.0,90.31447873745506,EXITOSO,2026-05-26
6154,92.0,49.045408263718265,FALLIDO,2026-05-26
6155,530.0,45.79878371426001,FALLIDO,2026-05-26
6156,866.0,31.35893503155739,EXITOSO,2026-05-26
6157,63.0,69.2919995309748,EXITOSO,2026-05-26
6158,662.0,119.87098104223185,EXITOSO,2026-05-26
6159,512.0,59.59166813557848,EXITOSO,2026-05-26
6160,139.0,71.26962193865154,EXITOSO,2026-05-26
6161,698.0,137.41042252160264,FALLIDO,2026-05-26
6162,185.0,108.1377015700516,FALLIDO,2026-05-26
6163,205.0,83.5097927020879,EXITOSO,2026-05-26
6164,772.0,81.82791065029753,EXITOSO,2026-05-26
6165,214.0,35.87736368828345,EXITOSO,2026-05-26
6166,256.0,31.96522204469561,EXITOSO,2026-05-26
6167,135.0,65.65632612020137,EXITOSO,2026-05-26
6168,573.0,66.67096420633158,EXITOSO,2026-05-26
6169,875.0,26.009405238686142,EXITOSO,2026-05-26
6170,822.0,88.13186655789761,FALLIDO,2026-05-26
6171,88.0,48.908084460115234,EXITOSO,2026-05-26
6172,836.0,105.0928294285151,EXITOSO,2026-05-26
6173,988.0,57.78365952842609,FALLIDO,2026-05-26
6174,207.0,54.243190798565315,EXITOSO,2026-05-26
6175,129.0,22.50414201976077,EXITOSO,2026-05-26
6176,823.0,26.885610595254647,EXITOSO,2026-05-26
6177,3.0,112.71057460310402,EXITOSO,2026-05-26
6178,974.0,70.75854987955917,EXITOSO,2026-05-26
6179,934.0,75.57209522090555,FALLIDO,2026-05-26
6180,754.0,124.02587827532491,EXITOSO,2026-05-26
6181,121.0,7.296455186310297,EXITOSO,2026-05-26
6182,385.0,86.85022868165564,EXITOSO,2026-05-26
6183,614.0,-3.515634587725941,EXITOSO,2026-05-26
6184,38.0,42.49392231786511,INVALIDO,2026-05-26
6185,341.0,14.196519011658552,EXITOSO,2026-05-26
6186,925.0,94.34362183728803,FALLIDO,2026-05-26
6187,645.0,-15.589054082384962,FALLIDO,2026-05-26
6188,714.0,50.79661954588818,EXITOSO,2026-05-26
6189,860.0,13.649192272064909,EXITOSO,2026-05-26
6190,21.0,25.807665095839532,EXITOSO,2026-05-26
6191,242.0,31.971553432497046,EXITOSO,2026-05-26
6192,455.0,112.7641814999453,EXITOSO,2026-05-26
6193,963.0,46.590821998738754,EXITOSO,2026-05-26
6194,621.0,129.09302784059608,EXITOSO,2026-05-26
6195,303.0,137.4634530738614,EXITOSO,2026-05-26
6196,596.0,144.54735474494214,EXITOSO,2026-05-26
6197,595.0,57.649323161914246,EXITOSO,2026-05-26
6198,803.0,68.41428557485445,EXITOSO,2026-05-26
6199,964.0,75.118225714511,EXITOSO,2026-05-26
6200,69.0,45.30048685756944,EXITOSO,2026-05-26
6201,129.0,76.97481035367808,EXITOSO,2026-05-26
6202,196.0,22.592151714534104,EXITOSO,2026-05-26
6203,140.0,-15.019030511905797,EXITOSO,2026-05-26
6204,444.0,88.56538397686455,EXITOSO,2026-05-26
6205,283.0,46.00906781133986,EXITOSO,2026-05-26
6206,312.0,20.932326478445503,EXITOSO,2026-05-26
6207,746.0,25.990947893230228,EXITOSO,2026-05-26
6208,535.0,120.60487283061593,EXITOSO,2026-05-26
6209,665.0,78.56451163688382,EXITOSO,2026-05-26
6210,277.0,-0.8922872985474157,EXITOSO,2026-05-26
6211,61.0,12.52054349648575,EXITOSO,2026-05-26
6212,319.0,48.32481576731922,EXITOSO,2026-05-26
6213,890.0,79.05637433368128,EXITOSO,2026-05-26
6214,52.0,28.217144865086023,EXITOSO,2026-05-26
6215,856.0,53.08213300618687,EXITOSO,2026-05-26
6216,153.0,64.58204752920707,EXITOSO,2026-05-26
6217,749.0,65.41073636410702,EXITOSO,2026-05-26
6218,311.0,-35.80544875997026,FALLIDO,2026-05-26
6219,814.0,68.86565487212258,EXITOSO,2026-05-26
6220,544.0,-9.314385717613959,EXITOSO,2026-05-26
6221,567.0,48.54406073996175,EXITOSO,2026-05-26
6222,864.0,39.943398123660074,FALLIDO,2026-05-26
6223,389.0,16.850684031992564,EXITOSO,2026-05-26
6224,548.0,93.72668816004864,INVALIDO,2026-05-26
6225,622.0,15.040965604129788,EXITOSO,2026-05-26
6226,177.0,39.082524424501415,EXITOSO,2026-05-26
6227,362.0,95.14936692012762,EXITOSO,2026-05-26
6228,314.0,37.93998376041358,EXITOSO,2026-05-26
6229,807.0,29.659600372582986,INVALIDO,2026-05-26
6230,848.0,49.27378223789482,EXITOSO,2026-05-26
6231,97.0,81.62010082284394,EXITOSO,2026-05-26
6232,881.0,117.85230419176823,EXITOSO,2026-05-26
6233,213.0,22.555136082487024,EXITOSO,2026-05-26
6234,829.0,25.79672138135637,EXITOSO,2026-05-26
6235,137.0,48.94658380293862,EXITOSO,2026-05-26
6236,6.0,69.20562605068702,EXITOSO,2026-05-26
6237,109.0,29.19013344010565,EXITOSO,2026-05-26
6238,547.0,87.54253471544618,EXITOSO,2026-05-26
6239,39.0,23.308889941897498,EXITOSO,2026-05-26
6240,662.0,-16.034183579838512,EXITOSO,2026-05-26
6241,425.0,81.27101124662708,EXITOSO,2026-05-26
6242,630.0,85.90357892584981,EXITOSO,2026-05-26
6243,261.0,101.78602542531038,EXITOSO,2026-05-26
6244,426.0,-19.675991886284976,FALLIDO,2026-05-26
6245,87.0,33.37539793908581,EXITOSO,2026-05-26
6246,465.0,49.95767327205033,EXITOSO,2026-05-26
6247,76.0,130.27832693671536,EXITOSO,2026-05-26
6248,471.0,53.631944200837644,EXITOSO,2026-05-26
6249,976.0,6.1393324789815935,EXITOSO,2026-05-26
6250,963.0,71.86961859019169,EXITOSO,2026-05-26
6251,414.0,112.37824903184455,EXITOSO,2026-05-26
6252,825.0,103.86555771843341,EXITOSO,2026-05-26
6253,895.0,82.47192657311194,EXITOSO,2026-05-26
6254,726.0,70.50529468432661,EXITOSO,2026-05-26
6255,457.0,-30.710092378035682,EXITOSO,2026-05-26
6256,285.0,61.02665820214848,EXITOSO,2026-05-26
6257,239.0,67.12561050126945,FALLIDO,2026-05-26
6258,677.0,53.60361302995627,EXITOSO,2026-05-26
6259,599.0,88.28399549957459,EXITOSO,2026-05-26
6260,653.0,52.96008788909219,EXITOSO,2026-05-26
6261,672.0,45.257471799888,EXITOSO,2026-05-26
6262,558.0,101.55990886609018,EXITOSO,2026-05-26
6263,372.0,43.45645144897267,INVALIDO,2026-05-26
6264,495.0,62.586162885564924,FALLIDO,2026-05-26
6265,624.0,95.90125118727529,EXITOSO,2026-05-26
6266,919.0,19.573249949871105,FALLIDO,2026-05-26
6267,45.0,15.232546713545233,EXITOSO,2026-05-26
6268,401.0,114.31760622603412,EXITOSO,2026-05-26
6269,247.0,36.29151985254366,EXITOSO,2026-05-26
6270,616.0,87.69729726744401,EXITOSO,2026-05-26
6271,597.0,-11.012841273610945,EXITOSO,2026-05-26
6272,450.0,-40.122063724346745,FALLIDO,2026-05-26
6273,485.0,74.56920233381041,EXITOSO,2026-05-26
6274,646.0,54.899173928421,EXITOSO,2026-05-26
6275,620.0,74.94525766656189,EXITOSO,2026-05-26
6276,18.0,134.98835210439353,EXITOSO,2026-05-26
6277,606.0,10.506327203504597,FALLIDO,2026-05-26
6278,662.0,61.52751576985718,EXITOSO,2026-05-26
6279,758.0,119.09864342330349,EXITOSO,2026-05-26
6280,289.0,16.280395460133626,FALLIDO,2026-05-26
6281,414.0,36.61091856908668,EXITOSO,2026-05-26
6282,721.0,-10.691408160063972,EXITOSO,2026-05-26
6283,638.0,149.5139703667433,EXITOSO,2026-05-26
6284,235.0,-28.181620246712328,EXITOSO,2026-05-26
6285,416.0,91.9434281057377,EXITOSO,2026-05-26
6286,938.0,7.208001568792845,EXITOSO,2026-05-26
6287,499.0,17.96431070405216,EXITOSO,2026-05-26
6288,974.0,102.55815748892871,EXITOSO,2026-05-26
6289,634.0,30.299582708222278,EXITOSO,2026-05-26
6290,650.0,86.07150284908278,EXITOSO,2026-05-26
6291,115.0,115.20126335379969,EXITOSO,2026-05-26
6292,932.0,68.02787942609447,FALLIDO,2026-05-26
6293,674.0,95.57143396856654,EXITOSO,2026-05-26
6294,713.0,63.226927824107314,EXITOSO,2026-05-26
6295,234.0,65.08024341114185,EXITOSO,2026-05-26
6296,540.0,34.60283616647091,EXITOSO,2026-05-26
6297,11.0,137.15437734692506,EXITOSO,2026-05-26
6298,206.0,89.7137797646132,FALLIDO,2026-05-26
6299,679.0,80.87221097810695,EXITOSO,2026-05-26
6300,247.0,90.81179032318414,EXITOSO,2026-05-26
6301,559.0,32.90838659534628,EXITOSO,2026-05-26
6302,758.0,97.23887543409793,EXITOSO,2026-05-26
6303,127.0,122.23523125967651,EXITOSO,2026-05-26
6304,147.0,4.772095131982546,EXITOSO,2026-05-26
6305,118.0,81.6625120615341,EXITOSO,2026-05-26
6306,911.0,62.51160279335166,EXITOSO,2026-05-26
6307,382.0,39.232602544980196,EXITOSO,2026-05-26
6308,412.0,16.26976038219219,EXITOSO,2026-05-26
6309,664.0,102.07678651951913,FALLIDO,2026-05-26
6310,584.0,68.31958651699823,EXITOSO,2026-05-26
6311,363.0,51.71479985991169,FALLIDO,2026-05-26
6312,509.0,81.6952845399929,EXITOSO,2026-05-26
6313,137.0,54.90076849923528,EXITOSO,2026-05-26
6314,175.0,31.83713113011683,EXITOSO,2026-05-26
6315,289.0,65.15808191782196,EXITOSO,2026-05-26
6316,958.0,58.879761456725916,EXITOSO,2026-05-26
6317,481.0,-10.967518060734577,EXITOSO,2026-05-26
6318,19.0,34.81733620896229,FALLIDO,2026-05-26
6319,195.0,9.424199951957036,EXITOSO,2026-05-26
6320,330.0,-6.056091006227959,EXITOSO,2026-05-26
6321,936.0,78.70797491690477,EXITOSO,2026-05-26
6322,175.0,33.249322806803676,FALLIDO,2026-05-26
6323,449.0,101.65625182076501,EXITOSO,2026-05-26
6324,925.0,-13.143852653757676,FALLIDO,2026-05-26
6325,946.0,48.08984260667096,EXITOSO,2026-05-26
6326,354.0,35.36294762894232,EXITOSO,2026-05-26
6327,499.0,-3.118586968134906,INVALIDO,2026-05-26
6328,141.0,60.203481287259066,EXITOSO,2026-05-26
6329,758.0,0.3734181480827061,FALLIDO,2026-05-26
6330,897.0,68.90863358489142,EXITOSO,2026-05-26
6331,930.0,88.83035037093815,EXITOSO,2026-05-26
6332,93.0,70.70212705299026,FALLIDO,2026-05-26
6333,944.0,75.7553398390348,EXITOSO,2026-05-26
6334,239.0,101.24939620296006,EXITOSO,2026-05-26
6335,205.0,58.92946395491848,EXITOSO,2026-05-26
6336,560.0,26.958894284592517,EXITOSO,2026-05-26
6337,433.0,35.64193979375502,EXITOSO,2026-05-26
6338,245.0,36.50503541207101,EXITOSO,2026-05-26
6339,832.0,18.26645193825594,EXITOSO,2026-05-26
6340,317.0,91.36845213769426,EXITOSO,2026-05-26
6341,925.0,81.07611314733491,EXITOSO,2026-05-26
6342,295.0,-6.60012940323351,EXITOSO,2026-05-26
6343,640.0,26.9470214873864,EXITOSO,2026-05-26
6344,856.0,16.32058580474134,FALLIDO,2026-05-26
6345,282.0,72.6938402301364,FALLIDO,2026-05-26
6346,17.0,103.06038044493424,EXITOSO,2026-05-26
6347,71.0,77.92744093367133,EXITOSO,2026-05-26
6348,269.0,31.952301534133486,EXITOSO,2026-05-26
6349,325.0,47.24086790645786,EXITOSO,2026-05-26
6350,794.0,4.28594973726797,EXITOSO,2026-05-26
6351,305.0,7.353499328726372,EXITOSO,2026-05-26
6352,451.0,93.8419885969877,EXITOSO,2026-05-26
6353,7.0,117.76448812525018,EXITOSO,2026-05-26
6354,314.0,31.40925884761732,EXITOSO,2026-05-26
6355,817.0,61.9247528053012,FALLIDO,2026-05-26
6356,103.0,88.82095040005076,EXITOSO,2026-05-26
6357,821.0,-6.5536880735539995,EXITOSO,2026-05-26
6358,193.0,18.052535534576144,EXITOSO,2026-05-26
6359,753.0,139.74541940978338,EXITOSO,2026-05-26
6360,574.0,21.691340084423672,EXITOSO,2026-05-26
6361,529.0,45.526627623233686,FALLIDO,2026-05-26
6362,171.0,35.882625584158724,EXITOSO,2026-05-26
6363,537.0,-19.791174315598937,EXITOSO,2026-05-26
6364,251.0,63.30890154017671,EXITOSO,2026-05-26
6365,765.0,58.98993502804529,EXITOSO,2026-05-26
6366,387.0,67.23404857680495,EXITOSO,2026-05-26
6367,207.0,56.61697770607933,EXITOSO,2026-05-26
6368,541.0,41.60556236047235,INVALIDO,2026-05-26
6369,629.0,39.30911198591778,EXITOSO,2026-05-26
6370,416.0,39.992958833601634,EXITOSO,2026-05-26
6371,794.0,20.452411246123,FALLIDO,2026-05-26
6372,380.0,26.647815504507683,EXITOSO,2026-05-26
6373,144.0,21.123452810785672,EXITOSO,2026-05-26
6374,25.0,82.93641975580938,EXITOSO,2026-05-26
6375,822.0,72.24410281832048,EXITOSO,2026-05-26
6376,668.0,61.08535392727349,EXITOSO,2026-05-26
6377,73.0,137.69060843439678,EXITOSO,2026-05-26
6378,632.0,22.972187602222945,EXITOSO,2026-05-26
6379,824.0,104.75107261013186,EXITOSO,2026-05-26
6380,833.0,49.59879302048915,EXITOSO,2026-05-26
6381,93.0,66.28658739761057,EXITOSO,2026-05-26
6382,505.0,86.84544925843132,EXITOSO,2026-05-26
6383,598.0,40.898538492322174,EXITOSO,2026-05-26
6384,336.0,17.73208647305534,FALLIDO,2026-05-26
6385,425.0,24.32896675899977,FALLIDO,2026-05-26
6386,499.0,-24.251352681342638,EXITOSO,2026-05-26
6387,364.0,84.27184629285142,FALLIDO,2026-05-26
6388,947.0,83.30958506640475,FALLIDO,2026-05-26
6389,630.0,123.34602224369536,EXITOSO,2026-05-26
6390,745.0,76.59715636274838,EXITOSO,2026-05-26
6391,199.0,86.20898989705442,EXITOSO,2026-05-26
6392,718.0,56.738145765225724,EXITOSO,2026-05-26
6393,413.0,78.59516883264178,EXITOSO,2026-05-26
6394,339.0,103.58371734639681,EXITOSO,2026-05-26
6395,659.0,67.25888867434566,EXITOSO,2026-05-26
6396,962.0,39.150737686449986,EXITOSO,2026-05-26
6397,937.0,51.19095061753914,EXITOSO,2026-05-26
6398,429.0,90.07454412934007,FALLIDO,2026-05-26
6399,783.0,40.34946374896677,EXITOSO,2026-05-26
6400,899.0,95.56265304684607,EXITOSO,2026-05-26
6401,139.0,136.34391486762792,EXITOSO,2026-05-26
6402,693.0,96.05848539327224,EXITOSO,2026-05-26
6403,942.0,89.88543612834985,EXITOSO,2026-05-26
6404,542.0,73.90529044230018,EXITOSO,2026-05-26
6405,57.0,28.925220656712796,EXITOSO,2026-05-26
6406,232.0,25.296721358543508,FALLIDO,2026-05-26
6407,658.0,24.89510439402038,EXITOSO,2026-05-26
6408,435.0,82.18928275394231,FALLIDO,2026-05-26
6409,384.0,44.42148450851718,EXITOSO,2026-05-26
6410,560.0,58.840304323251985,EXITOSO,2026-05-26
6411,194.0,76.7462572261146,EXITOSO,2026-05-26
6412,736.0,26.38314846965723,EXITOSO,2026-05-26
6413,648.0,39.92304801488028,EXITOSO,2026-05-26
6414,534.0,72.91531206516949,EXITOSO,2026-05-26
6415,518.0,48.36584523562655,EXITOSO,2026-05-26
6416,716.0,52.10195873769617,EXITOSO,2026-05-26
6417,751.0,18.69379934813105,EXITOSO,2026-05-26
6418,185.0,52.64353930605066,EXITOSO,2026-05-26
6419,872.0,126.08679911471397,FALLIDO,2026-05-26
6420,292.0,42.14589979196213,EXITOSO,2026-05-26
6421,335.0,14.119567398236711,EXITOSO,2026-05-26
6422,732.0,98.3254463044562,EXITOSO,2026-05-26
6423,116.0,80.93419727366506,EXITOSO,2026-05-26
6424,825.0,68.50473770070435,EXITOSO,2026-05-26
6425,49.0,7.254321366699976,FALLIDO,2026-05-26
6426,685.0,12.93545267207719,EXITOSO,2026-05-26
6427,82.0,-1.4927539918808534,EXITOSO,2026-05-26
6428,834.0,77.2612600460179,EXITOSO,2026-05-26
6429,333.0,100.79475714006924,EXITOSO,2026-05-26
6430,557.0,78.61070427088582,EXITOSO,2026-05-26
6431,335.0,137.99609590866658,FALLIDO,2026-05-26
6432,532.0,42.32385347338361,EXITOSO,2026-05-26
6433,960.0,47.0532223466065,FALLIDO,2026-05-26
6434,221.0,64.2624756557951,EXITOSO,2026-05-26
6435,635.0,50.82006337026743,EXITOSO,2026-05-26
6436,746.0,79.94843639399238,EXITOSO,2026-05-26
6437,733.0,34.415162442451134,EXITOSO,2026-05-26
6438,323.0,4.211026202300104,EXITOSO,2026-05-26
6439,851.0,-11.57362315966337,FALLIDO,2026-05-26
6440,3.0,79.22050495061488,EXITOSO,2026-05-26
6441,694.0,38.963555175621586,EXITOSO,2026-05-26
6442,206.0,13.218360781952967,EXITOSO,2026-05-26
6443,832.0,35.23763720003133,FALLIDO,2026-05-26
6444,40.0,138.1012761038181,FALLIDO,2026-05-26
6445,59.0,15.56426428655218,EXITOSO,2026-05-26
6446,951.0,89.08766121399206,EXITOSO,2026-05-26
6447,574.0,76.84374285796599,EXITOSO,2026-05-26
6448,644.0,113.65731272052551,EXITOSO,2026-05-26
6449,507.0,55.07628513543444,EXITOSO,2026-05-26
6450,572.0,-2.413775937227591,EXITOSO,2026-05-26
6451,884.0,99.7018121912305,FALLIDO,2026-05-26
6452,843.0,50.00710739548842,EXITOSO,2026-05-26
6453,122.0,110.97852519247806,EXITOSO,2026-05-26
6454,479.0,92.63875573246776,EXITOSO,2026-05-26
6455,619.0,99.83478369522527,EXITOSO,2026-05-26
6456,96.0,154.73926837301525,FALLIDO,2026-05-26
6457,859.0,71.27992179583832,EXITOSO,2026-05-26
6458,414.0,117.71420279245135,EXITOSO,2026-05-26
6459,235.0,43.80617863881166,EXITOSO,2026-05-26
6460,898.0,81.62845586662681,EXITOSO,2026-05-26
6461,62.0,39.90917121712543,EXITOSO,2026-05-26
6462,256.0,79.16959356230518,EXITOSO,2026-05-26
6463,561.0,74.99221989093749,FALLIDO,2026-05-26
6464,905.0,-22.4226617402432,EXITOSO,2026-05-26
6465,348.0,35.53088425372851,EXITOSO,2026-05-26
6466,671.0,69.21262819489372,EXITOSO,2026-05-26
6467,124.0,-30.295719288439187,EXITOSO,2026-05-26
6468,482.0,56.16622517179259,EXITOSO,2026-05-26
6469,317.0,100.33881159358465,EXITOSO,2026-05-26
6470,504.0,112.00985932902823,EXITOSO,2026-05-26
6471,719.0,28.702211452862734,EXITOSO,2026-05-26
6472,48.0,114.5762469419147,EXITOSO,2026-05-26
6473,409.0,108.32466052678396,EXITOSO,2026-05-26
6474,932.0,-25.915627889554557,EXITOSO,2026-05-26
6475,136.0,64.63167651937295,FALLIDO,2026-05-26
6476,201.0,69.05716844847872,EXITOSO,2026-05-26
6477,250.0,120.75180871570969,EXITOSO,2026-05-26
6478,314.0,71.45539843700307,EXITOSO,2026-05-26
6479,869.0,115.74924158432205,EXITOSO,2026-05-26
6480,368.0,28.76873258411612,EXITOSO,2026-05-26
6481,429.0,-3.9219701359545667,EXITOSO,2026-05-26
6482,830.0,34.086472495115764,EXITOSO,2026-05-26
6483,807.0,123.07953746721262,EXITOSO,2026-05-26
6484,480.0,97.03677520025788,EXITOSO,2026-05-26
6485,314.0,152.898457345606,EXITOSO,2026-05-26
6486,500.0,2.266822183594506,INVALIDO,2026-05-26
6487,721.0,101.65287918774247,EXITOSO,2026-05-26
6488,355.0,90.19464799093686,EXITOSO,2026-05-26
6489,485.0,48.58733051348155,EXITOSO,2026-05-26
6490,211.0,91.03710366650898,FALLIDO,2026-05-26
6491,704.0,65.59859243693938,EXITOSO,2026-05-26
6492,44.0,78.41230062166008,EXITOSO,2026-05-26
6493,541.0,87.22199724014328,EXITOSO,2026-05-26
6494,571.0,99.20437181020233,FALLIDO,2026-05-26
6495,583.0,63.47246664641615,EXITOSO,2026-05-26
6496,92.0,131.09344218451477,EXITOSO,2026-05-26
6497,265.0,51.37098700419526,EXITOSO,2026-05-26
6498,895.0,135.3503048275254,EXITOSO,2026-05-26
6499,220.0,14.886242862303263,INVALIDO,2026-05-26
6500,902.0,20.5976190128293,FALLIDO,2026-05-26
6501,925.0,22.939589385767015,EXITOSO,2026-05-26
6502,442.0,98.27443126902732,EXITOSO,2026-05-26
6503,401.0,27.78153922771179,EXITOSO,2026-05-26
6504,400.0,119.60501442414186,EXITOSO,2026-05-26
6505,727.0,38.941051565085516,EXITOSO,2026-05-26
6506,991.0,75.97142792993515,EXITOSO,2026-05-26
6507,899.0,85.60350101746941,EXITOSO,2026-05-26
6508,789.0,19.370227076027113,FALLIDO,2026-05-26
6509,576.0,4.369062529211789,EXITOSO,2026-05-26
6510,858.0,71.31532800136718,EXITOSO,2026-05-26
6511,804.0,48.91033479070144,EXITOSO,2026-05-26
6512,490.0,79.93796031536817,EXITOSO,2026-05-26
6513,485.0,6.173676827814418,FALLIDO,2026-05-26
6514,757.0,45.72971328376865,EXITOSO,2026-05-26
6515,470.0,52.72649433632391,EXITOSO,2026-05-26
6516,574.0,-37.4987894576237,FALLIDO,2026-05-26
6517,938.0,99.81829083828666,EXITOSO,2026-05-26
6518,844.0,29.70232619535632,INVALIDO,2026-05-26
6519,682.0,119.9664536669036,EXITOSO,2026-05-26
6520,445.0,32.28677128343429,EXITOSO,2026-05-26
6521,269.0,39.14693056028195,EXITOSO,2026-05-26
6522,267.0,10.32351525758088,FALLIDO,2026-05-26
6523,54.0,105.86450924354382,EXITOSO,2026-05-26
6524,528.0,78.16647398040793,EXITOSO,2026-05-26
6525,520.0,116.00542844530027,FALLIDO,2026-05-26
6526,616.0,51.70604026246616,EXITOSO,2026-05-26
6527,59.0,58.33137012867683,EXITOSO,2026-05-26
6528,825.0,-7.280529270813162,EXITOSO,2026-05-26
6529,40.0,35.03822492521961,EXITOSO,2026-05-26
6530,237.0,66.81994619069157,EXITOSO,2026-05-26
6531,955.0,75.48803349865622,FALLIDO,2026-05-26
6532,386.0,132.95749893221068,FALLIDO,2026-05-26
6533,606.0,-14.037886249690132,EXITOSO,2026-05-26
6534,734.0,69.17819003215511,EXITOSO,2026-05-26
6535,716.0,44.950508956107754,EXITOSO,2026-05-26
6536,650.0,63.02014372953128,EXITOSO,2026-05-26
6537,300.0,64.10865005240909,EXITOSO,2026-05-26
6538,395.0,52.35261750999064,FALLIDO,2026-05-26
6539,207.0,14.675683274661608,EXITOSO,2026-05-26
6540,336.0,7.248912379753406,EXITOSO,2026-05-26
6541,593.0,49.403528608140256,EXITOSO,2026-05-26
6542,730.0,3.1753001194017116,EXITOSO,2026-05-26
6543,514.0,55.48382883460465,EXITOSO,2026-05-26
6544,178.0,49.86522231444305,EXITOSO,2026-05-26
6545,396.0,-38.00141206839467,EXITOSO,2026-05-26
6546,371.0,137.34452304690126,EXITOSO,2026-05-26
6547,858.0,63.09030664583677,EXITOSO,2026-05-26
6548,791.0,-37.495605606981556,EXITOSO,2026-05-26
6549,658.0,69.88531728835417,EXITOSO,2026-05-26
6550,318.0,51.864427225938826,EXITOSO,2026-05-26
6551,736.0,7.289372411173176,EXITOSO,2026-05-26
6552,369.0,72.37211763097035,FALLIDO,2026-05-26
6553,384.0,22.313845792415933,EXITOSO,2026-05-26
6554,62.0,67.72130515329789,EXITOSO,2026-05-26
6555,806.0,31.939613064433185,EXITOSO,2026-05-26
6556,505.0,23.77683530080057,EXITOSO,2026-05-26
6557,239.0,59.378646078583245,EXITOSO,2026-05-26
6558,195.0,-4.883719126818718,EXITOSO,2026-05-26
6559,678.0,56.69851097559534,FALLIDO,2026-05-26
6560,963.0,86.2901511205196,EXITOSO,2026-05-26
6561,222.0,110.82443162942165,EXITOSO,2026-05-26
6562,61.0,103.54272855976569,EXITOSO,2026-05-26
6563,129.0,114.13322063421305,EXITOSO,2026-05-26
6564,990.0,41.81143895081537,EXITOSO,2026-05-26
6565,685.0,19.01456993980758,EXITOSO,2026-05-26
6566,992.0,92.61425446414157,EXITOSO,2026-05-26
6567,156.0,39.324266360470546,EXITOSO,2026-05-26
6568,917.0,60.250491210408875,EXITOSO,2026-05-26
6569,378.0,89.87468043341522,EXITOSO,2026-05-26
6570,622.0,140.8439108154874,EXITOSO,2026-05-26
6571,781.0,81.15202040472192,EXITOSO,2026-05-26
6572,923.0,68.20411929802607,EXITOSO,2026-05-26
6573,868.0,15.155564640385286,FALLIDO,2026-05-26
6574,903.0,106.77421694234772,EXITOSO,2026-05-26
6575,790.0,76.34571443152426,EXITOSO,2026-05-26
6576,586.0,46.11432119342281,EXITOSO,2026-05-26
6577,999.0,41.983265834422866,EXITOSO,2026-05-26
6578,437.0,43.72549516239961,EXITOSO,2026-05-26
6579,975.0,61.75860811112974,EXITOSO,2026-05-26
6580,207.0,1.6397197411944902,FALLIDO,2026-05-26
6581,388.0,108.72091218878575,FALLIDO,2026-05-26
6582,480.0,101.38693589221822,EXITOSO,2026-05-26
6583,791.0,53.30046593838166,EXITOSO,2026-05-26
6584,887.0,43.81402068519365,EXITOSO,2026-05-26
6585,838.0,59.07289180860557,EXITOSO,2026-05-26
6586,984.0,65.86247302346158,EXITOSO,2026-05-26
6587,340.0,47.996132156583286,EXITOSO,2026-05-26
6588,869.0,99.96340239931585,EXITOSO,2026-05-26
6589,340.0,3.035673159657364,EXITOSO,2026-05-26
6590,204.0,31.522553202610545,EXITOSO,2026-05-26
6591,161.0,91.00967967456236,INVALIDO,2026-05-26
6592,540.0,72.9710616991548,EXITOSO,2026-05-26
6593,392.0,32.818349983664916,EXITOSO,2026-05-26
6594,769.0,76.01873866788121,EXITOSO,2026-05-26
6595,677.0,28.2815821965429,EXITOSO,2026-05-26
6596,575.0,47.59536676883098,EXITOSO,2026-05-26
6597,534.0,101.74875782169813,EXITOSO,2026-05-26
6598,70.0,97.32334308260724,EXITOSO,2026-05-26
6599,893.0,71.52947031055696,EXITOSO,2026-05-26
6600,405.0,17.954038509869335,EXITOSO,2026-05-26
6601,608.0,44.89379399620921,EXITOSO,2026-05-26
6602,675.0,63.858625712374945,EXITOSO,2026-05-26
6603,591.0,118.21685552261069,INVALIDO,2026-05-26
6604,517.0,-11.294777345708226,EXITOSO,2026-05-26
6605,828.0,25.114238124005624,EXITOSO,2026-05-26
6606,120.0,105.14413568488703,EXITOSO,2026-05-26
6607,814.0,114.40668311175983,EXITOSO,2026-05-26
6608,690.0,57.21145050888798,EXITOSO,2026-05-26
6609,688.0,121.53602964892974,EXITOSO,2026-05-26
6610,902.0,30.66515382314281,EXITOSO,2026-05-26
6611,217.0,-0.36957616254477443,EXITOSO,2026-05-26
6612,56.0,91.60921102716512,EXITOSO,2026-05-26
6613,366.0,111.78819638448776,FALLIDO,2026-05-26
6614,699.0,111.12116767928512,EXITOSO,2026-05-26
6615,504.0,25.462215751496863,EXITOSO,2026-05-26
6616,744.0,67.97519451276005,INVALIDO,2026-05-26
6617,767.0,93.59272187840173,EXITOSO,2026-05-26
6618,925.0,72.03910852926779,FALLIDO,2026-05-26
6619,455.0,117.85426836584574,EXITOSO,2026-05-26
6620,104.0,43.79816571194894,EXITOSO,2026-05-26
6621,77.0,57.17536758713963,EXITOSO,2026-05-26
6622,230.0,69.44761846021989,EXITOSO,2026-05-26
6623,914.0,93.30216556944805,EXITOSO,2026-05-26
6624,258.0,52.221610751927884,FALLIDO,2026-05-26
6625,264.0,97.09736575733635,FALLIDO,2026-05-26
6626,331.0,124.18498832219787,EXITOSO,2026-05-26
6627,993.0,39.277153903933154,EXITOSO,2026-05-26
6628,182.0,53.41362481160386,EXITOSO,2026-05-26
6629,893.0,98.71038367104615,EXITOSO,2026-05-26
6630,768.0,137.10113496548306,EXITOSO,2026-05-26
6631,550.0,85.43837141524482,EXITOSO,2026-05-26
6632,688.0,28.550549198631415,EXITOSO,2026-05-26
6633,27.0,67.9268907889247,EXITOSO,2026-05-26
6634,276.0,98.40773407061965,EXITOSO,2026-05-26
6635,652.0,27.49725730508507,EXITOSO,2026-05-26
6636,299.0,16.864791866427673,EXITOSO,2026-05-26
6637,957.0,46.200679337748454,FALLIDO,2026-05-26
6638,799.0,86.38534193754369,EXITOSO,2026-05-26
6639,91.0,5.231430166317914,EXITOSO,2026-05-26
6640,480.0,32.27684849313708,FALLIDO,2026-05-26
6641,573.0,70.94639540589358,EXITOSO,2026-05-26
6642,458.0,103.62075014595266,FALLIDO,2026-05-26
6643,451.0,71.60842972381742,EXITOSO,2026-05-26
6644,365.0,74.98739135730763,FALLIDO,2026-05-26
6645,859.0,100.19686876199043,EXITOSO,2026-05-26
6646,675.0,123.89031241905246,EXITOSO,2026-05-26
6647,351.0,119.42047547461891,EXITOSO,2026-05-26
6648,655.0,-21.65446384271911,EXITOSO,2026-05-26
6649,400.0,63.922316498715084,EXITOSO,2026-05-26
6650,253.0,96.50063457672348,EXITOSO,2026-05-26
6651,781.0,127.99146924084961,EXITOSO,2026-05-26
6652,881.0,85.63946444740937,EXITOSO,2026-05-26
6653,803.0,25.632548085581938,EXITOSO,2026-05-26
6654,459.0,30.91948526252352,EXITOSO,2026-05-26
6655,699.0,32.03872956282336,FALLIDO,2026-05-26
6656,917.0,72.30075525002435,EXITOSO,2026-05-26
6657,499.0,40.807117935021836,EXITOSO,2026-05-26
6658,950.0,-61.78648660292478,EXITOSO,2026-05-26
6659,971.0,12.868439442862481,EXITOSO,2026-05-26
6660,926.0,42.23003513923484,EXITOSO,2026-05-26
6661,508.0,5.500700403138254,EXITOSO,2026-05-26
6662,304.0,11.458822076367923,EXITOSO,2026-05-26
6663,501.0,142.03882521962782,EXITOSO,2026-05-26
6664,803.0,59.65512423342413,INVALIDO,2026-05-26
6665,598.0,44.55541162486031,FALLIDO,2026-05-26
6666,166.0,86.69373710901482,EXITOSO,2026-05-26
6667,415.0,105.84277690601539,FALLIDO,2026-05-26
6668,462.0,149.62462657820345,EXITOSO,2026-05-26
6669,920.0,128.21492072120435,EXITOSO,2026-05-26
6670,114.0,77.39235318500018,EXITOSO,2026-05-26
6671,433.0,-1.3123160137282355,EXITOSO,2026-05-26
6672,992.0,19.900704743720425,FALLIDO,2026-05-26
6673,356.0,43.92566213300746,EXITOSO,2026-05-26
6674,928.0,80.26252820277597,EXITOSO,2026-05-26
6675,695.0,63.772660851137246,EXITOSO,2026-05-26
6676,207.0,1.0789304568620395,EXITOSO,2026-05-26
6677,768.0,-6.07004110682071,EXITOSO,2026-05-26
6678,235.0,70.36032214334959,EXITOSO,2026-05-26
6679,442.0,64.80162201397684,EXITOSO,2026-05-26
6680,355.0,51.6049252955396,EXITOSO,2026-05-26
6681,515.0,79.3170421616037,EXITOSO,2026-05-26
6682,208.0,109.87249843578377,EXITOSO,2026-05-26
6683,709.0,72.40275746663295,EXITOSO,2026-05-26
6684,853.0,22.333985808096138,EXITOSO,2026-05-26
6685,125.0,136.6087854267979,FALLIDO,2026-05-26
6686,138.0,52.947660695066446,EXITOSO,2026-05-26
6687,339.0,61.99990531710107,EXITOSO,2026-05-26
6688,537.0,33.853678466948125,EXITOSO,2026-05-26
6689,68.0,17.023458053468694,EXITOSO,2026-05-26
6690,573.0,20.28022585713081,EXITOSO,2026-05-26
6691,541.0,11.488230117257665,EXITOSO,2026-05-26
6692,383.0,-60.39764320895662,FALLIDO,2026-05-26
6693,19.0,53.74961097906261,INVALIDO,2026-05-26
6694,683.0,104.09395421983052,EXITOSO,2026-05-26
6695,450.0,20.62750266293208,INVALIDO,2026-05-26
6696,74.0,162.379515578109,FALLIDO,2026-05-26
6697,573.0,115.45511229122428,EXITOSO,2026-05-26
6698,939.0,59.271046621171145,EXITOSO,2026-05-26
6699,665.0,15.556727131548662,EXITOSO,2026-05-26
6700,276.0,-3.883915251184945,EXITOSO,2026-05-26
6701,48.0,55.45265299243584,EXITOSO,2026-05-26
6702,211.0,62.72482587395197,EXITOSO,2026-05-26
6703,855.0,51.82451543494231,EXITOSO,2026-05-26
6704,920.0,102.77292481170568,FALLIDO,2026-05-26
6705,651.0,119.8832838496088,EXITOSO,2026-05-26
6706,622.0,78.90695566214093,EXITOSO,2026-05-26
6707,994.0,81.05863893018204,EXITOSO,2026-05-26
6708,695.0,47.377789512308155,EXITOSO,2026-05-26
6709,540.0,59.803276997335,EXITOSO,2026-05-26
6710,709.0,76.465338136294,EXITOSO,2026-05-26
6711,191.0,47.33047348935475,EXITOSO,2026-05-26
6712,315.0,86.43388683197797,FALLIDO,2026-05-26
6713,901.0,17.75297139048847,EXITOSO,2026-05-26
6714,563.0,30.711908588006946,EXITOSO,2026-05-26
6715,661.0,18.123476146248578,EXITOSO,2026-05-26
6716,780.0,33.255115440981356,EXITOSO,2026-05-26
6717,562.0,48.50863098839987,FALLIDO,2026-05-26
6718,900.0,101.16364546749296,EXITOSO,2026-05-26
6719,758.0,61.657287278279696,EXITOSO,2026-05-26
6720,113.0,8.627690728596605,EXITOSO,2026-05-26
6721,170.0,3.9215813103909554,EXITOSO,2026-05-26
6722,468.0,43.360098843296264,EXITOSO,2026-05-26
6723,678.0,93.37604119911595,EXITOSO,2026-05-26
6724,921.0,116.1190777917856,EXITOSO,2026-05-26
6725,14.0,-3.6305998774477075,EXITOSO,2026-05-26
6726,715.0,74.89409857880236,EXITOSO,2026-05-26
6727,288.0,43.925101540963006,EXITOSO,2026-05-26
6728,907.0,47.03116860305935,INVALIDO,2026-05-26
6729,189.0,17.43032484361892,FALLIDO,2026-05-26
6730,914.0,51.19747010188358,EXITOSO,2026-05-26
6731,155.0,15.632821604521531,EXITOSO,2026-05-26
6732,567.0,49.36596306062586,EXITOSO,2026-05-26
6733,694.0,105.93031370338164,EXITOSO,2026-05-26
6734,722.0,85.24950079957469,EXITOSO,2026-05-26
6735,888.0,136.55006442755916,EXITOSO,2026-05-26
6736,471.0,81.0542891880799,EXITOSO,2026-05-26
6737,75.0,66.98072277987232,EXITOSO,2026-05-26
6738,277.0,82.11582430049538,FALLIDO,2026-05-26
6739,940.0,28.968073223387727,FALLIDO,2026-05-26
6740,645.0,-23.441133950429787,EXITOSO,2026-05-26
6741,343.0,91.84684605856287,EXITOSO,2026-05-26
6742,425.0,-11.813163389482696,EXITOSO,2026-05-26
6743,571.0,104.86404221190328,EXITOSO,2026-05-26
6744,511.0,90.03254973367264,FALLIDO,2026-05-26
6745,857.0,26.0191541715824,FALLIDO,2026-05-26
6746,182.0,42.55641347510952,EXITOSO,2026-05-26
6747,458.0,59.53845575503465,EXITOSO,2026-05-26
6748,918.0,23.113147303186487,EXITOSO,2026-05-26
6749,851.0,81.62080757395883,EXITOSO,2026-05-26
6750,833.0,85.14679126328772,FALLIDO,2026-05-26
6751,64.0,2.281542394130504,EXITOSO,2026-05-26
6752,839.0,27.075639715379452,EXITOSO,2026-05-26
6753,260.0,58.52772616107888,EXITOSO,2026-05-26
6754,193.0,105.62321323881561,EXITOSO,2026-05-26
6755,655.0,86.09139982592114,EXITOSO,2026-05-26
6756,616.0,-33.23673206103949,EXITOSO,2026-05-26
6757,972.0,48.32023289136691,EXITOSO,2026-05-26
6758,406.0,78.90694468013774,EXITOSO,2026-05-26
6759,726.0,28.001607301881805,EXITOSO,2026-05-26
6760,754.0,24.90350578406025,EXITOSO,2026-05-26
6761,943.0,30.1218126804679,FALLIDO,2026-05-26
6762,721.0,47.6809149963553,EXITOSO,2026-05-26
6763,93.0,20.836263172943177,EXITOSO,2026-05-26
6764,430.0,86.39721478909546,EXITOSO,2026-05-26
6765,654.0,25.571941235520406,EXITOSO,2026-05-26
6766,434.0,18.553650320723335,EXITOSO,2026-05-26
6767,404.0,44.05232399884292,EXITOSO,2026-05-26
6768,434.0,119.15666216190331,INVALIDO,2026-05-26
6769,112.0,81.0111947396313,EXITOSO,2026-05-26
6770,929.0,83.55455337802948,EXITOSO,2026-05-26
6771,375.0,71.45005085203104,EXITOSO,2026-05-26
6772,59.0,22.12076221868083,EXITOSO,2026-05-26
6773,43.0,34.397368655979065,FALLIDO,2026-05-26
6774,207.0,27.600162757864574,EXITOSO,2026-05-26
6775,780.0,103.6624000754118,EXITOSO,2026-05-26
6776,296.0,71.81346925131108,EXITOSO,2026-05-26
6777,118.0,-6.692228107814856,EXITOSO,2026-05-26
6778,532.0,118.10612313538772,EXITOSO,2026-05-26
6779,222.0,46.72194275554962,EXITOSO,2026-05-26
6780,166.0,86.13512058080886,EXITOSO,2026-05-26
6781,643.0,102.09351760185672,EXITOSO,2026-05-26
6782,156.0,-42.48274733827215,EXITOSO,2026-05-26
6783,184.0,78.18390829119781,EXITOSO,2026-05-26
6784,90.0,49.896957398292,EXITOSO,2026-05-26
6785,94.0,-36.87567989126711,EXITOSO,2026-05-26
6786,13.0,14.69891629897188,EXITOSO,2026-05-26
6787,973.0,41.81565833460274,EXITOSO,2026-05-26
6788,834.0,93.82605507068452,EXITOSO,2026-05-26
6789,805.0,52.950481999518914,EXITOSO,2026-05-26
6790,945.0,65.92485257356412,EXITOSO,2026-05-26
6791,742.0,45.75486548640715,EXITOSO,2026-05-26
6792,834.0,103.51617097223289,EXITOSO,2026-05-26
6793,804.0,80.84124626456796,EXITOSO,2026-05-26
6794,438.0,66.51421927136003,EXITOSO,2026-05-26
6795,538.0,14.274679952149683,EXITOSO,2026-05-26
6796,587.0,64.79357660524177,EXITOSO,2026-05-26
6797,968.0,171.2748722151698,EXITOSO,2026-05-26
6798,876.0,91.81069145997257,FALLIDO,2026-05-26
6799,936.0,30.426288654700585,EXITOSO,2026-05-26
6800,811.0,134.09839560853587,FALLIDO,2026-05-26
6801,150.0,28.664255141708548,EXITOSO,2026-05-26
6802,660.0,88.57216162844068,EXITOSO,2026-05-26
6803,8.0,58.1520067699494,EXITOSO,2026-05-26
6804,29.0,67.285163452489,FALLIDO,2026-05-26
6805,296.0,68.7531887263909,EXITOSO,2026-05-26
6806,986.0,50.09726294353617,FALLIDO,2026-05-26
6807,926.0,44.42641169313366,EXITOSO,2026-05-26
6808,721.0,7.326636617473461,EXITOSO,2026-05-26
6809,640.0,14.999238791578556,FALLIDO,2026-05-26
6810,340.0,73.35854797112869,INVALIDO,2026-05-26
6811,628.0,32.69142735386335,EXITOSO,2026-05-26
6812,439.0,23.599604461803835,EXITOSO,2026-05-26
6813,144.0,173.09295602352077,EXITOSO,2026-05-26
6814,942.0,159.57381701098285,EXITOSO,2026-05-26
6815,830.0,83.23296378585125,EXITOSO,2026-05-26
6816,747.0,88.86046952355288,EXITOSO,2026-05-26
6817,519.0,27.503334357473136,EXITOSO,2026-05-26
6818,976.0,12.590362455816674,EXITOSO,2026-05-26
6819,45.0,46.38656695624769,EXITOSO,2026-05-26
6820,955.0,60.011862170981985,EXITOSO,2026-05-26
6821,239.0,88.52310238145145,EXITOSO,2026-05-26
6822,952.0,-13.213460042660358,FALLIDO,2026-05-26
6823,944.0,145.88988671581984,EXITOSO,2026-05-26
6824,155.0,69.92098866742137,EXITOSO,2026-05-26
6825,181.0,-2.0278680219416927,INVALIDO,2026-05-26
6826,215.0,66.29899181395439,EXITOSO,2026-05-26
6827,88.0,23.901965476250986,EXITOSO,2026-05-26
6828,256.0,21.098396130269855,FALLIDO,2026-05-26
6829,511.0,17.50392451302119,EXITOSO,2026-05-26
6830,73.0,49.740561527233396,INVALIDO,2026-05-26
6831,931.0,144.10862763016712,EXITOSO,2026-05-26
6832,179.0,63.706613545764284,EXITOSO,2026-05-26
6833,212.0,87.75559223719685,EXITOSO,2026-05-26
6834,805.0,97.54057127325902,EXITOSO,2026-05-26
6835,234.0,54.20974685763252,FALLIDO,2026-05-26
6836,465.0,13.559199262346482,EXITOSO,2026-05-26
6837,751.0,-3.949667336646442,EXITOSO,2026-05-26
6838,223.0,44.501912653326826,EXITOSO,2026-05-26
6839,631.0,105.7574525352779,EXITOSO,2026-05-26
6840,825.0,97.41568600198511,EXITOSO,2026-05-26
6841,264.0,70.25522512104436,EXITOSO,2026-05-26
6842,207.0,75.55514466234834,EXITOSO,2026-05-26
6843,607.0,54.527025582170765,FALLIDO,2026-05-26
6844,885.0,40.74072024848013,EXITOSO,2026-05-26
6845,734.0,30.47265684584488,EXITOSO,2026-05-26
6846,366.0,1.141990227926172,EXITOSO,2026-05-26
6847,276.0,131.88503266500476,EXITOSO,2026-05-26
6848,380.0,66.84483869229307,EXITOSO,2026-05-26
6849,743.0,42.30138977371605,EXITOSO,2026-05-26
6850,309.0,132.84666143169926,EXITOSO,2026-05-26
6851,631.0,140.4792972304902,EXITOSO,2026-05-26
6852,268.0,169.80633412033495,FALLIDO,2026-05-26
6853,945.0,50.066902066483635,EXITOSO,2026-05-26
6854,785.0,64.20923091117704,EXITOSO,2026-05-26
6855,64.0,86.03823689979242,EXITOSO,2026-05-26
6856,810.0,126.48740532991087,EXITOSO,2026-05-26
6857,350.0,62.48092711826906,EXITOSO,2026-05-26
6858,925.0,20.66580571861182,FALLIDO,2026-05-26
6859,915.0,29.86481676930435,EXITOSO,2026-05-26
6860,494.0,107.0972579755553,INVALIDO,2026-05-26
6861,523.0,84.84140772618625,EXITOSO,2026-05-26
6862,98.0,53.08359550038078,EXITOSO,2026-05-26
6863,946.0,50.45279553654439,EXITOSO,2026-05-26
6864,71.0,53.08537845745393,INVALIDO,2026-05-26
6865,364.0,109.56156119554403,EXITOSO,2026-05-26
6866,570.0,28.441882155510974,FALLIDO,2026-05-26
6867,802.0,11.463555967226178,EXITOSO,2026-05-26
6868,763.0,132.672350943165,EXITOSO,2026-05-26
6869,276.0,61.00217888158642,EXITOSO,2026-05-26
6870,50.0,56.82684963431805,EXITOSO,2026-05-26
6871,358.0,86.83968478870956,EXITOSO,2026-05-26
6872,728.0,20.443585658616705,EXITOSO,2026-05-26
6873,906.0,90.01984003105909,FALLIDO,2026-05-26
6874,928.0,44.69091042676909,EXITOSO,2026-05-26
6875,564.0,105.0269014673603,FALLIDO,2026-05-26
6876,783.0,-1.3493640668072544,EXITOSO,2026-05-26
6877,485.0,78.02664751864523,EXITOSO,2026-05-26
6878,84.0,50.75069715237569,EXITOSO,2026-05-26
6879,899.0,31.81426807506672,EXITOSO,2026-05-26
6880,805.0,90.85378316850957,EXITOSO,2026-05-26
6881,638.0,54.06712308585793,FALLIDO,2026-05-26
6882,808.0,78.64051192627457,EXITOSO,2026-05-26
6883,584.0,110.62847683145213,FALLIDO,2026-05-26
6884,296.0,91.65982576882465,FALLIDO,2026-05-26
6885,236.0,16.785154598114417,EXITOSO,2026-05-26
6886,56.0,38.33014979958043,EXITOSO,2026-05-26
6887,919.0,78.37165387007553,EXITOSO,2026-05-26
6888,360.0,91.75507606294497,EXITOSO,2026-05-26
6889,907.0,44.3617489626439,EXITOSO,2026-05-26
6890,110.0,67.91413918111421,EXITOSO,2026-05-26
6891,192.0,67.6634842557588,EXITOSO,2026-05-26
6892,904.0,73.23596740220333,EXITOSO,2026-05-26
6893,93.0,12.842105169358135,EXITOSO,2026-05-26
6894,862.0,3.398714778820846,EXITOSO,2026-05-26
6895,568.0,-30.369480542455932,EXITOSO,2026-05-26
6896,60.0,64.2224438155964,FALLIDO,2026-05-26
6897,650.0,5.432390914097603,EXITOSO,2026-05-26
6898,39.0,145.46902542860377,EXITOSO,2026-05-26
6899,540.0,86.16464217865052,FALLIDO,2026-05-26
6900,49.0,12.725322435549806,EXITOSO,2026-05-26
6901,420.0,105.40522975106443,EXITOSO,2026-05-26
6902,637.0,105.49993211349047,EXITOSO,2026-05-26
6903,13.0,108.74896619701396,FALLIDO,2026-05-26
6904,992.0,27.677132179807813,INVALIDO,2026-05-26
6905,36.0,88.64217339568697,EXITOSO,2026-05-26
6906,101.0,109.42669144037325,EXITOSO,2026-05-26
6907,794.0,122.83428599028798,EXITOSO,2026-05-26
6908,86.0,-0.9497133986545663,EXITOSO,2026-05-26
6909,516.0,51.29463572361763,EXITOSO,2026-05-26
6910,223.0,26.239632619514495,EXITOSO,2026-05-26
6911,338.0,134.56497060368457,EXITOSO,2026-05-26
6912,960.0,79.6422933541786,EXITOSO,2026-05-26
6913,166.0,95.64991217528984,EXITOSO,2026-05-26
6914,383.0,79.05421422806461,EXITOSO,2026-05-26
6915,856.0,75.0114233762743,EXITOSO,2026-05-26
6916,895.0,25.46847516159651,INVALIDO,2026-05-26
6917,376.0,42.13962308612463,EXITOSO,2026-05-26
6918,471.0,62.86061458005221,EXITOSO,2026-05-26
6919,790.0,34.05657157446902,EXITOSO,2026-05-26
6920,642.0,26.673128409530186,EXITOSO,2026-05-26
6921,31.0,51.77290908215547,EXITOSO,2026-05-26
6922,375.0,35.794239652876115,EXITOSO,2026-05-26
6923,11.0,61.992683607097376,EXITOSO,2026-05-26
6924,988.0,42.28518342131794,EXITOSO,2026-05-26
6925,302.0,32.605653620399735,EXITOSO,2026-05-26
6926,96.0,22.89503358744711,INVALIDO,2026-05-26
6927,190.0,60.243836801825644,EXITOSO,2026-05-26
6928,453.0,95.53193095429648,EXITOSO,2026-05-26
6929,192.0,86.03486215782422,EXITOSO,2026-05-26
6930,486.0,-1.0764074035560895,EXITOSO,2026-05-26
6931,266.0,94.3900304404363,FALLIDO,2026-05-26
6932,424.0,85.75236127813571,EXITOSO,2026-05-26
6933,128.0,95.49093625589833,EXITOSO,2026-05-26
6934,238.0,103.34449321213302,EXITOSO,2026-05-26
6935,920.0,30.893847048679962,FALLIDO,2026-05-26
6936,355.0,48.00788932160726,EXITOSO,2026-05-26
6937,940.0,131.6185405642876,EXITOSO,2026-05-26
6938,112.0,129.24161525913894,EXITOSO,2026-05-26
6939,828.0,56.93645758730596,FALLIDO,2026-05-26
6940,446.0,84.12445698673974,EXITOSO,2026-05-26
6941,343.0,87.6239948570734,EXITOSO,2026-05-26
6942,145.0,130.30578528614132,EXITOSO,2026-05-26
6943,65.0,73.81121559752307,EXITOSO,2026-05-26
6944,247.0,11.508524047518776,EXITOSO,2026-05-26
6945,735.0,40.95976286009876,EXITOSO,2026-05-26
6946,991.0,185.34146638173297,EXITOSO,2026-05-26
6947,490.0,9.655149705282255,FALLIDO,2026-05-26
6948,825.0,62.011164865103204,EXITOSO,2026-05-26
6949,439.0,152.54133761009808,EXITOSO,2026-05-26
6950,106.0,28.010270328621893,EXITOSO,2026-05-26
6951,181.0,-49.07598005305353,EXITOSO,2026-05-26
6952,184.0,-41.719890571874615,EXITOSO,2026-05-26
6953,226.0,28.231441449446592,EXITOSO,2026-05-26
6954,777.0,-10.51739009559725,EXITOSO,2026-05-26
6955,790.0,101.48669349050007,EXITOSO,2026-05-26
6956,909.0,70.72576427239473,FALLIDO,2026-05-26
6957,89.0,-25.35349151993485,EXITOSO,2026-05-26
6958,688.0,-3.8140356903458255,EXITOSO,2026-05-26
6959,530.0,109.60561972347358,EXITOSO,2026-05-26
6960,371.0,67.72636222795325,EXITOSO,2026-05-26
6961,972.0,117.34525377562227,FALLIDO,2026-05-26
6962,936.0,104.76043073411532,EXITOSO,2026-05-26
6963,913.0,13.9791718410696,EXITOSO,2026-05-26
6964,399.0,95.27872262674222,EXITOSO,2026-05-26
6965,106.0,82.51404264386841,EXITOSO,2026-05-26
6966,271.0,-18.46883817051841,EXITOSO,2026-05-26
6967,975.0,5.5208668308585445,EXITOSO,2026-05-26
6968,831.0,157.50681953712092,EXITOSO,2026-05-26
6969,503.0,22.89439048265045,EXITOSO,2026-05-26
6970,679.0,76.46084465332406,EXITOSO,2026-05-26
6971,525.0,52.37397007248446,EXITOSO,2026-05-26
6972,849.0,67.34895807510685,EXITOSO,2026-05-26
6973,32.0,55.0200772757499,EXITOSO,2026-05-26
6974,393.0,98.60749171772729,EXITOSO,2026-05-26
6975,40.0,97.55963377411697,EXITOSO,2026-05-26
6976,660.0,64.71698270297114,EXITOSO,2026-05-26
6977,218.0,23.821078255879115,FALLIDO,2026-05-26
6978,731.0,37.2484463620475,EXITOSO,2026-05-26
6979,981.0,-3.036787872172404,EXITOSO,2026-05-26
6980,82.0,46.6228279296189,EXITOSO,2026-05-26
6981,845.0,-10.65700801775678,FALLIDO,2026-05-26
6982,720.0,68.75388798849625,EXITOSO,2026-05-26
6983,201.0,71.83992914631345,EXITOSO,2026-05-26
6984,447.0,100.2100784660772,EXITOSO,2026-05-26
6985,844.0,11.196568270086743,EXITOSO,2026-05-26
6986,428.0,13.912187956618311,EXITOSO,2026-05-26
6987,38.0,120.98805474091697,EXITOSO,2026-05-26
6988,211.0,5.250781481926687,EXITOSO,2026-05-26
6989,444.0,142.04864876076027,EXITOSO,2026-05-26
6990,327.0,23.04411533917299,EXITOSO,2026-05-26
6991,761.0,23.32366815679036,EXITOSO,2026-05-26
6992,227.0,93.71239382854966,EXITOSO,2026-05-26
6993,48.0,81.9756611479092,EXITOSO,2026-05-26
6994,18.0,125.66147258378011,EXITOSO,2026-05-26
6995,912.0,-15.652166089208535,FALLIDO,2026-05-26
6996,439.0,81.34541711220334,EXITOSO,2026-05-26
6997,807.0,58.161057827860766,EXITOSO,2026-05-26
6998,708.0,16.930877822641634,EXITOSO,2026-05-26
6999,187.0,135.25891572004312,EXITOSO,2026-05-26
7000,345.0,69.41399195532362,EXITOSO,2026-05-26
7001,224.0,57.48603570509699,EXITOSO,2026-05-26
7002,830.0,78.16024902375403,EXITOSO,2026-05-26
7003,488.0,-9.134170684510593,EXITOSO,2026-05-26
7004,909.0,10.055758983158938,FALLIDO,2026-05-26
7005,877.0,46.695153725161894,EXITOSO,2026-05-26
7006,849.0,72.6560672317714,EXITOSO,2026-05-26
7007,229.0,110.98537480179638,EXITOSO,2026-05-26
7008,390.0,24.603150832037848,EXITOSO,2026-05-26
7009,979.0,15.468347213412216,EXITOSO,2026-05-26
7010,589.0,80.05705467014025,EXITOSO,2026-05-26
7011,188.0,54.56407958537892,EXITOSO,2026-05-26
7012,858.0,-16.850975922264567,EXITOSO,2026-05-26
7013,270.0,23.264981064686552,EXITOSO,2026-05-26
7014,607.0,52.72928053007685,EXITOSO,2026-05-26
7015,310.0,53.831859611543464,EXITOSO,2026-05-26
7016,132.0,63.594330913329266,EXITOSO,2026-05-26
7017,551.0,7.987217598132936,EXITOSO,2026-05-26
7018,72.0,54.75941017923982,EXITOSO,2026-05-26
7019,793.0,97.88313507911535,EXITOSO,2026-05-26
7020,845.0,-55.50537202868625,EXITOSO,2026-05-26
7021,672.0,48.7044003344306,EXITOSO,2026-05-26
7022,187.0,-6.478829508590977,EXITOSO,2026-05-26
7023,486.0,58.71073244954649,EXITOSO,2026-05-26
7024,191.0,-0.19139568421671527,EXITOSO,2026-05-26
7025,422.0,65.3629813961223,EXITOSO,2026-05-26
7026,120.0,125.0654553493384,EXITOSO,2026-05-26
7027,220.0,20.82163511182415,EXITOSO,2026-05-26
7028,53.0,26.62236262022371,EXITOSO,2026-05-26
7029,734.0,41.20594602268797,EXITOSO,2026-05-26
7030,451.0,72.74728612917849,EXITOSO,2026-05-26
7031,412.0,19.238149154956403,FALLIDO,2026-05-26
7032,643.0,44.79155378178986,EXITOSO,2026-05-26
7033,237.0,33.2203901855936,EXITOSO,2026-05-26
7034,758.0,41.338900210545546,EXITOSO,2026-05-26
7035,738.0,73.21645289451112,FALLIDO,2026-05-26
7036,720.0,82.04255318272881,FALLIDO,2026-05-26
7037,406.0,0.9279741273611535,EXITOSO,2026-05-26
7038,608.0,73.06032390651899,EXITOSO,2026-05-26
7039,422.0,185.83046346898084,EXITOSO,2026-05-26
7040,712.0,121.7690037071477,EXITOSO,2026-05-26
7041,247.0,34.325695237206155,EXITOSO,2026-05-26
7042,72.0,65.27614114922136,EXITOSO,2026-05-26
7043,830.0,58.65686937105262,EXITOSO,2026-05-26
7044,185.0,78.37818875874758,EXITOSO,2026-05-26
7045,6.0,43.11141660337631,EXITOSO,2026-05-26
7046,206.0,49.23400657042161,FALLIDO,2026-05-26
7047,544.0,30.767041960779355,EXITOSO,2026-05-26
7048,611.0,103.81754314065606,EXITOSO,2026-05-26
7049,906.0,72.43884855650857,EXITOSO,2026-05-26
7050,387.0,72.74224193862318,FALLIDO,2026-05-26
7051,768.0,108.73516583139363,EXITOSO,2026-05-26
7052,699.0,109.32692779460118,EXITOSO,2026-05-26
7053,76.0,101.77992130807573,EXITOSO,2026-05-26
7054,177.0,108.12656328448281,EXITOSO,2026-05-26
7055,827.0,122.50672358991037,EXITOSO,2026-05-26
7056,799.0,21.33523437751728,EXITOSO,2026-05-26
7057,349.0,48.05287747820301,EXITOSO,2026-05-26
7058,255.0,88.3579333116021,EXITOSO,2026-05-26
7059,837.0,24.578816934182647,EXITOSO,2026-05-26
7060,702.0,45.46982381959084,EXITOSO,2026-05-26
7061,308.0,67.77668884577906,EXITOSO,2026-05-26
7062,345.0,50.79457861161787,EXITOSO,2026-05-26
7063,127.0,62.64074997372788,EXITOSO,2026-05-26
7064,937.0,14.184331124603716,EXITOSO,2026-05-26
7065,287.0,58.48981169264545,EXITOSO,2026-05-26
7066,766.0,65.3609626472338,FALLIDO,2026-05-26
7067,725.0,124.6001747021879,EXITOSO,2026-05-26
7068,762.0,49.25482236469992,EXITOSO,2026-05-26
7069,596.0,33.989449169779675,EXITOSO,2026-05-26
7070,487.0,88.51776237805814,EXITOSO,2026-05-26
7071,383.0,-66.98995752533905,EXITOSO,2026-05-26
7072,406.0,47.30606178221518,EXITOSO,2026-05-26
7073,388.0,39.45146153149764,EXITOSO,2026-05-26
7074,525.0,70.43686627226818,EXITOSO,2026-05-26
7075,557.0,109.84905017362503,FALLIDO,2026-05-26
7076,639.0,122.05124795605401,EXITOSO,2026-05-26
7077,938.0,69.87790745009382,EXITOSO,2026-05-26
7078,626.0,-2.06734845776311,EXITOSO,2026-05-26
7079,945.0,39.432535746352116,EXITOSO,2026-05-26
7080,276.0,43.81799500229894,EXITOSO,2026-05-26
7081,500.0,74.68861703208536,EXITOSO,2026-05-26
7082,717.0,62.249861606417234,EXITOSO,2026-05-26
7083,337.0,32.46807488654687,EXITOSO,2026-05-26
7084,950.0,9.93406232334123,EXITOSO,2026-05-26
7085,932.0,25.256924014276322,EXITOSO,2026-05-26
7086,481.0,23.786124657378664,EXITOSO,2026-05-26
7087,897.0,124.86307974144249,EXITOSO,2026-05-26
7088,911.0,29.213655747734908,EXITOSO,2026-05-26
7089,973.0,62.4054422286503,EXITOSO,2026-05-26
7090,273.0,98.73765633390377,FALLIDO,2026-05-26
7091,920.0,67.79593145730607,EXITOSO,2026-05-26
7092,58.0,16.55989436219066,EXITOSO,2026-05-26
7093,328.0,99.40340111197148,FALLIDO,2026-05-26
7094,731.0,74.16748478813489,EXITOSO,2026-05-26
7095,109.0,-27.41950943417166,EXITOSO,2026-05-26
7096,279.0,109.82885743977121,EXITOSO,2026-05-26
7097,686.0,94.9351881241341,EXITOSO,2026-05-26
7098,328.0,73.54001945720994,EXITOSO,2026-05-26
7099,776.0,125.39053942782176,EXITOSO,2026-05-26
7100,315.0,94.01870814050235,EXITOSO,2026-05-26
7101,474.0,105.11767235091509,EXITOSO,2026-05-26
7102,111.0,101.45606362874128,EXITOSO,2026-05-26
7103,699.0,90.28175962976064,EXITOSO,2026-05-26
7104,781.0,-11.635313845485939,FALLIDO,2026-05-26
7105,935.0,-6.858690317344781,FALLIDO,2026-05-26
7106,229.0,94.03361931371471,EXITOSO,2026-05-26
7107,497.0,109.26602956300519,EXITOSO,2026-05-26
7108,156.0,31.793064097263255,EXITOSO,2026-05-26
7109,473.0,15.44948624935951,EXITOSO,2026-05-26
7110,701.0,70.5060054717406,EXITOSO,2026-05-26
7111,272.0,1.9178097230950968,EXITOSO,2026-05-26
7112,887.0,53.24408623504705,EXITOSO,2026-05-26
7113,2.0,45.79574105938929,EXITOSO,2026-05-26
7114,758.0,51.021731879937114,EXITOSO,2026-05-26
7115,722.0,135.37724071621201,EXITOSO,2026-05-26
7116,511.0,34.64034166157068,EXITOSO,2026-05-26
7117,913.0,62.13634775780435,EXITOSO,2026-05-26
7118,286.0,7.513751929230423,EXITOSO,2026-05-26
7119,871.0,97.61496147663146,EXITOSO,2026-05-26
7120,13.0,52.81657903572341,EXITOSO,2026-05-26
7121,608.0,107.13232981111061,FALLIDO,2026-05-26
7122,498.0,-38.28428452969588,EXITOSO,2026-05-26
7123,733.0,57.674760747931124,EXITOSO,2026-05-26
7124,238.0,65.285101426263,EXITOSO,2026-05-26
7125,94.0,96.46093111621967,EXITOSO,2026-05-26
7126,338.0,34.32004859074814,INVALIDO,2026-05-26
7127,781.0,91.47299257564639,EXITOSO,2026-05-26
7128,171.0,38.902579418856156,FALLIDO,2026-05-26
7129,981.0,63.7502871561675,EXITOSO,2026-05-26
7130,606.0,96.87806229019904,EXITOSO,2026-05-26
7131,661.0,22.809219226937607,EXITOSO,2026-05-26
7132,624.0,89.62338682923567,FALLIDO,2026-05-26
7133,567.0,73.39610287944096,FALLIDO,2026-05-26
7134,849.0,46.653034761042534,EXITOSO,2026-05-26
7135,936.0,33.27173618522756,EXITOSO,2026-05-26
7136,467.0,-24.033154712032015,EXITOSO,2026-05-26
7137,628.0,56.789361745642026,EXITOSO,2026-05-26
7138,143.0,46.7199331066294,EXITOSO,2026-05-26
7139,201.0,85.56527034742328,EXITOSO,2026-05-26
7140,180.0,81.51991864196005,EXITOSO,2026-05-26
7141,714.0,102.80469217445614,EXITOSO,2026-05-26
7142,364.0,104.26917136077614,EXITOSO,2026-05-26
7143,479.0,186.22151509542527,EXITOSO,2026-05-26
7144,565.0,80.54639875483134,FALLIDO,2026-05-26
7145,471.0,25.581176423658214,EXITOSO,2026-05-26
7146,384.0,93.0477195676112,EXITOSO,2026-05-26
7147,692.0,124.23616226153122,EXITOSO,2026-05-26
7148,926.0,78.99589297529567,EXITOSO,2026-05-26
7149,417.0,-24.97164220835876,EXITOSO,2026-05-26
7150,825.0,82.21440816011771,EXITOSO,2026-05-26
7151,308.0,34.80512610913931,EXITOSO,2026-05-26
7152,649.0,7.122964796821108,EXITOSO,2026-05-26
7153,694.0,67.46747093216383,FALLIDO,2026-05-26
7154,367.0,-1.0325993046315745,EXITOSO,2026-05-26
7155,1.0,100.92588417182623,EXITOSO,2026-05-26
7156,44.0,89.23516669729904,EXITOSO,2026-05-26
7157,739.0,56.533242390035454,EXITOSO,2026-05-26
7158,843.0,37.99687071169625,EXITOSO,2026-05-26
7159,98.0,52.63602849105007,EXITOSO,2026-05-26
7160,720.0,19.563390095914095,FALLIDO,2026-05-26
7161,265.0,56.91822831676924,EXITOSO,2026-05-26
7162,800.0,-53.77836309974187,EXITOSO,2026-05-26
7163,783.0,63.548398537074796,EXITOSO,2026-05-26
7164,140.0,64.5687976635569,EXITOSO,2026-05-26
7165,481.0,93.80598672362966,EXITOSO,2026-05-26
7166,237.0,71.99246303973683,EXITOSO,2026-05-26
7167,974.0,99.09339047485996,EXITOSO,2026-05-26
7168,953.0,81.88124436209567,EXITOSO,2026-05-26
7169,904.0,101.46097081624492,EXITOSO,2026-05-26
7170,72.0,164.8570025597021,EXITOSO,2026-05-26
7171,667.0,76.80068567793478,EXITOSO,2026-05-26
7172,190.0,67.36096579069452,EXITOSO,2026-05-26
7173,268.0,107.48195685072622,EXITOSO,2026-05-26
7174,321.0,41.270739889185506,EXITOSO,2026-05-26
7175,107.0,55.2324893613833,EXITOSO,2026-05-26
7176,232.0,76.83978473114279,EXITOSO,2026-05-26
7177,42.0,62.89660150914017,EXITOSO,2026-05-26
7178,702.0,62.71653763203552,EXITOSO,2026-05-26
7179,883.0,95.99116813305253,EXITOSO,2026-05-26
7180,139.0,-7.842193580782407,EXITOSO,2026-05-26
7181,615.0,141.33836313888952,EXITOSO,2026-05-26
7182,683.0,79.43600071938246,EXITOSO,2026-05-26
7183,863.0,43.98954680742972,EXITOSO,2026-05-26
7184,273.0,125.12211633395158,FALLIDO,2026-05-26
7185,481.0,64.14136202814935,EXITOSO,2026-05-26
7186,416.0,65.19594150385029,FALLIDO,2026-05-26
7187,506.0,51.41186869253478,EXITOSO,2026-05-26
7188,733.0,118.70774655470214,EXITOSO,2026-05-26
7189,725.0,59.62596083328434,EXITOSO,2026-05-26
7190,853.0,37.66336136556808,EXITOSO,2026-05-26
7191,424.0,99.95091875439404,EXITOSO,2026-05-26
7192,407.0,107.31821503021462,EXITOSO,2026-05-26
7193,568.0,124.26433254688563,EXITOSO,2026-05-26
7194,390.0,85.34396168198535,EXITOSO,2026-05-26
7195,342.0,105.850659809726,EXITOSO,2026-05-26
7196,946.0,49.6298722960683,EXITOSO,2026-05-26
7197,614.0,101.03197679793226,FALLIDO,2026-05-26
7198,933.0,89.70090423735466,EXITOSO,2026-05-26
7199,493.0,81.21841075770638,EXITOSO,2026-05-26
7200,192.0,-2.2849904306811837,FALLIDO,2026-05-26
7201,499.0,44.473041058237015,EXITOSO,2026-05-26
7202,822.0,58.171399732805725,EXITOSO,2026-05-26
7203,712.0,81.26384108940913,EXITOSO,2026-05-26
7204,233.0,156.02948434897837,EXITOSO,2026-05-26
7205,945.0,94.36975665408363,FALLIDO,2026-05-26
7206,227.0,27.599465569145522,EXITOSO,2026-05-26
7207,371.0,40.7902592060353,EXITOSO,2026-05-26
7208,139.0,115.59454809402631,EXITOSO,2026-05-26
7209,856.0,39.0311914352853,EXITOSO,2026-05-26
7210,817.0,100.74817990085388,EXITOSO,2026-05-26
7211,149.0,64.68888360942702,EXITOSO,2026-05-26
7212,115.0,53.34444242134295,EXITOSO,2026-05-26
7213,450.0,39.63738440168328,EXITOSO,2026-05-26
7214,63.0,-61.85698083729882,EXITOSO,2026-05-26
7215,104.0,81.5900449680321,EXITOSO,2026-05-26
7216,851.0,17.91480947959723,EXITOSO,2026-05-26
7217,871.0,3.265296009406171,EXITOSO,2026-05-26
7218,668.0,69.91098807543403,EXITOSO,2026-05-26
7219,273.0,101.18171511831102,FALLIDO,2026-05-26
7220,6.0,-7.872323523709042,EXITOSO,2026-05-26
7221,147.0,100.13582030588114,EXITOSO,2026-05-26
7222,184.0,23.871763074865363,EXITOSO,2026-05-26
7223,998.0,85.95724224131689,EXITOSO,2026-05-26
7224,28.0,83.15796815607335,EXITOSO,2026-05-26
7225,962.0,51.73426206205613,EXITOSO,2026-05-26
7226,550.0,61.1949173824599,EXITOSO,2026-05-26
7227,119.0,44.15198706089087,EXITOSO,2026-05-26
7228,293.0,70.54149027709977,EXITOSO,2026-05-26
7229,371.0,70.18824372061125,EXITOSO,2026-05-26
7230,244.0,23.044591840771936,FALLIDO,2026-05-26
7231,580.0,5.686723074393576,EXITOSO,2026-05-26
7232,726.0,100.3341673276193,EXITOSO,2026-05-26
7233,218.0,68.16042722617993,EXITOSO,2026-05-26
7234,177.0,94.79345131930344,EXITOSO,2026-05-26
7235,299.0,33.18384881424138,EXITOSO,2026-05-26
7236,676.0,27.02246248820901,FALLIDO,2026-05-26
7237,58.0,19.526522885205686,EXITOSO,2026-05-26
7238,269.0,52.76969688119094,EXITOSO,2026-05-26
7239,308.0,69.29785150351641,EXITOSO,2026-05-26
7240,570.0,38.24700531170272,EXITOSO,2026-05-26
7241,288.0,122.59298329326944,EXITOSO,2026-05-26
7242,977.0,34.31408828477235,EXITOSO,2026-05-26
7243,105.0,69.95184541916737,EXITOSO,2026-05-26
7244,228.0,24.678276440124705,EXITOSO,2026-05-26
7245,247.0,33.07520010036081,EXITOSO,2026-05-26
7246,700.0,56.54649638608343,INVALIDO,2026-05-26
7247,494.0,26.694557570535274,EXITOSO,2026-05-26
7248,83.0,63.576617922380954,EXITOSO,2026-05-26
7249,186.0,77.61003654489608,EXITOSO,2026-05-26
7250,252.0,103.7349771612078,EXITOSO,2026-05-26
7251,355.0,16.803882284330513,EXITOSO,2026-05-26
7252,750.0,66.7136922232925,EXITOSO,2026-05-26
7253,872.0,57.52207498033529,FALLIDO,2026-05-26
7254,696.0,-13.92725037837009,EXITOSO,2026-05-26
7255,796.0,14.848516136216894,EXITOSO,2026-05-26
7256,897.0,78.99789143541412,EXITOSO,2026-05-26
7257,938.0,5.893727440614015,EXITOSO,2026-05-26
7258,210.0,57.06318077247581,EXITOSO,2026-05-26
7259,816.0,-24.897699873011746,EXITOSO,2026-05-26
7260,808.0,55.88190528290762,EXITOSO,2026-05-26
7261,609.0,-22.14035644877589,FALLIDO,2026-05-26
7262,447.0,35.81685829174916,EXITOSO,2026-05-26
7263,460.0,42.490451128700954,EXITOSO,2026-05-26
7264,968.0,64.92102250112622,EXITOSO,2026-05-26
7265,472.0,49.89795520360612,FALLIDO,2026-05-26
7266,720.0,10.56397816164224,EXITOSO,2026-05-26
7267,370.0,11.311400354580826,EXITOSO,2026-05-26
7268,900.0,-4.564344090640475,FALLIDO,2026-05-26
7269,934.0,68.25942017693798,EXITOSO,2026-05-26
7270,492.0,66.49412793048948,EXITOSO,2026-05-26
7271,923.0,86.77632859135264,EXITOSO,2026-05-26
7272,137.0,39.99433387853493,EXITOSO,2026-05-26
7273,367.0,-9.373735548975503,EXITOSO,2026-05-26
7274,912.0,47.360028229530805,INVALIDO,2026-05-26
7275,184.0,60.44187969755561,FALLIDO,2026-05-26
7276,588.0,13.41004030665119,EXITOSO,2026-05-26
7277,287.0,17.206412155380654,EXITOSO,2026-05-26
7278,472.0,78.03692343030336,EXITOSO,2026-05-26
7279,375.0,64.02486184840731,EXITOSO,2026-05-26
7280,654.0,105.3147769488018,EXITOSO,2026-05-26
7281,749.0,128.88403233981356,EXITOSO,2026-05-26
7282,537.0,-0.11234544139255576,EXITOSO,2026-05-26
7283,511.0,43.24529377565963,EXITOSO,2026-05-26
7284,802.0,64.94537868081441,FALLIDO,2026-05-26
7285,579.0,74.54293596917044,EXITOSO,2026-05-26
7286,250.0,100.63524736862954,EXITOSO,2026-05-26
7287,920.0,89.14499857464882,FALLIDO,2026-05-26
7288,510.0,105.53720466246551,FALLIDO,2026-05-26
7289,630.0,62.45440825402679,EXITOSO,2026-05-26
7290,73.0,34.85985012329968,EXITOSO,2026-05-26
7291,282.0,137.99826077549363,EXITOSO,2026-05-26
7292,916.0,66.13300717049033,EXITOSO,2026-05-26
7293,960.0,50.326100399861275,EXITOSO,2026-05-26
7294,360.0,17.111227392998593,INVALIDO,2026-05-26
7295,10.0,66.37873657750622,FALLIDO,2026-05-26
7296,211.0,100.17960105479278,EXITOSO,2026-05-26
7297,835.0,39.98138419522412,EXITOSO,2026-05-26
7298,152.0,54.66481806403155,EXITOSO,2026-05-26
7299,5.0,69.96625766173817,EXITOSO,2026-05-26
7300,195.0,78.88699078249623,EXITOSO,2026-05-26
7301,954.0,49.60659535598544,FALLIDO,2026-05-26
7302,283.0,44.25563205956959,EXITOSO,2026-05-26
7303,464.0,39.56951922153509,EXITOSO,2026-05-26
7304,113.0,15.736144369336238,EXITOSO,2026-05-26
7305,271.0,29.19287850638007,EXITOSO,2026-05-26
7306,163.0,28.117329658421877,FALLIDO,2026-05-26
7307,460.0,-1.6870833777131082,EXITOSO,2026-05-26
7308,105.0,99.71778679032357,EXITOSO,2026-05-26
7309,693.0,74.38270953152616,FALLIDO,2026-05-26
7310,556.0,65.68908466636779,EXITOSO,2026-05-26
7311,282.0,112.18191939255603,EXITOSO,2026-05-26
7312,687.0,88.71389530554978,EXITOSO,2026-05-26
7313,162.0,28.41537373650364,EXITOSO,2026-05-26
7314,983.0,106.93564245266816,EXITOSO,2026-05-26
7315,351.0,98.89046069919553,EXITOSO,2026-05-26
7316,434.0,15.283133456923686,EXITOSO,2026-05-26
7317,852.0,96.11124274404614,EXITOSO,2026-05-26
7318,140.0,41.31001711603106,FALLIDO,2026-05-26
7319,471.0,99.88592955773899,EXITOSO,2026-05-26
7320,132.0,46.48212931724173,FALLIDO,2026-05-26
7321,87.0,38.66669109138164,EXITOSO,2026-05-26
7322,688.0,42.789035132421176,EXITOSO,2026-05-26
7323,183.0,21.11327175403852,EXITOSO,2026-05-26
7324,368.0,0.7857488798842027,EXITOSO,2026-05-26
7325,129.0,-39.95989839390441,EXITOSO,2026-05-26
7326,246.0,17.813080000029643,EXITOSO,2026-05-26
7327,601.0,165.22493120882604,EXITOSO,2026-05-26
7328,578.0,79.13043554910118,FALLIDO,2026-05-26
7329,670.0,134.56890435169632,EXITOSO,2026-05-26
7330,899.0,47.27197635654426,EXITOSO,2026-05-26
7331,378.0,41.26713930094138,EXITOSO,2026-05-26
7332,149.0,128.66162630083426,EXITOSO,2026-05-26
7333,985.0,75.03049713403321,FALLIDO,2026-05-26
7334,852.0,21.788980052287542,EXITOSO,2026-05-26
7335,433.0,85.3166993799482,EXITOSO,2026-05-26
7336,628.0,110.03538474452597,EXITOSO,2026-05-26
7337,726.0,2.885102673656064,EXITOSO,2026-05-26
7338,469.0,78.58633327242745,EXITOSO,2026-05-26
7339,446.0,5.531008936974544,EXITOSO,2026-05-26
7340,481.0,107.87021297235809,EXITOSO,2026-05-26
7341,884.0,69.22793727686144,EXITOSO,2026-05-26
7342,294.0,85.18644635504833,EXITOSO,2026-05-26
7343,765.0,51.302242584800936,EXITOSO,2026-05-26
7344,143.0,-11.264097168932977,FALLIDO,2026-05-26
7345,250.0,42.342713590865905,FALLIDO,2026-05-26
7346,878.0,97.19358095889773,FALLIDO,2026-05-26
7347,948.0,139.7451513007407,INVALIDO,2026-05-26
7348,975.0,71.29160359554707,EXITOSO,2026-05-26
7349,302.0,32.54589688751256,EXITOSO,2026-05-26
7350,25.0,81.42811113069727,EXITOSO,2026-05-26
7351,789.0,93.59578937143351,FALLIDO,2026-05-26
7352,984.0,65.3101495230027,EXITOSO,2026-05-26
7353,889.0,62.84856829328476,EXITOSO,2026-05-26
7354,890.0,68.54433033281293,FALLIDO,2026-05-26
7355,901.0,61.7420150972799,EXITOSO,2026-05-26
7356,70.0,71.9112385268259,EXITOSO,2026-05-26
7357,625.0,133.1025300829562,EXITOSO,2026-05-26
7358,875.0,-21.33212262420156,EXITOSO,2026-05-26
7359,112.0,50.46177222324467,EXITOSO,2026-05-26
7360,364.0,22.705834927027105,EXITOSO,2026-05-26
7361,303.0,107.23212242264924,EXITOSO,2026-05-26
7362,471.0,54.364713213824814,EXITOSO,2026-05-26
7363,964.0,82.38819102135919,EXITOSO,2026-05-26
7364,91.0,117.09227111303471,EXITOSO,2026-05-26
7365,530.0,16.75961577548,INVALIDO,2026-05-26
7366,661.0,38.89929448467409,EXITOSO,2026-05-26
7367,988.0,112.96329479514381,FALLIDO,2026-05-26
7368,739.0,15.157488746382477,EXITOSO,2026-05-26
7369,726.0,40.248785980705335,EXITOSO,2026-05-26
7370,872.0,-4.014219985696414,EXITOSO,2026-05-26
7371,663.0,114.53453400294237,EXITOSO,2026-05-26
7372,192.0,36.75013745676906,EXITOSO,2026-05-26
7373,963.0,74.04641868188463,EXITOSO,2026-05-26
7374,552.0,87.03921296975841,EXITOSO,2026-05-26
7375,242.0,27.87052518335618,FALLIDO,2026-05-26
7376,138.0,-16.160003267873847,EXITOSO,2026-05-26
7377,345.0,51.22143610620944,INVALIDO,2026-05-26
7378,180.0,50.566889470170835,EXITOSO,2026-05-26
7379,712.0,57.5798608561049,EXITOSO,2026-05-26
7380,503.0,57.800680308225374,EXITOSO,2026-05-26
7381,203.0,40.049086306672855,EXITOSO,2026-05-26
7382,573.0,38.49850792610723,EXITOSO,2026-05-26
7383,192.0,71.90814115259145,EXITOSO,2026-05-26
7384,5.0,27.045704398812944,EXITOSO,2026-05-26
7385,890.0,56.18706207638728,EXITOSO,2026-05-26
7386,237.0,37.48165074362108,EXITOSO,2026-05-26
7387,693.0,71.8242097457299,EXITOSO,2026-05-26
7388,311.0,104.34305121273086,INVALIDO,2026-05-26
7389,549.0,105.9751109247608,FALLIDO,2026-05-26
7390,56.0,111.57163490150695,EXITOSO,2026-05-26
7391,443.0,46.63628898631525,EXITOSO,2026-05-26
7392,237.0,49.99812032675361,EXITOSO,2026-05-26
7393,870.0,9.241907461672625,EXITOSO,2026-05-26
7394,861.0,46.298038886709634,EXITOSO,2026-05-26
7395,197.0,47.726487042085424,EXITOSO,2026-05-26
7396,585.0,35.31409457522216,EXITOSO,2026-05-26
7397,571.0,35.12827426309062,EXITOSO,2026-05-26
7398,752.0,-7.907927607153468,FALLIDO,2026-05-26
7399,514.0,6.323496171104104,EXITOSO,2026-05-26
7400,449.0,61.78174350314986,EXITOSO,2026-05-26
7401,360.0,63.282932251189195,EXITOSO,2026-05-26
7402,700.0,79.32223477983203,EXITOSO,2026-05-26
7403,819.0,49.644221191293866,EXITOSO,2026-05-26
7404,30.0,60.466169513299874,EXITOSO,2026-05-26
7405,779.0,110.02038196259193,EXITOSO,2026-05-26
7406,988.0,57.88396704814012,EXITOSO,2026-05-26
7407,108.0,34.71723411436912,EXITOSO,2026-05-26
7408,844.0,12.362083837688694,EXITOSO,2026-05-26
7409,935.0,91.8991945447372,EXITOSO,2026-05-26
7410,602.0,-8.13369613538734,EXITOSO,2026-05-26
7411,717.0,26.463255212475957,EXITOSO,2026-05-26
7412,891.0,76.74317331745907,EXITOSO,2026-05-26
7413,968.0,-16.262127074032108,EXITOSO,2026-05-26
7414,959.0,35.42580848477158,EXITOSO,2026-05-26
7415,960.0,65.1667002518293,EXITOSO,2026-05-26
7416,445.0,44.666493831976496,EXITOSO,2026-05-26
7417,893.0,20.69244289887031,EXITOSO,2026-05-26
7418,438.0,36.262227004776875,EXITOSO,2026-05-26
7419,732.0,92.67937306616113,EXITOSO,2026-05-26
7420,890.0,133.2550956311697,EXITOSO,2026-05-26
7421,606.0,65.57954726374393,EXITOSO,2026-05-26
7422,457.0,-19.531399193968085,EXITOSO,2026-05-26
7423,615.0,82.72409108442378,EXITOSO,2026-05-26
7424,735.0,44.144659417773376,EXITOSO,2026-05-26
7425,698.0,16.183085910461877,INVALIDO,2026-05-26
7426,981.0,27.989077942993426,EXITOSO,2026-05-26
7427,696.0,29.688406087124733,EXITOSO,2026-05-26
7428,495.0,3.5660958888861387,EXITOSO,2026-05-26
7429,674.0,57.47724891574533,EXITOSO,2026-05-26
7430,247.0,133.12587197239304,EXITOSO,2026-05-26
7431,543.0,16.032356359886457,EXITOSO,2026-05-26
7432,564.0,131.89388100630015,EXITOSO,2026-05-26
7433,857.0,68.32466709904568,FALLIDO,2026-05-26
7434,588.0,56.28410846175667,EXITOSO,2026-05-26
7435,897.0,47.12160339735427,EXITOSO,2026-05-26
7436,439.0,27.75423330138446,EXITOSO,2026-05-26
7437,278.0,71.67410407338058,EXITOSO,2026-05-26
7438,552.0,80.87916188783232,FALLIDO,2026-05-26
7439,613.0,-37.00571657234224,EXITOSO,2026-05-26
7440,111.0,161.72153356670594,EXITOSO,2026-05-26
7441,385.0,-12.4394546299782,EXITOSO,2026-05-26
7442,833.0,39.106847891808556,EXITOSO,2026-05-26
7443,761.0,-42.33151437305719,EXITOSO,2026-05-26
7444,191.0,49.28363006537774,EXITOSO,2026-05-26
7445,490.0,41.541444965699554,EXITOSO,2026-05-26
7446,694.0,39.532265288026025,EXITOSO,2026-05-26
7447,426.0,72.17334687575003,EXITOSO,2026-05-26
7448,405.0,50.247531092250846,EXITOSO,2026-05-26
7449,335.0,81.53675197985079,EXITOSO,2026-05-26
7450,209.0,10.506770151433003,FALLIDO,2026-05-26
7451,22.0,63.0953310733622,FALLIDO,2026-05-26
7452,678.0,34.732761993774076,EXITOSO,2026-05-26
7453,611.0,45.1864221386709,EXITOSO,2026-05-26
7454,208.0,70.81394596722065,EXITOSO,2026-05-26
7455,8.0,39.82777074356438,FALLIDO,2026-05-26
7456,702.0,55.7933706369128,FALLIDO,2026-05-26
7457,687.0,13.830183574264609,EXITOSO,2026-05-26
7458,785.0,103.8204892138365,EXITOSO,2026-05-26
7459,529.0,89.13776131978481,EXITOSO,2026-05-26
7460,602.0,63.99934227258993,FALLIDO,2026-05-26
7461,653.0,50.2935992469544,EXITOSO,2026-05-26
7462,657.0,55.82513580615191,EXITOSO,2026-05-26
7463,166.0,102.96093490057139,FALLIDO,2026-05-26
7464,849.0,86.30422274551378,EXITOSO,2026-05-26
7465,496.0,103.63377319677755,EXITOSO,2026-05-26
7466,590.0,46.324357083381074,EXITOSO,2026-05-26
7467,429.0,79.33597117831823,EXITOSO,2026-05-26
7468,774.0,107.5469592862138,EXITOSO,2026-05-26
7469,163.0,22.954167868257485,EXITOSO,2026-05-26
7470,366.0,20.438285567737246,EXITOSO,2026-05-26
7471,526.0,71.00817978921535,EXITOSO,2026-05-26
7472,239.0,10.602324268786006,EXITOSO,2026-05-26
7473,72.0,-12.63299998804095,INVALIDO,2026-05-26
7474,445.0,106.98582920034195,EXITOSO,2026-05-26
7475,655.0,113.95594102662699,EXITOSO,2026-05-26
7476,822.0,12.799217831472788,FALLIDO,2026-05-26
7477,509.0,2.7205295567891454,EXITOSO,2026-05-26
7478,795.0,33.87241193453708,EXITOSO,2026-05-26
7479,269.0,110.11233408478265,EXITOSO,2026-05-26
7480,753.0,43.57046189687423,EXITOSO,2026-05-26
7481,415.0,63.78780070859244,EXITOSO,2026-05-26
7482,245.0,72.99686964112125,EXITOSO,2026-05-26
7483,675.0,66.95391209434474,EXITOSO,2026-05-26
7484,60.0,119.76284576013671,EXITOSO,2026-05-26
7485,6.0,31.204358851090454,EXITOSO,2026-05-26
7486,709.0,55.91172916194331,EXITOSO,2026-05-26
7487,982.0,69.29702798389476,EXITOSO,2026-05-26
7488,570.0,58.040171953372365,EXITOSO,2026-05-26
7489,817.0,11.235951699558278,EXITOSO,2026-05-26
7490,407.0,1.0985793255987062,EXITOSO,2026-05-26
7491,217.0,0.26090889979401055,EXITOSO,2026-05-26
7492,930.0,89.05018999369844,FALLIDO,2026-05-26
7493,26.0,27.183880372425953,EXITOSO,2026-05-26
7494,815.0,78.77099615765215,EXITOSO,2026-05-26
7495,5.0,63.46972151272825,EXITOSO,2026-05-26
7496,986.0,21.005714579134185,EXITOSO,2026-05-26
7497,532.0,22.004037232817176,EXITOSO,2026-05-26
7498,390.0,65.36052641656391,EXITOSO,2026-05-26
7499,710.0,63.10738838249181,FALLIDO,2026-05-26
7500,571.0,79.68128945108296,EXITOSO,2026-05-26
7501,448.0,41.69981768885634,FALLIDO,2026-05-26
7502,754.0,26.131688839692174,EXITOSO,2026-05-26
7503,146.0,64.39482099981137,EXITOSO,2026-05-26
7504,388.0,116.79676497786448,EXITOSO,2026-05-26
7505,785.0,-15.067162675984761,EXITOSO,2026-05-26
7506,249.0,28.03789312105014,EXITOSO,2026-05-26
7507,526.0,83.6176056913368,EXITOSO,2026-05-26
7508,462.0,68.65942537948965,EXITOSO,2026-05-26
7509,13.0,84.20077175294034,EXITOSO,2026-05-26
7510,903.0,42.81379901480854,EXITOSO,2026-05-26
7511,384.0,-4.476640692348013,FALLIDO,2026-05-26
7512,556.0,126.85970871466637,EXITOSO,2026-05-26
7513,887.0,103.35343559643589,EXITOSO,2026-05-26
7514,399.0,59.032873703155076,EXITOSO,2026-05-26
7515,19.0,26.333575321161526,FALLIDO,2026-05-26
7516,575.0,40.37729701434647,FALLIDO,2026-05-26
7517,491.0,69.16334047239039,EXITOSO,2026-05-26
7518,751.0,49.93470933256174,FALLIDO,2026-05-26
7519,419.0,59.42003341939792,EXITOSO,2026-05-26
7520,337.0,124.40548816703482,EXITOSO,2026-05-26
7521,419.0,96.94700853198086,EXITOSO,2026-05-26
7522,915.0,13.168861253334534,EXITOSO,2026-05-26
7523,916.0,63.07676009101448,EXITOSO,2026-05-26
7524,612.0,39.1854596065154,EXITOSO,2026-05-26
7525,675.0,71.91772502992879,EXITOSO,2026-05-26
7526,928.0,57.46674373964632,EXITOSO,2026-05-26
7527,122.0,178.7079511506696,EXITOSO,2026-05-26
7528,432.0,77.17046630143774,EXITOSO,2026-05-26
7529,44.0,54.632639753328014,EXITOSO,2026-05-26
7530,872.0,133.7202422933396,EXITOSO,2026-05-26
7531,920.0,68.22197835410321,EXITOSO,2026-05-26
7532,317.0,-0.7489718432137309,FALLIDO,2026-05-26
7533,381.0,55.02212081591936,EXITOSO,2026-05-26
7534,145.0,84.54812989488214,EXITOSO,2026-05-26
7535,327.0,79.38117931593209,EXITOSO,2026-05-26
7536,363.0,100.20698817473294,EXITOSO,2026-05-26
7537,50.0,66.14865874844608,EXITOSO,2026-05-26
7538,65.0,63.32443886258656,EXITOSO,2026-05-26
7539,355.0,3.9009879323923187,EXITOSO,2026-05-26
7540,800.0,121.13689031448659,EXITOSO,2026-05-26
7541,164.0,47.7758567920427,EXITOSO,2026-05-26
7542,141.0,20.818607455107085,EXITOSO,2026-05-26
7543,966.0,165.11631552794034,EXITOSO,2026-05-26
7544,826.0,127.20342752971015,EXITOSO,2026-05-26
7545,128.0,42.09004310970606,EXITOSO,2026-05-26
7546,398.0,-15.226853770217048,EXITOSO,2026-05-26
7547,933.0,31.261143149018693,EXITOSO,2026-05-26
7548,880.0,123.16542385039614,EXITOSO,2026-05-26
7549,463.0,67.06853214821437,EXITOSO,2026-05-26
7550,751.0,6.0225461345604785,EXITOSO,2026-05-26
7551,836.0,91.35926168909987,EXITOSO,2026-05-26
7552,808.0,51.6056788554782,EXITOSO,2026-05-26
7553,187.0,34.051921288313395,EXITOSO,2026-05-26
7554,720.0,37.08638081600978,EXITOSO,2026-05-26
7555,732.0,112.25570032547517,EXITOSO,2026-05-26
7556,912.0,81.86545393416316,EXITOSO,2026-05-26
7557,190.0,0.5576925276121543,EXITOSO,2026-05-26
7558,388.0,74.68755120467807,FALLIDO,2026-05-26
7559,429.0,64.304603189852,EXITOSO,2026-05-26
7560,858.0,43.18369073637027,EXITOSO,2026-05-26
7561,284.0,45.29275506162882,EXITOSO,2026-05-26
7562,864.0,25.39790279663653,EXITOSO,2026-05-26
7563,237.0,33.498945137690924,EXITOSO,2026-05-26
7564,194.0,71.58893794144204,FALLIDO,2026-05-26
7565,287.0,48.89720371985233,EXITOSO,2026-05-26
7566,771.0,81.82726552761343,EXITOSO,2026-05-26
7567,758.0,28.600814702245316,EXITOSO,2026-05-26
7568,136.0,88.29978465483292,EXITOSO,2026-05-26
7569,792.0,112.57778297824636,EXITOSO,2026-05-26
7570,783.0,59.72865440002714,INVALIDO,2026-05-26
7571,171.0,80.8250644109967,EXITOSO,2026-05-26
7572,159.0,82.38571487606268,EXITOSO,2026-05-26
7573,201.0,39.91607905565354,EXITOSO,2026-05-26
7574,487.0,82.53459871328191,EXITOSO,2026-05-26
7575,557.0,-30.73737732114624,EXITOSO,2026-05-26
7576,962.0,-46.662661686879744,EXITOSO,2026-05-26
7577,776.0,46.82086944049536,FALLIDO,2026-05-26
7578,583.0,85.33863236201576,EXITOSO,2026-05-26
7579,504.0,56.597866789938,EXITOSO,2026-05-26
7580,876.0,89.83494515915736,FALLIDO,2026-05-26
7581,371.0,11.93057403405453,EXITOSO,2026-05-26
7582,103.0,95.3135759991757,EXITOSO,2026-05-26
7583,125.0,125.15250457656892,INVALIDO,2026-05-26
7584,313.0,32.14357940376479,EXITOSO,2026-05-26
7585,976.0,90.83995046017324,EXITOSO,2026-05-26
7586,995.0,60.912732553204506,EXITOSO,2026-05-26
7587,798.0,77.67362179743337,EXITOSO,2026-05-26
7588,458.0,125.07246266804357,EXITOSO,2026-05-26
7589,230.0,73.09213092702339,EXITOSO,2026-05-26
7590,658.0,90.57768483988069,EXITOSO,2026-05-26
7591,882.0,9.478214352812685,EXITOSO,2026-05-26
7592,197.0,89.34563143811127,EXITOSO,2026-05-26
7593,885.0,124.4002860341651,EXITOSO,2026-05-26
7594,733.0,23.059975083471173,EXITOSO,2026-05-26
7595,423.0,47.079074174073014,EXITOSO,2026-05-26
7596,572.0,87.4450653689695,EXITOSO,2026-05-26
7597,610.0,77.91136511199801,EXITOSO,2026-05-26
7598,171.0,5.6108899293568015,EXITOSO,2026-05-26
7599,382.0,66.59645489647365,FALLIDO,2026-05-26
7600,173.0,46.69272779076168,FALLIDO,2026-05-26
7601,663.0,21.253794708115905,EXITOSO,2026-05-26
7602,453.0,114.26899473570683,INVALIDO,2026-05-26
7603,350.0,60.21841510292958,EXITOSO,2026-05-26
7604,902.0,99.32194611624419,EXITOSO,2026-05-26
7605,952.0,13.06347895018719,EXITOSO,2026-05-26
7606,634.0,83.55782630084363,EXITOSO,2026-05-26
7607,494.0,102.46758091266348,EXITOSO,2026-05-26
7608,620.0,50.31405598582954,EXITOSO,2026-05-26
7609,4.0,40.1127956328739,EXITOSO,2026-05-26
7610,93.0,7.82913035948738,INVALIDO,2026-05-26
7611,919.0,25.277892835948933,FALLIDO,2026-05-26
7612,6.0,41.894668614580354,EXITOSO,2026-05-26
7613,288.0,20.963553193733652,EXITOSO,2026-05-26
7614,618.0,29.282133555798655,EXITOSO,2026-05-26
7615,146.0,66.32387665618835,EXITOSO,2026-05-26
7616,783.0,71.1115279357084,FALLIDO,2026-05-26
7617,424.0,103.63380082127082,FALLIDO,2026-05-26
7618,890.0,29.529065844861933,FALLIDO,2026-05-26
7619,608.0,60.92740844538065,EXITOSO,2026-05-26
7620,457.0,43.29212909840394,FALLIDO,2026-05-26
7621,741.0,40.4653900145155,EXITOSO,2026-05-26
7622,202.0,47.35443081441375,EXITOSO,2026-05-26
7623,212.0,52.152981410141585,EXITOSO,2026-05-26
7624,6.0,70.01585065184248,FALLIDO,2026-05-26
7625,624.0,46.78568133692502,FALLIDO,2026-05-26
7626,376.0,109.09322520207076,EXITOSO,2026-05-26
7627,891.0,-8.176015267516078,EXITOSO,2026-05-26
7628,447.0,102.15814501957138,INVALIDO,2026-05-26
7629,835.0,45.25985336231847,EXITOSO,2026-05-26
7630,106.0,52.44668333589378,EXITOSO,2026-05-26
7631,651.0,59.61538086545427,EXITOSO,2026-05-26
7632,811.0,88.22568173023883,EXITOSO,2026-05-26
7633,401.0,24.788337641228935,FALLIDO,2026-05-26
7634,96.0,33.72563091122005,EXITOSO,2026-05-26
7635,388.0,80.02238687590591,EXITOSO,2026-05-26
7636,959.0,-7.927153175010304,EXITOSO,2026-05-26
7637,452.0,58.63333476438991,EXITOSO,2026-05-26
7638,849.0,28.090813180400435,EXITOSO,2026-05-26
7639,809.0,19.670833021804874,FALLIDO,2026-05-26
7640,979.0,-5.538553930593196,EXITOSO,2026-05-26
7641,901.0,90.89208220276143,INVALIDO,2026-05-26
7642,416.0,66.35303596838602,FALLIDO,2026-05-26
7643,726.0,33.10875189006815,EXITOSO,2026-05-26
7644,504.0,53.417683613177246,EXITOSO,2026-05-26
7645,454.0,16.284707429828856,EXITOSO,2026-05-26
7646,291.0,38.55256626238003,EXITOSO,2026-05-26
7647,534.0,52.066146563277684,EXITOSO,2026-05-26
7648,193.0,62.55801900343246,EXITOSO,2026-05-26
7649,980.0,75.68254447899771,EXITOSO,2026-05-26
7650,150.0,-12.23409655995441,EXITOSO,2026-05-26
7651,880.0,75.80703836899248,EXITOSO,2026-05-26
7652,759.0,-9.019848847735176,EXITOSO,2026-05-26
7653,779.0,77.26133914366332,EXITOSO,2026-05-26
7654,973.0,51.46756182206176,EXITOSO,2026-05-26
7655,763.0,103.65839385650607,EXITOSO,2026-05-26
7656,515.0,33.02107642516367,EXITOSO,2026-05-26
7657,393.0,91.23360041894855,FALLIDO,2026-05-26
7658,316.0,13.30427100164706,EXITOSO,2026-05-26
7659,76.0,64.23551470372287,EXITOSO,2026-05-26
7660,599.0,-21.52003878209554,EXITOSO,2026-05-26
7661,270.0,95.32251844815123,EXITOSO,2026-05-26
7662,225.0,129.07493613358184,EXITOSO,2026-05-26
7663,530.0,32.07111110104994,EXITOSO,2026-05-26
7664,113.0,64.9052226792526,EXITOSO,2026-05-26
7665,251.0,77.75351699180803,EXITOSO,2026-05-26
7666,233.0,-2.0101998861044024,EXITOSO,2026-05-26
7667,841.0,30.035732128390237,EXITOSO,2026-05-26
7668,791.0,27.55960725450054,EXITOSO,2026-05-26
7669,714.0,156.2825460174119,EXITOSO,2026-05-26
7670,83.0,101.83209457441441,EXITOSO,2026-05-26
7671,125.0,51.31668540335593,EXITOSO,2026-05-26
7672,175.0,91.1616297613603,EXITOSO,2026-05-26
7673,69.0,68.44998070834876,EXITOSO,2026-05-26
7674,47.0,83.72149095718994,EXITOSO,2026-05-26
7675,884.0,17.859433550107013,EXITOSO,2026-05-26
7676,256.0,114.93505567517332,EXITOSO,2026-05-26
7677,727.0,29.29038434918635,EXITOSO,2026-05-26
7678,30.0,31.3611189832627,EXITOSO,2026-05-26
7679,281.0,83.60908727109799,EXITOSO,2026-05-26
7680,924.0,73.83043006973863,EXITOSO,2026-05-26
7681,994.0,60.926269442824356,EXITOSO,2026-05-26
7682,237.0,93.58400334160163,EXITOSO,2026-05-26
7683,248.0,13.55779044985649,EXITOSO,2026-05-26
7684,368.0,133.77414186701483,EXITOSO,2026-05-26
7685,495.0,39.97379127816963,EXITOSO,2026-05-26
7686,25.0,56.46355451388561,EXITOSO,2026-05-26
7687,586.0,134.3930704717044,EXITOSO,2026-05-26
7688,718.0,31.622398393728012,EXITOSO,2026-05-26
7689,490.0,100.92170010090724,EXITOSO,2026-05-26
7690,494.0,51.42712287209409,EXITOSO,2026-05-26
7691,314.0,26.32661724023739,EXITOSO,2026-05-26
7692,606.0,44.65043230538123,FALLIDO,2026-05-26
7693,375.0,82.65120787088782,EXITOSO,2026-05-26
7694,639.0,100.5706531903094,EXITOSO,2026-05-26
7695,937.0,69.02423679671337,EXITOSO,2026-05-26
7696,25.0,-3.9177460754075,EXITOSO,2026-05-26
7697,334.0,85.42126598647302,FALLIDO,2026-05-26
7698,355.0,54.31472661536276,EXITOSO,2026-05-26
7699,116.0,15.900689326848422,EXITOSO,2026-05-26
7700,48.0,73.85574481397869,EXITOSO,2026-05-26
7701,738.0,105.3535807458847,EXITOSO,2026-05-26
7702,778.0,60.26875791988779,EXITOSO,2026-05-26
7703,99.0,96.93330767157045,EXITOSO,2026-05-26
7704,459.0,78.49584137762379,EXITOSO,2026-05-26
7705,523.0,79.01217179306704,EXITOSO,2026-05-26
7706,597.0,47.78052195789455,EXITOSO,2026-05-26
7707,405.0,92.74786155309363,EXITOSO,2026-05-26
7708,214.0,96.56715381721196,EXITOSO,2026-05-26
7709,685.0,91.70671360855094,FALLIDO,2026-05-26
7710,903.0,47.448530531050025,EXITOSO,2026-05-26
7711,503.0,99.40319077954432,EXITOSO,2026-05-26
7712,721.0,75.4525801923805,EXITOSO,2026-05-26
7713,448.0,21.10698154291744,EXITOSO,2026-05-26
7714,894.0,44.74030862880213,FALLIDO,2026-05-26
7715,576.0,38.78364103081473,EXITOSO,2026-05-26
7716,258.0,-19.515875180461194,EXITOSO,2026-05-26
7717,844.0,100.1365220071336,EXITOSO,2026-05-26
7718,121.0,184.0474687073207,EXITOSO,2026-05-26
7719,810.0,108.33391607523743,EXITOSO,2026-05-26
7720,978.0,66.51437298476894,EXITOSO,2026-05-26
7721,54.0,39.367250774837025,EXITOSO,2026-05-26
7722,331.0,22.996650270834706,EXITOSO,2026-05-26
7723,784.0,66.02581515275037,EXITOSO,2026-05-26
7724,241.0,98.73226053039872,EXITOSO,2026-05-26
7725,755.0,33.01670191167,EXITOSO,2026-05-26
7726,530.0,162.570407102022,EXITOSO,2026-05-26
7727,483.0,4.6402746913906086,EXITOSO,2026-05-26
7728,187.0,68.97992819412801,FALLIDO,2026-05-26
7729,858.0,62.811773941555906,EXITOSO,2026-05-26
7730,656.0,60.265056816443575,FALLIDO,2026-05-26
7731,262.0,37.24580391051653,EXITOSO,2026-05-26
7732,953.0,63.29865574788598,EXITOSO,2026-05-26
7733,364.0,42.00915432989841,EXITOSO,2026-05-26
7734,491.0,111.51557608850169,EXITOSO,2026-05-26
7735,431.0,124.8309633363578,EXITOSO,2026-05-26
7736,239.0,44.458270024678285,EXITOSO,2026-05-26
7737,304.0,-5.798827062999763,EXITOSO,2026-05-26
7738,298.0,72.70588494891534,EXITOSO,2026-05-26
7739,76.0,71.26377640054872,EXITOSO,2026-05-26
7740,700.0,64.20849235537814,EXITOSO,2026-05-26
7741,333.0,81.31810884071334,EXITOSO,2026-05-26
7742,900.0,115.26111244975485,EXITOSO,2026-05-26
7743,999.0,93.31888721336219,EXITOSO,2026-05-26
7744,758.0,81.25741279747938,INVALIDO,2026-05-26
7745,642.0,90.15662178829716,EXITOSO,2026-05-26
7746,474.0,70.05903275991129,EXITOSO,2026-05-26
7747,827.0,22.182362265908523,FALLIDO,2026-05-26
7748,923.0,118.01825660503141,EXITOSO,2026-05-26
7749,283.0,64.10334275372787,EXITOSO,2026-05-26
7750,591.0,22.16242939118367,FALLIDO,2026-05-26
7751,72.0,14.880847379530579,INVALIDO,2026-05-26
7752,263.0,23.288032539999755,EXITOSO,2026-05-26
7753,703.0,10.691779178858638,EXITOSO,2026-05-26
7754,879.0,86.75537706682223,EXITOSO,2026-05-26
7755,887.0,52.99553482363285,EXITOSO,2026-05-26
7756,942.0,91.04018976170832,EXITOSO,2026-05-26
7757,575.0,106.77894479667512,INVALIDO,2026-05-26
7758,892.0,96.43127667784516,EXITOSO,2026-05-26
7759,12.0,85.3609362417066,FALLIDO,2026-05-26
7760,141.0,71.5011648061289,EXITOSO,2026-05-26
7761,766.0,52.38547746727768,EXITOSO,2026-05-26
7762,555.0,55.054154910643426,INVALIDO,2026-05-26
7763,17.0,83.3745395618471,EXITOSO,2026-05-26
7764,63.0,21.547384329295284,EXITOSO,2026-05-26
7765,253.0,57.84460994850463,EXITOSO,2026-05-26
7766,465.0,30.28631233889442,EXITOSO,2026-05-26
7767,376.0,106.91928314301846,EXITOSO,2026-05-26
7768,804.0,88.68229307651012,EXITOSO,2026-05-26
7769,981.0,145.4981778230231,EXITOSO,2026-05-26
7770,520.0,29.691949710398337,EXITOSO,2026-05-26
7771,837.0,33.98104746472122,EXITOSO,2026-05-26
7772,90.0,62.30004400977153,EXITOSO,2026-05-26
7773,720.0,30.98166029740085,EXITOSO,2026-05-26
7774,804.0,81.50479214078356,EXITOSO,2026-05-26
7775,796.0,57.96187492911078,EXITOSO,2026-05-26
7776,630.0,40.45877193201261,EXITOSO,2026-05-26
7777,861.0,103.50418258457647,EXITOSO,2026-05-26
7778,175.0,-13.983540417655547,EXITOSO,2026-05-26
7779,76.0,81.6845270735567,EXITOSO,2026-05-26
7780,613.0,37.95470128521201,EXITOSO,2026-05-26
7781,926.0,92.67025895694711,EXITOSO,2026-05-26
7782,663.0,102.25022832261189,EXITOSO,2026-05-26
7783,400.0,-31.054021482102485,FALLIDO,2026-05-26
7784,782.0,51.535104849831136,FALLIDO,2026-05-26
7785,970.0,62.32766511946422,EXITOSO,2026-05-26
7786,71.0,-34.31342972799092,EXITOSO,2026-05-26
7787,180.0,69.110033088379,FALLIDO,2026-05-26
7788,124.0,38.877883701824075,EXITOSO,2026-05-26
7789,381.0,11.770907350763338,EXITOSO,2026-05-26
7790,293.0,33.98043663643968,EXITOSO,2026-05-26
7791,797.0,27.067454541873623,INVALIDO,2026-05-26
7792,195.0,37.1657074251075,EXITOSO,2026-05-26
7793,911.0,67.4049356381017,EXITOSO,2026-05-26
7794,228.0,99.24986120257722,EXITOSO,2026-05-26
7795,431.0,56.886562007044674,FALLIDO,2026-05-26
7796,942.0,104.11032282647953,EXITOSO,2026-05-26
7797,436.0,18.161700644376538,EXITOSO,2026-05-26
7798,787.0,66.1155706640257,EXITOSO,2026-05-26
7799,461.0,144.26446192704293,EXITOSO,2026-05-26
7800,618.0,-3.622590526998266,EXITOSO,2026-05-26
7801,21.0,-5.15030915755753,EXITOSO,2026-05-26
7802,64.0,111.19886813333954,EXITOSO,2026-05-26
7803,165.0,68.82100527741119,EXITOSO,2026-05-26
7804,27.0,35.939998333608,EXITOSO,2026-05-26
7805,311.0,14.813054579780022,EXITOSO,2026-05-26
7806,285.0,58.56045588569741,EXITOSO,2026-05-26
7807,660.0,65.34316361121523,EXITOSO,2026-05-26
7808,281.0,65.54109144418881,EXITOSO,2026-05-26
7809,838.0,14.422103298978108,EXITOSO,2026-05-26
7810,831.0,46.522043094853544,EXITOSO,2026-05-26
7811,164.0,37.276682146191604,EXITOSO,2026-05-26
7812,898.0,85.85775565586036,EXITOSO,2026-05-26
7813,918.0,16.782022916237253,EXITOSO,2026-05-26
7814,224.0,63.04111092721577,EXITOSO,2026-05-26
7815,784.0,165.3690567054362,FALLIDO,2026-05-26
7816,146.0,14.050780853643666,EXITOSO,2026-05-26
7817,965.0,30.109480883801112,EXITOSO,2026-05-26
7818,950.0,56.24550187604813,EXITOSO,2026-05-26
7819,868.0,-57.69017648491284,EXITOSO,2026-05-26
7820,30.0,2.9269017152090413,EXITOSO,2026-05-26
7821,45.0,72.42770200173041,EXITOSO,2026-05-26
7822,787.0,52.973195169340535,FALLIDO,2026-05-26
7823,471.0,102.18828630174579,EXITOSO,2026-05-26
7824,34.0,50.475006466201016,EXITOSO,2026-05-26
7825,653.0,46.95423347215524,EXITOSO,2026-05-26
7826,427.0,31.88516899353523,EXITOSO,2026-05-26
7827,830.0,46.28619687563953,EXITOSO,2026-05-26
7828,886.0,11.536487272127488,EXITOSO,2026-05-26
7829,221.0,54.1013638814085,EXITOSO,2026-05-26
7830,868.0,21.14972744443073,EXITOSO,2026-05-26
7831,534.0,11.56938315013236,EXITOSO,2026-05-26
7832,692.0,34.42170249994381,EXITOSO,2026-05-26
7833,948.0,78.0461127895449,INVALIDO,2026-05-26
7834,367.0,65.69022030231653,EXITOSO,2026-05-26
7835,932.0,86.70426106217005,EXITOSO,2026-05-26
7836,841.0,23.070554573209215,EXITOSO,2026-05-26
7837,743.0,59.47215470472991,EXITOSO,2026-05-26
7838,915.0,128.0716840615425,EXITOSO,2026-05-26
7839,550.0,115.90058927629836,EXITOSO,2026-05-26
7840,582.0,9.014524565780732,EXITOSO,2026-05-26
7841,116.0,19.6638429531399,EXITOSO,2026-05-26
7842,239.0,127.8988155712446,EXITOSO,2026-05-26
7843,335.0,78.0620170501029,EXITOSO,2026-05-26
7844,441.0,52.37079654383925,EXITOSO,2026-05-26
7845,148.0,47.90353321775733,EXITOSO,2026-05-26
7846,9.0,69.09839114422991,FALLIDO,2026-05-26
7847,288.0,69.59974020506725,EXITOSO,2026-05-26
7848,388.0,38.67355483739237,EXITOSO,2026-05-26
7849,50.0,53.4719796900777,EXITOSO,2026-05-26
7850,850.0,37.27116653147668,EXITOSO,2026-05-26
7851,517.0,66.74962038701135,EXITOSO,2026-05-26
7852,916.0,30.497297161506104,EXITOSO,2026-05-26
7853,855.0,9.290137055392911,EXITOSO,2026-05-26
7854,638.0,119.0150305484112,EXITOSO,2026-05-26
7855,587.0,57.21697604934545,EXITOSO,2026-05-26
7856,677.0,127.88218638895947,EXITOSO,2026-05-26
7857,278.0,-17.291308847335088,EXITOSO,2026-05-26
7858,954.0,2.021078567860627,EXITOSO,2026-05-26
7859,836.0,78.67179097024541,FALLIDO,2026-05-26
7860,989.0,57.250696256525714,EXITOSO,2026-05-26
7861,300.0,13.692397477831676,INVALIDO,2026-05-26
7862,802.0,105.45981429161257,EXITOSO,2026-05-26
7863,589.0,25.20426683076513,EXITOSO,2026-05-26
7864,810.0,107.94202812448323,EXITOSO,2026-05-26
7865,649.0,57.18260681690292,EXITOSO,2026-05-26
7866,618.0,17.202777376164427,EXITOSO,2026-05-26
7867,607.0,33.25045925323445,EXITOSO,2026-05-26
7868,135.0,114.88612111643012,INVALIDO,2026-05-26
7869,580.0,48.09011859819769,EXITOSO,2026-05-26
7870,147.0,98.89363485358618,EXITOSO,2026-05-26
7871,490.0,116.01760339193302,EXITOSO,2026-05-26
7872,478.0,56.78307000576052,EXITOSO,2026-05-26
7873,159.0,51.072281882951856,EXITOSO,2026-05-26
7874,384.0,43.80127449679671,INVALIDO,2026-05-26
7875,163.0,74.08390497287432,EXITOSO,2026-05-26
7876,441.0,120.2372009600026,EXITOSO,2026-05-26
7877,853.0,10.918544027746933,EXITOSO,2026-05-26
7878,189.0,68.7660943861632,INVALIDO,2026-05-26
7879,415.0,67.03517707433086,EXITOSO,2026-05-26
7880,339.0,-12.167484387878332,FALLIDO,2026-05-26
7881,607.0,24.501370720791506,EXITOSO,2026-05-26
7882,181.0,32.69835573249469,EXITOSO,2026-05-26
7883,288.0,90.56118131200954,EXITOSO,2026-05-26
7884,834.0,97.55803644803285,EXITOSO,2026-05-26
7885,187.0,-15.015135996728972,EXITOSO,2026-05-26
7886,884.0,85.56808331820666,EXITOSO,2026-05-26
7887,138.0,80.39711939281493,EXITOSO,2026-05-26
7888,130.0,83.135467058823,FALLIDO,2026-05-26
7889,194.0,66.10983857190615,EXITOSO,2026-05-26
7890,316.0,98.01759380517596,INVALIDO,2026-05-26
7891,984.0,106.86082781810865,EXITOSO,2026-05-26
7892,785.0,-5.354626555749718,EXITOSO,2026-05-26
7893,864.0,58.05102786910996,FALLIDO,2026-05-26
7894,144.0,49.82045016267129,EXITOSO,2026-05-26
7895,16.0,37.090115876985074,EXITOSO,2026-05-26
7896,302.0,41.81967810582902,EXITOSO,2026-05-26
7897,423.0,67.47134505349592,FALLIDO,2026-05-26
7898,245.0,8.135649671665107,EXITOSO,2026-05-26
7899,927.0,86.82488240339204,EXITOSO,2026-05-26
7900,107.0,45.23511716644636,EXITOSO,2026-05-26
7901,88.0,94.98586718356603,EXITOSO,2026-05-26
7902,129.0,35.202753198593896,FALLIDO,2026-05-26
7903,907.0,33.03545556075312,EXITOSO,2026-05-26
7904,887.0,22.181466153106115,EXITOSO,2026-05-26
7905,341.0,35.42581562857973,EXITOSO,2026-05-26
7906,4.0,27.9428049820678,EXITOSO,2026-05-26
7907,327.0,77.38988756378619,EXITOSO,2026-05-26
7908,410.0,101.88429278739525,EXITOSO,2026-05-26
7909,879.0,75.51472358734067,EXITOSO,2026-05-26
7910,306.0,56.90310540131012,EXITOSO,2026-05-26
7911,908.0,79.47549776444114,EXITOSO,2026-05-26
7912,607.0,58.543215063641995,EXITOSO,2026-05-26
7913,721.0,61.14293379833917,EXITOSO,2026-05-26
7914,225.0,47.734442469369014,EXITOSO,2026-05-26
7915,971.0,93.46365052478185,EXITOSO,2026-05-26
7916,348.0,-42.63726269386882,EXITOSO,2026-05-26
7917,992.0,-25.31392132791295,FALLIDO,2026-05-26
7918,321.0,101.08897743018055,EXITOSO,2026-05-26
7919,559.0,52.138914637811844,EXITOSO,2026-05-26
7920,988.0,96.68935380790728,EXITOSO,2026-05-26
7921,181.0,35.676854177914144,EXITOSO,2026-05-26
7922,618.0,126.96976531532204,EXITOSO,2026-05-26
7923,711.0,54.53925378561537,EXITOSO,2026-05-26
7924,386.0,77.97566188240373,EXITOSO,2026-05-26
7925,618.0,42.114150084708754,EXITOSO,2026-05-26
7926,792.0,24.114732513770804,EXITOSO,2026-05-26
7927,772.0,-9.637143202816418,EXITOSO,2026-05-26
7928,108.0,91.42816225053436,EXITOSO,2026-05-26
7929,531.0,75.81670301736968,EXITOSO,2026-05-26
7930,410.0,63.74770319778073,EXITOSO,2026-05-26
7931,971.0,14.455366648746917,EXITOSO,2026-05-26
7932,296.0,116.61864000337937,EXITOSO,2026-05-26
7933,818.0,64.23490374164997,EXITOSO,2026-05-26
7934,171.0,88.11555320543295,EXITOSO,2026-05-26
7935,331.0,59.880513191806436,EXITOSO,2026-05-26
7936,493.0,16.423138112068898,FALLIDO,2026-05-26
7937,195.0,99.69745444740497,EXITOSO,2026-05-26
7938,12.0,78.0307377808755,EXITOSO,2026-05-26
7939,195.0,52.743601043057886,FALLIDO,2026-05-26
7940,490.0,77.34682129512474,FALLIDO,2026-05-26
7941,795.0,92.7017416900863,EXITOSO,2026-05-26
7942,881.0,86.40824227918286,EXITOSO,2026-05-26
7943,182.0,-8.453048736367336,EXITOSO,2026-05-26
7944,962.0,0.3919286087387235,FALLIDO,2026-05-26
7945,817.0,89.31396518688024,EXITOSO,2026-05-26
7946,656.0,32.155195458478886,EXITOSO,2026-05-26
7947,898.0,18.055496062352873,EXITOSO,2026-05-26
7948,316.0,74.884169189842,EXITOSO,2026-05-26
7949,694.0,16.842243714362226,EXITOSO,2026-05-26
7950,30.0,40.83435148683628,EXITOSO,2026-05-26
7951,596.0,94.09079398074785,EXITOSO,2026-05-26
7952,678.0,-0.5656727425930228,EXITOSO,2026-05-26
7953,796.0,5.269449612173787,EXITOSO,2026-05-26
7954,793.0,-4.43985728195166,EXITOSO,2026-05-26
7955,96.0,25.553406772615887,EXITOSO,2026-05-26
7956,381.0,63.308609562388455,EXITOSO,2026-05-26
7957,778.0,35.24848274980374,EXITOSO,2026-05-26
7958,444.0,120.13396257303042,EXITOSO,2026-05-26
7959,298.0,78.21239008194067,EXITOSO,2026-05-26
7960,808.0,59.24727792431304,EXITOSO,2026-05-26
7961,737.0,110.69635800710753,EXITOSO,2026-05-26
7962,845.0,6.767719686194809,EXITOSO,2026-05-26
7963,361.0,94.66286095130003,EXITOSO,2026-05-26
7964,374.0,50.54965453499946,EXITOSO,2026-05-26
7965,554.0,41.78709424130611,FALLIDO,2026-05-26
7966,303.0,84.44285016667334,EXITOSO,2026-05-26
7967,421.0,43.499656765185236,EXITOSO,2026-05-26
7968,246.0,67.27614146750325,EXITOSO,2026-05-26
7969,720.0,56.00356572115719,FALLIDO,2026-05-26
7970,237.0,72.25807093716719,EXITOSO,2026-05-26
7971,534.0,39.71678281848664,EXITOSO,2026-05-26
7972,185.0,97.07049439672655,FALLIDO,2026-05-26
7973,468.0,-21.76715612381399,FALLIDO,2026-05-26
7974,754.0,85.6357022061769,FALLIDO,2026-05-26
7975,363.0,-15.649589699068855,EXITOSO,2026-05-26
7976,283.0,29.8620723204383,EXITOSO,2026-05-26
7977,553.0,80.89436221163808,EXITOSO,2026-05-26
7978,336.0,-20.546782841411698,EXITOSO,2026-05-26
7979,162.0,66.65922978862882,EXITOSO,2026-05-26
7980,160.0,5.1461660452863285,EXITOSO,2026-05-26
7981,474.0,21.237206091883685,EXITOSO,2026-05-26
7982,601.0,19.397047079680057,EXITOSO,2026-05-26
7983,322.0,6.266675908853358,EXITOSO,2026-05-26
7984,12.0,-9.184416103006242,EXITOSO,2026-05-26
7985,424.0,142.84749841864587,EXITOSO,2026-05-26
7986,73.0,52.70114077985977,EXITOSO,2026-05-26
7987,588.0,10.503102130838386,EXITOSO,2026-05-26
7988,858.0,37.515042542291965,EXITOSO,2026-05-26
7989,201.0,61.46644113565741,EXITOSO,2026-05-26
7990,522.0,44.852207901245905,EXITOSO,2026-05-26
7991,864.0,9.326329029320426,EXITOSO,2026-05-26
7992,505.0,24.030732776777157,EXITOSO,2026-05-26
7993,738.0,107.42865638356591,EXITOSO,2026-05-26
7994,688.0,3.891481732090824,EXITOSO,2026-05-26
7995,788.0,-19.878835422825333,EXITOSO,2026-05-26
7996,39.0,44.481807465970554,EXITOSO,2026-05-26
7997,60.0,-17.268655205580032,INVALIDO,2026-05-26
7998,578.0,23.609063826247947,EXITOSO,2026-05-26
7999,321.0,9.922512063475956,EXITOSO,2026-05-26
8000,435.0,10.272454341374335,FALLIDO,2026-05-26
8001,636.0,62.78119137487207,FALLIDO,2026-05-26
8002,676.0,70.28227878575474,EXITOSO,2026-05-26
8003,408.0,27.763934317645052,EXITOSO,2026-05-26
8004,923.0,56.224714027779946,EXITOSO,2026-05-26
8005,386.0,25.771174609852487,EXITOSO,2026-05-26
8006,671.0,76.0335455001239,EXITOSO,2026-05-26
8007,569.0,0.893452399854894,EXITOSO,2026-05-26
8008,78.0,66.6096258847488,FALLIDO,2026-05-26
8009,194.0,69.64322384701407,INVALIDO,2026-05-26
8010,285.0,153.43916679411478,FALLIDO,2026-05-26
8011,527.0,-10.177723730294701,EXITOSO,2026-05-26
8012,524.0,166.2304179565066,EXITOSO,2026-05-26
8013,613.0,90.26738442354629,EXITOSO,2026-05-26
8014,156.0,133.09258824562673,EXITOSO,2026-05-26
8015,340.0,96.21060557009022,EXITOSO,2026-05-26
8016,125.0,22.25839163886684,EXITOSO,2026-05-26
8017,871.0,86.3136002595604,FALLIDO,2026-05-26
8018,280.0,33.37389042180047,FALLIDO,2026-05-26
8019,917.0,56.47421297232223,EXITOSO,2026-05-26
8020,906.0,13.012596241817356,EXITOSO,2026-05-26
8021,622.0,32.852093554494914,EXITOSO,2026-05-26
8022,846.0,95.87906153222406,FALLIDO,2026-05-26
8023,869.0,77.51826027395826,EXITOSO,2026-05-26
8024,658.0,100.96920935708873,FALLIDO,2026-05-26
8025,728.0,4.087519900614673,EXITOSO,2026-05-26
8026,910.0,-14.817635577174244,FALLIDO,2026-05-26
8027,674.0,104.06862848676451,EXITOSO,2026-05-26
8028,128.0,101.10691478751797,FALLIDO,2026-05-26
8029,314.0,68.46149781166845,EXITOSO,2026-05-26
8030,332.0,76.76902595004097,EXITOSO,2026-05-26
8031,150.0,94.6015258052345,EXITOSO,2026-05-26
8032,454.0,67.2609637035259,FALLIDO,2026-05-26
8033,36.0,81.4666899240962,EXITOSO,2026-05-26
8034,685.0,92.59290880992424,EXITOSO,2026-05-26
8035,420.0,56.259420145941725,EXITOSO,2026-05-26
8036,22.0,46.17620439718191,EXITOSO,2026-05-26
8037,206.0,75.28212143038155,EXITOSO,2026-05-26
8038,639.0,150.58456123031328,EXITOSO,2026-05-26
8039,848.0,26.09265430994258,EXITOSO,2026-05-26
8040,957.0,42.77039364984587,EXITOSO,2026-05-26
8041,356.0,-10.256428255382147,FALLIDO,2026-05-26
8042,440.0,77.39213587691924,EXITOSO,2026-05-26
8043,729.0,38.80264833023332,INVALIDO,2026-05-26
8044,96.0,3.986706208617619,EXITOSO,2026-05-26
8045,929.0,57.45638059065782,EXITOSO,2026-05-26
8046,941.0,119.78526260201089,EXITOSO,2026-05-26
8047,164.0,45.91896074942877,EXITOSO,2026-05-26
8048,148.0,49.57943864230498,EXITOSO,2026-05-26
8049,530.0,118.2282771294517,INVALIDO,2026-05-26
8050,294.0,59.79967181751704,FALLIDO,2026-05-26
8051,195.0,11.694387863810277,EXITOSO,2026-05-26
8052,663.0,87.55996757450282,EXITOSO,2026-05-26
8053,480.0,104.98373178892635,EXITOSO,2026-05-26
8054,877.0,51.98499264942744,INVALIDO,2026-05-26
8055,123.0,65.21972078861474,EXITOSO,2026-05-26
8056,400.0,7.5524866593258935,EXITOSO,2026-05-26
8057,699.0,25.176506926523302,EXITOSO,2026-05-26
8058,965.0,46.6784157501149,EXITOSO,2026-05-26
8059,452.0,63.07722420821539,EXITOSO,2026-05-26
8060,661.0,35.210090829563,FALLIDO,2026-05-26
8061,104.0,45.1688294116632,INVALIDO,2026-05-26
8062,755.0,55.04731627266379,FALLIDO,2026-05-26
8063,462.0,20.07897574700165,EXITOSO,2026-05-26
8064,743.0,49.2479641017034,EXITOSO,2026-05-26
8065,991.0,106.23759864842668,EXITOSO,2026-05-26
8066,718.0,36.15910414003251,EXITOSO,2026-05-26
8067,710.0,23.962762206025268,EXITOSO,2026-05-26
8068,396.0,143.4049784510813,EXITOSO,2026-05-26
8069,912.0,69.02409966876989,EXITOSO,2026-05-26
8070,337.0,29.086467115632793,EXITOSO,2026-05-26
8071,599.0,85.74002146388754,EXITOSO,2026-05-26
8072,142.0,70.24428980282869,EXITOSO,2026-05-26
8073,317.0,37.19254659407623,EXITOSO,2026-05-26
8074,711.0,58.041927347674324,EXITOSO,2026-05-26
8075,558.0,48.34242636211832,EXITOSO,2026-05-26
8076,800.0,99.60332655974756,EXITOSO,2026-05-26
8077,527.0,87.25369702619022,FALLIDO,2026-05-26
8078,556.0,-25.717782467726096,EXITOSO,2026-05-26
8079,401.0,136.11635864795855,EXITOSO,2026-05-26
8080,681.0,48.46732521039391,EXITOSO,2026-05-26
8081,310.0,128.89452744207307,INVALIDO,2026-05-26
8082,495.0,88.64204541052256,EXITOSO,2026-05-26
8083,556.0,69.92919740309739,EXITOSO,2026-05-26
8084,610.0,56.23349625599263,EXITOSO,2026-05-26
8085,773.0,170.35108991244167,EXITOSO,2026-05-26
8086,109.0,49.134017903726985,EXITOSO,2026-05-26
8087,795.0,33.14675586141406,EXITOSO,2026-05-26
8088,372.0,36.74763891530611,EXITOSO,2026-05-26
8089,855.0,60.04236671847287,EXITOSO,2026-05-26
8090,616.0,59.9725501290207,EXITOSO,2026-05-26
8091,768.0,100.16095889345755,EXITOSO,2026-05-26
8092,891.0,90.32996136847852,EXITOSO,2026-05-26
8093,206.0,90.37962745816029,EXITOSO,2026-05-26
8094,847.0,50.87048027393473,EXITOSO,2026-05-26
8095,43.0,87.06088432044983,EXITOSO,2026-05-26
8096,865.0,91.2518657072685,FALLIDO,2026-05-26
8097,245.0,56.82695526059377,EXITOSO,2026-05-26
8098,287.0,71.16800594891032,EXITOSO,2026-05-26
8099,355.0,91.20125571300184,EXITOSO,2026-05-26
8100,785.0,68.4466120403613,EXITOSO,2026-05-26
8101,476.0,72.26313100593872,EXITOSO,2026-05-26
8102,83.0,116.28380961659114,EXITOSO,2026-05-26
8103,110.0,68.76054093900655,EXITOSO,2026-05-26
8104,950.0,35.69071666618388,EXITOSO,2026-05-26
8105,190.0,6.172799550578205,EXITOSO,2026-05-26
8106,983.0,64.52603815866293,EXITOSO,2026-05-26
8107,800.0,46.74131493407024,EXITOSO,2026-05-26
8108,936.0,92.33255723987682,EXITOSO,2026-05-26
8109,909.0,123.10792394770571,EXITOSO,2026-05-26
8110,251.0,18.811795067550953,EXITOSO,2026-05-26
8111,724.0,24.566110265812377,EXITOSO,2026-05-26
8112,291.0,59.03363561678833,EXITOSO,2026-05-26
8113,645.0,28.002725136311632,EXITOSO,2026-05-26
8114,201.0,51.11896276240561,EXITOSO,2026-05-26
8115,797.0,38.55307124397339,FALLIDO,2026-05-26
8116,326.0,19.688888389214334,EXITOSO,2026-05-26
8117,511.0,93.03541526703873,FALLIDO,2026-05-26
8118,409.0,63.01128178572027,EXITOSO,2026-05-26
8119,607.0,133.21474917502448,EXITOSO,2026-05-26
8120,790.0,74.36026563817569,EXITOSO,2026-05-26
8121,962.0,111.54129356193955,FALLIDO,2026-05-26
8122,941.0,30.848135422514403,INVALIDO,2026-05-26
8123,837.0,30.351714591916675,FALLIDO,2026-05-26
8124,508.0,148.83482427891556,EXITOSO,2026-05-26
8125,731.0,35.64336281617184,EXITOSO,2026-05-26
8126,601.0,22.034017966965195,EXITOSO,2026-05-26
8127,72.0,13.150154278507244,EXITOSO,2026-05-26
8128,247.0,136.6300225878619,FALLIDO,2026-05-26
8129,641.0,49.01211841341569,EXITOSO,2026-05-26
8130,724.0,76.13568320402231,EXITOSO,2026-05-26
8131,940.0,66.05588877960162,EXITOSO,2026-05-26
8132,855.0,31.063618067090495,EXITOSO,2026-05-26
8133,608.0,48.14788009983573,EXITOSO,2026-05-26
8134,587.0,93.82735482779304,EXITOSO,2026-05-26
8135,935.0,10.965691261674777,EXITOSO,2026-05-26
8136,566.0,86.96672962365668,EXITOSO,2026-05-26
8137,344.0,117.36150658086335,FALLIDO,2026-05-26
8138,971.0,71.69501359952,EXITOSO,2026-05-26
8139,925.0,113.336009373309,EXITOSO,2026-05-26
8140,54.0,5.143465511162731,EXITOSO,2026-05-26
8141,730.0,-13.201698107347283,EXITOSO,2026-05-26
8142,528.0,69.70577360230081,EXITOSO,2026-05-26
8143,611.0,36.54619822963009,EXITOSO,2026-05-26
8144,532.0,95.15059846639815,EXITOSO,2026-05-26
8145,558.0,47.58224077825353,EXITOSO,2026-05-26
8146,963.0,65.88769499834076,EXITOSO,2026-05-26
8147,193.0,63.23935312297988,EXITOSO,2026-05-26
8148,895.0,64.51535979602174,FALLIDO,2026-05-26
8149,58.0,38.2941804874876,EXITOSO,2026-05-26
8150,437.0,5.414074734524554,EXITOSO,2026-05-26
8151,111.0,51.23233821124707,FALLIDO,2026-05-26
8152,129.0,118.0016682012662,FALLIDO,2026-05-26
8153,849.0,35.64686830152038,EXITOSO,2026-05-26
8154,706.0,35.426136050963024,EXITOSO,2026-05-26
8155,925.0,66.30589707473962,EXITOSO,2026-05-26
8156,852.0,12.915899654315417,EXITOSO,2026-05-26
8157,326.0,100.13952668097303,EXITOSO,2026-05-26
8158,8.0,16.73058184848783,EXITOSO,2026-05-26
8159,29.0,48.42811139610603,FALLIDO,2026-05-26
8160,112.0,161.5563349450694,EXITOSO,2026-05-26
8161,947.0,14.297430517770266,EXITOSO,2026-05-26
8162,673.0,118.89482870109474,EXITOSO,2026-05-26
8163,131.0,64.84992668765874,EXITOSO,2026-05-26
8164,188.0,70.4927254992957,EXITOSO,2026-05-26
8165,675.0,27.625550709973332,EXITOSO,2026-05-26
8166,709.0,91.95002444939084,FALLIDO,2026-05-26
8167,475.0,45.36300748339467,FALLIDO,2026-05-26
8168,364.0,14.088594106103983,EXITOSO,2026-05-26
8169,204.0,118.22641612571552,FALLIDO,2026-05-26
8170,212.0,44.566044290843806,EXITOSO,2026-05-26
8171,621.0,-14.375337886227484,EXITOSO,2026-05-26
8172,276.0,49.25172395002795,EXITOSO,2026-05-26
8173,73.0,92.32278050640436,EXITOSO,2026-05-26
8174,679.0,85.93447218666651,EXITOSO,2026-05-26
8175,772.0,34.36483454474505,EXITOSO,2026-05-26
8176,243.0,20.900754808590925,FALLIDO,2026-05-26
8177,787.0,5.352911631642321,EXITOSO,2026-05-26
8178,102.0,59.0894731328683,EXITOSO,2026-05-26
8179,987.0,66.03982965090401,EXITOSO,2026-05-26
8180,685.0,88.35842722948122,EXITOSO,2026-05-26
8181,171.0,54.03863077809892,EXITOSO,2026-05-26
8182,653.0,52.8532893738073,FALLIDO,2026-05-26
8183,909.0,48.86027726963757,EXITOSO,2026-05-26
8184,188.0,66.10806797674857,EXITOSO,2026-05-26
8185,441.0,54.65342177440491,EXITOSO,2026-05-26
8186,86.0,97.56349022063982,EXITOSO,2026-05-26
8187,476.0,72.43379887086094,EXITOSO,2026-05-26
8188,52.0,64.32007752917238,EXITOSO,2026-05-26
8189,111.0,58.33070178804616,EXITOSO,2026-05-26
8190,949.0,22.32701825186392,EXITOSO,2026-05-26
8191,877.0,59.97389831611921,EXITOSO,2026-05-26
8192,854.0,34.13887120723237,EXITOSO,2026-05-26
8193,43.0,73.86204108369259,EXITOSO,2026-05-26
8194,211.0,51.64563801789495,EXITOSO,2026-05-26
8195,968.0,126.57258485697244,EXITOSO,2026-05-26
8196,200.0,9.521972310898917,INVALIDO,2026-05-26
8197,810.0,-64.02073261501477,EXITOSO,2026-05-26
8198,858.0,70.70652151697715,EXITOSO,2026-05-26
8199,752.0,34.270136412278845,EXITOSO,2026-05-26
8200,627.0,66.44242425651606,FALLIDO,2026-05-26
8201,26.0,10.574487060505895,FALLIDO,2026-05-26
8202,919.0,136.35838965061646,EXITOSO,2026-05-26
8203,299.0,44.53955189681379,EXITOSO,2026-05-26
8204,77.0,31.682177168256985,EXITOSO,2026-05-26
8205,924.0,135.61968646707913,EXITOSO,2026-05-26
8206,137.0,93.61372601601639,EXITOSO,2026-05-26
8207,20.0,115.5804257647965,EXITOSO,2026-05-26
8208,440.0,53.112929556829584,EXITOSO,2026-05-26
8209,211.0,61.876392326594264,EXITOSO,2026-05-26
8210,752.0,36.130948180028874,FALLIDO,2026-05-26
8211,551.0,31.461103241546265,FALLIDO,2026-05-26
8212,435.0,75.92954316235993,EXITOSO,2026-05-26
8213,780.0,45.261905793104745,EXITOSO,2026-05-26
8214,207.0,148.83276481478163,EXITOSO,2026-05-26
8215,991.0,93.70101431320762,EXITOSO,2026-05-26
8216,439.0,135.33046267466972,EXITOSO,2026-05-26
8217,974.0,-29.14720737701414,EXITOSO,2026-05-26
8218,779.0,135.81684027148788,EXITOSO,2026-05-26
8219,666.0,-35.397855240939776,EXITOSO,2026-05-26
8220,42.0,9.563554572927366,EXITOSO,2026-05-26
8221,411.0,-10.105880645304865,EXITOSO,2026-05-26
8222,523.0,69.72196561387405,EXITOSO,2026-05-26
8223,806.0,59.272118098735625,INVALIDO,2026-05-26
8224,610.0,91.79676777050938,EXITOSO,2026-05-26
8225,427.0,56.461428734632605,EXITOSO,2026-05-26
8226,275.0,109.00401169871748,EXITOSO,2026-05-26
8227,448.0,22.692269858765172,EXITOSO,2026-05-26
8228,902.0,109.9265124507357,FALLIDO,2026-05-26
8229,942.0,58.770373065568826,EXITOSO,2026-05-26
8230,884.0,154.23440802592336,FALLIDO,2026-05-26
8231,742.0,94.87628039846851,FALLIDO,2026-05-26
8232,369.0,47.85353321913696,FALLIDO,2026-05-26
8233,938.0,58.63708166122888,EXITOSO,2026-05-26
8234,220.0,19.63536462337491,EXITOSO,2026-05-26
8235,577.0,74.37440652087076,EXITOSO,2026-05-26
8236,867.0,47.83215278475218,EXITOSO,2026-05-26
8237,232.0,88.96673153436106,EXITOSO,2026-05-26
8238,328.0,6.480033696782911,EXITOSO,2026-05-26
8239,443.0,46.813088174438434,EXITOSO,2026-05-26
8240,52.0,13.619154159413426,FALLIDO,2026-05-26
8241,886.0,16.106343047047247,EXITOSO,2026-05-26
8242,943.0,84.24200669062894,EXITOSO,2026-05-26
8243,376.0,104.98025352669136,EXITOSO,2026-05-26
8244,263.0,-33.30181365011504,EXITOSO,2026-05-26
8245,267.0,134.4749812571363,EXITOSO,2026-05-26
8246,359.0,116.16348574861215,EXITOSO,2026-05-26
8247,317.0,6.132971090533047,EXITOSO,2026-05-26
8248,324.0,93.0737410997138,EXITOSO,2026-05-26
8249,921.0,41.59256032701698,EXITOSO,2026-05-26
8250,908.0,56.07597732278405,EXITOSO,2026-05-26
8251,666.0,84.08218230538314,EXITOSO,2026-05-26
8252,870.0,79.19983408556087,EXITOSO,2026-05-26
8253,878.0,37.080152349318055,EXITOSO,2026-05-26
8254,652.0,36.910707729331506,EXITOSO,2026-05-26
8255,939.0,39.27093983571348,FALLIDO,2026-05-26
8256,563.0,105.71310313665848,FALLIDO,2026-05-26
8257,629.0,-14.472646858539818,EXITOSO,2026-05-26
8258,421.0,53.52343784379798,EXITOSO,2026-05-26
8259,46.0,122.90187619444218,EXITOSO,2026-05-26
8260,821.0,88.14814203632564,FALLIDO,2026-05-26
8261,600.0,102.03856220665463,EXITOSO,2026-05-26
8262,720.0,54.07765551044712,EXITOSO,2026-05-26
8263,889.0,13.457472810958137,FALLIDO,2026-05-26
8264,269.0,62.22750228282257,EXITOSO,2026-05-26
8265,601.0,32.44257843329685,EXITOSO,2026-05-26
8266,381.0,149.22746050914301,EXITOSO,2026-05-26
8267,118.0,53.672926975704875,EXITOSO,2026-05-26
8268,566.0,85.49835972419908,FALLIDO,2026-05-26
8269,953.0,128.09568140591762,EXITOSO,2026-05-26
8270,116.0,16.130032693338237,EXITOSO,2026-05-26
8271,630.0,-31.18919220544197,EXITOSO,2026-05-26
8272,260.0,79.60054997652438,EXITOSO,2026-05-26
8273,75.0,87.13309583134512,EXITOSO,2026-05-26
8274,480.0,43.43612795971309,EXITOSO,2026-05-26
8275,305.0,13.749870754274937,EXITOSO,2026-05-26
8276,7.0,72.39276422283714,EXITOSO,2026-05-26
8277,366.0,59.05013350891578,EXITOSO,2026-05-26
8278,634.0,72.88805723329168,EXITOSO,2026-05-26
8279,523.0,14.68176547114426,EXITOSO,2026-05-26
8280,348.0,72.99182346018395,EXITOSO,2026-05-26
8281,438.0,92.78141459249827,EXITOSO,2026-05-26
8282,215.0,-0.2355235593968601,EXITOSO,2026-05-26
8283,429.0,118.41666434658225,EXITOSO,2026-05-26
8284,791.0,70.17971096870752,EXITOSO,2026-05-26
8285,498.0,94.03777943660252,EXITOSO,2026-05-26
8286,540.0,8.842774850698333,EXITOSO,2026-05-26
8287,747.0,87.30339953509949,EXITOSO,2026-05-26
8288,367.0,-5.78567074818578,EXITOSO,2026-05-26
8289,313.0,22.070134933396638,EXITOSO,2026-05-26
8290,538.0,70.53469714010846,EXITOSO,2026-05-26
8291,921.0,48.96199338430539,FALLIDO,2026-05-26
8292,54.0,61.09988675088912,EXITOSO,2026-05-26
8293,541.0,137.09547373484477,EXITOSO,2026-05-26
8294,467.0,60.47257269290377,FALLIDO,2026-05-26
8295,865.0,88.38806875510348,EXITOSO,2026-05-26
8296,164.0,57.32936284816435,EXITOSO,2026-05-26
8297,782.0,56.14461187329241,EXITOSO,2026-05-26
8298,334.0,20.8692869308263,FALLIDO,2026-05-26
8299,547.0,74.72488901891873,EXITOSO,2026-05-26
8300,798.0,161.4191767474376,EXITOSO,2026-05-26
8301,348.0,63.51451893372912,EXITOSO,2026-05-26
8302,273.0,49.31967995142171,FALLIDO,2026-05-26
8303,963.0,105.60562240209225,EXITOSO,2026-05-26
8304,720.0,100.91210999846119,EXITOSO,2026-05-26
8305,750.0,77.56229588515035,EXITOSO,2026-05-26
8306,414.0,47.66524744203018,EXITOSO,2026-05-26
8307,500.0,105.77709838576496,FALLIDO,2026-05-26
8308,93.0,64.83720005647811,EXITOSO,2026-05-26
8309,685.0,96.55041608631578,FALLIDO,2026-05-26
8310,79.0,27.22810240733837,EXITOSO,2026-05-26
8311,622.0,36.53160367404851,EXITOSO,2026-05-26
8312,217.0,63.87520031394212,EXITOSO,2026-05-26
8313,947.0,10.591709379260834,EXITOSO,2026-05-26
8314,358.0,45.203958181279035,EXITOSO,2026-05-26
8315,618.0,8.818441947512866,EXITOSO,2026-05-26
8316,507.0,-1.790108604650733,EXITOSO,2026-05-26
8317,559.0,157.43970705865598,EXITOSO,2026-05-26
8318,181.0,35.64100955255933,EXITOSO,2026-05-26
8319,576.0,39.15868285648715,EXITOSO,2026-05-26
8320,246.0,63.20876395996569,EXITOSO,2026-05-26
8321,244.0,17.53049870340014,EXITOSO,2026-05-26
8322,506.0,39.93327708457079,EXITOSO,2026-05-26
8323,422.0,133.3763667400579,EXITOSO,2026-05-26
8324,320.0,74.32398331564988,EXITOSO,2026-05-26
8325,87.0,99.44326969728529,EXITOSO,2026-05-26
8326,217.0,122.94372133339792,FALLIDO,2026-05-26
8327,490.0,68.4259794545575,EXITOSO,2026-05-26
8328,519.0,51.150179737943205,EXITOSO,2026-05-26
8329,278.0,2.645821694468111,EXITOSO,2026-05-26
8330,849.0,44.684262129014144,EXITOSO,2026-05-26
8331,722.0,53.50008942657404,EXITOSO,2026-05-26
8332,169.0,27.708879613634927,EXITOSO,2026-05-26
8333,330.0,121.80901637485496,EXITOSO,2026-05-26
8334,650.0,104.09178251282043,EXITOSO,2026-05-26
8335,441.0,99.42168696305461,EXITOSO,2026-05-26
8336,391.0,55.351894389648876,EXITOSO,2026-05-26
8337,496.0,18.678725973832123,EXITOSO,2026-05-26
8338,381.0,113.12006056868401,FALLIDO,2026-05-26
8339,306.0,73.4144513869753,EXITOSO,2026-05-26
8340,742.0,90.92329489417101,EXITOSO,2026-05-26
8341,987.0,84.76989338332083,FALLIDO,2026-05-26
8342,820.0,72.4250901742866,EXITOSO,2026-05-26
8343,673.0,139.98463266032837,EXITOSO,2026-05-26
8344,513.0,33.70425310679809,EXITOSO,2026-05-26
8345,748.0,47.64281792635252,FALLIDO,2026-05-26
8346,949.0,125.64634407021286,EXITOSO,2026-05-26
8347,188.0,63.28253662029622,EXITOSO,2026-05-26
8348,930.0,54.96266266081932,FALLIDO,2026-05-26
8349,516.0,49.87971460804893,EXITOSO,2026-05-26
8350,913.0,87.17210451775037,EXITOSO,2026-05-26
8351,644.0,50.82860695647648,EXITOSO,2026-05-26
8352,427.0,46.33786671934814,EXITOSO,2026-05-26
8353,502.0,86.51262465600138,INVALIDO,2026-05-26
8354,730.0,63.7302866555215,EXITOSO,2026-05-26
8355,260.0,19.62212038982078,EXITOSO,2026-05-26
8356,513.0,61.28065670540951,FALLIDO,2026-05-26
8357,71.0,115.78126007851104,EXITOSO,2026-05-26
8358,478.0,90.61224583646495,EXITOSO,2026-05-26
8359,178.0,120.71918685694514,EXITOSO,2026-05-26
8360,457.0,30.74800283429822,EXITOSO,2026-05-26
8361,189.0,102.80919098988123,EXITOSO,2026-05-26
8362,291.0,34.05932536143443,FALLIDO,2026-05-26
8363,520.0,10.704283157562273,EXITOSO,2026-05-26
8364,765.0,27.877451330462243,FALLIDO,2026-05-26
8365,920.0,65.25641053577854,EXITOSO,2026-05-26
8366,979.0,101.1180619929392,INVALIDO,2026-05-26
8367,292.0,72.41662578346259,FALLIDO,2026-05-26
8368,946.0,53.86873282532436,EXITOSO,2026-05-26
8369,756.0,18.711544000543995,FALLIDO,2026-05-26
8370,635.0,88.21325326265008,EXITOSO,2026-05-26
8371,811.0,98.54490543157266,EXITOSO,2026-05-26
8372,283.0,71.93134426105556,EXITOSO,2026-05-26
8373,544.0,17.9072550404194,EXITOSO,2026-05-26
8374,846.0,92.3483651874215,EXITOSO,2026-05-26
8375,377.0,109.08978970379013,EXITOSO,2026-05-26
8376,658.0,121.320674879112,EXITOSO,2026-05-26
8377,156.0,42.49211977097133,EXITOSO,2026-05-26
8378,508.0,77.45219423204796,EXITOSO,2026-05-26
8379,413.0,38.61872967909662,FALLIDO,2026-05-26
8380,528.0,23.105542568863044,EXITOSO,2026-05-26
8381,355.0,123.32816713133317,EXITOSO,2026-05-26
8382,559.0,82.58268778708802,EXITOSO,2026-05-26
8383,763.0,111.70990526577316,FALLIDO,2026-05-26
8384,187.0,11.006996397160307,EXITOSO,2026-05-26
8385,31.0,71.53676299636135,EXITOSO,2026-05-26
8386,260.0,80.33196264599228,EXITOSO,2026-05-26
8387,421.0,26.7128550854149,EXITOSO,2026-05-26
8388,529.0,119.51353864100805,EXITOSO,2026-05-26
8389,551.0,50.17919529781724,EXITOSO,2026-05-26
8390,304.0,78.14541168469968,EXITOSO,2026-05-26
8391,942.0,37.989664693933314,FALLIDO,2026-05-26
8392,986.0,12.22369928571836,EXITOSO,2026-05-26
8393,944.0,96.52240376737265,EXITOSO,2026-05-26
8394,39.0,75.16284189617429,EXITOSO,2026-05-26
8395,489.0,69.49006748479157,EXITOSO,2026-05-26
8396,644.0,48.87325379608224,EXITOSO,2026-05-26
8397,542.0,74.07318573278408,EXITOSO,2026-05-26
8398,670.0,110.64949750489666,EXITOSO,2026-05-26
8399,278.0,32.647618434433944,EXITOSO,2026-05-26
8400,203.0,82.41090639955564,EXITOSO,2026-05-26
8401,66.0,68.09961004036238,EXITOSO,2026-05-26
8402,108.0,52.62341705216248,EXITOSO,2026-05-26
8403,268.0,-5.8222655799443,EXITOSO,2026-05-26
8404,222.0,59.520299457766455,EXITOSO,2026-05-26
8405,804.0,86.90754098434644,EXITOSO,2026-05-26
8406,530.0,72.9588967629963,EXITOSO,2026-05-26
8407,90.0,2.4530401043595305,EXITOSO,2026-05-26
8408,693.0,109.88220589814652,EXITOSO,2026-05-26
8409,255.0,125.91680661178982,EXITOSO,2026-05-26
8410,455.0,55.62010804073824,EXITOSO,2026-05-26
8411,253.0,152.44305363300572,EXITOSO,2026-05-26
8412,257.0,26.81799220391528,EXITOSO,2026-05-26
8413,383.0,9.1160406892091,EXITOSO,2026-05-26
8414,442.0,19.40712790772473,EXITOSO,2026-05-26
8415,858.0,69.80555086578404,FALLIDO,2026-05-26
8416,599.0,-11.133932447079303,EXITOSO,2026-05-26
8417,90.0,47.56348587163458,EXITOSO,2026-05-26
8418,749.0,177.3820133410075,EXITOSO,2026-05-26
8419,390.0,-0.15297635998959436,EXITOSO,2026-05-26
8420,582.0,38.11561961666783,EXITOSO,2026-05-26
8421,44.0,18.557267997043894,EXITOSO,2026-05-26
8422,712.0,48.60731462864135,FALLIDO,2026-05-26
8423,664.0,46.07371517762114,EXITOSO,2026-05-26
8424,598.0,33.21755081068213,EXITOSO,2026-05-26
8425,19.0,53.74780958522082,EXITOSO,2026-05-26
8426,101.0,85.32822358206069,FALLIDO,2026-05-26
8427,914.0,115.4138335920506,EXITOSO,2026-05-26
8428,607.0,48.62298055546112,EXITOSO,2026-05-26
8429,766.0,60.231406440348785,EXITOSO,2026-05-26
8430,357.0,78.53023313518842,EXITOSO,2026-05-26
8431,542.0,10.568863334780147,EXITOSO,2026-05-26
8432,761.0,53.89395995352097,EXITOSO,2026-05-26
8433,938.0,39.778780087495605,EXITOSO,2026-05-26
8434,33.0,98.07731895035415,EXITOSO,2026-05-26
8435,970.0,130.07301807943327,FALLIDO,2026-05-26
8436,229.0,28.917498673478867,FALLIDO,2026-05-26
8437,524.0,111.1996092048303,EXITOSO,2026-05-26
8438,630.0,1.6651022743428001,EXITOSO,2026-05-26
8439,862.0,68.02694738569889,EXITOSO,2026-05-26
8440,155.0,70.3998723829057,EXITOSO,2026-05-26
8441,423.0,0.6434222461221779,EXITOSO,2026-05-26
8442,905.0,26.86292873632874,EXITOSO,2026-05-26
8443,246.0,22.971166181227545,EXITOSO,2026-05-26
8444,405.0,7.544030819598895,EXITOSO,2026-05-26
8445,844.0,-46.64871641294931,EXITOSO,2026-05-26
8446,759.0,51.710022070748956,EXITOSO,2026-05-26
8447,541.0,56.52904660771065,EXITOSO,2026-05-26
8448,161.0,56.21498109578359,EXITOSO,2026-05-26
8449,747.0,90.62824417855406,FALLIDO,2026-05-26
8450,702.0,-17.513252782382708,EXITOSO,2026-05-26
8451,117.0,44.757995284835985,EXITOSO,2026-05-26
8452,271.0,162.39911623417743,EXITOSO,2026-05-26
8453,770.0,95.47023651851148,EXITOSO,2026-05-26
8454,692.0,95.69854676910782,EXITOSO,2026-05-26
8455,487.0,19.336221524690373,EXITOSO,2026-05-26
8456,885.0,52.16384382721407,EXITOSO,2026-05-26
8457,172.0,-31.994426383895487,FALLIDO,2026-05-26
8458,950.0,83.41929229216728,FALLIDO,2026-05-26
8459,274.0,116.01196274759074,EXITOSO,2026-05-26
8460,259.0,2.008095642318551,EXITOSO,2026-05-26
8461,135.0,13.644627109057083,EXITOSO,2026-05-26
8462,683.0,58.71887865983105,EXITOSO,2026-05-26
8463,722.0,66.13176007524102,EXITOSO,2026-05-26
8464,748.0,38.330980838112445,EXITOSO,2026-05-26
8465,422.0,27.38521683429765,EXITOSO,2026-05-26
8466,421.0,27.813709471434834,EXITOSO,2026-05-26
8467,186.0,58.038752247408084,EXITOSO,2026-05-26
8468,929.0,83.44548773861447,EXITOSO,2026-05-26
8469,364.0,58.027910225157214,EXITOSO,2026-05-26
8470,955.0,54.20560829668423,EXITOSO,2026-05-26
8471,607.0,-10.370171050894172,EXITOSO,2026-05-26
8472,378.0,94.68234701486328,EXITOSO,2026-05-26
8473,523.0,57.94439288012304,EXITOSO,2026-05-26
8474,580.0,42.53495073653867,EXITOSO,2026-05-26
8475,891.0,70.20553361750798,EXITOSO,2026-05-26
8476,722.0,26.247605721803673,EXITOSO,2026-05-26
8477,196.0,43.36562887697201,EXITOSO,2026-05-26
8478,881.0,64.30350576299692,EXITOSO,2026-05-26
8479,98.0,32.85781225314271,EXITOSO,2026-05-26
8480,605.0,-5.827015206949383,EXITOSO,2026-05-26
8481,984.0,-12.338887336327446,EXITOSO,2026-05-26
8482,22.0,77.82931284415801,EXITOSO,2026-05-26
8483,450.0,58.75564852877629,EXITOSO,2026-05-26
8484,172.0,57.341210745146306,EXITOSO,2026-05-26
8485,383.0,13.52789097211702,EXITOSO,2026-05-26
8486,134.0,59.17802659450818,FALLIDO,2026-05-26
8487,426.0,43.9818163116079,EXITOSO,2026-05-26
8488,25.0,35.99752486914524,EXITOSO,2026-05-26
8489,503.0,56.99796981919418,EXITOSO,2026-05-26
8490,185.0,71.85723732771478,EXITOSO,2026-05-26
8491,85.0,129.99611936816996,EXITOSO,2026-05-26
8492,567.0,82.61173266872845,EXITOSO,2026-05-26
8493,763.0,94.30250728007266,EXITOSO,2026-05-26
8494,144.0,104.1862028149859,FALLIDO,2026-05-26
8495,863.0,29.439095089240666,EXITOSO,2026-05-26
8496,910.0,47.16461716131377,EXITOSO,2026-05-26
8497,679.0,23.803578872718333,EXITOSO,2026-05-26
8498,412.0,32.72712390658383,EXITOSO,2026-05-26
8499,224.0,42.870303034885985,EXITOSO,2026-05-26
8500,220.0,31.773788703215104,EXITOSO,2026-05-26
8501,179.0,68.96409829582636,EXITOSO,2026-05-26
8502,631.0,77.31372524159012,EXITOSO,2026-05-26
8503,433.0,7.754293386558487,EXITOSO,2026-05-26
8504,265.0,47.51672595263011,EXITOSO,2026-05-26
8505,954.0,47.95473496888219,EXITOSO,2026-05-26
8506,429.0,1.1037468409603548,EXITOSO,2026-05-26
8507,662.0,29.354183351082575,EXITOSO,2026-05-26
8508,416.0,94.9380932461652,EXITOSO,2026-05-26
8509,453.0,94.42310037920237,EXITOSO,2026-05-26
8510,727.0,-5.167593825027836,EXITOSO,2026-05-26
8511,197.0,78.88516028648311,INVALIDO,2026-05-26
8512,554.0,1.1885049199141733,EXITOSO,2026-05-26
8513,53.0,43.94070423743826,EXITOSO,2026-05-26
8514,480.0,56.1072280923057,EXITOSO,2026-05-26
8515,443.0,90.111014819325,EXITOSO,2026-05-26
8516,330.0,53.016480400111625,EXITOSO,2026-05-26
8517,251.0,19.445502637605486,EXITOSO,2026-05-26
8518,807.0,12.642338374913358,EXITOSO,2026-05-26
8519,890.0,66.71954669826624,EXITOSO,2026-05-26
8520,783.0,34.648021240237696,EXITOSO,2026-05-26
8521,967.0,43.65225535558504,EXITOSO,2026-05-26
8522,925.0,98.81858373903874,EXITOSO,2026-05-26
8523,123.0,77.39591724597561,EXITOSO,2026-05-26
8524,879.0,123.47583374353275,EXITOSO,2026-05-26
8525,387.0,19.27210317292281,EXITOSO,2026-05-26
8526,339.0,31.632341089476416,EXITOSO,2026-05-26
8527,778.0,67.34749317515848,EXITOSO,2026-05-26
8528,348.0,132.75190039665802,EXITOSO,2026-05-26
8529,29.0,28.205384558162066,EXITOSO,2026-05-26
8530,975.0,61.53642584819358,EXITOSO,2026-05-26
8531,35.0,112.84920371031683,EXITOSO,2026-05-26
8532,518.0,61.99684060564478,EXITOSO,2026-05-26
8533,396.0,100.80015418544656,EXITOSO,2026-05-26
8534,623.0,138.29957690742907,EXITOSO,2026-05-26
8535,294.0,71.80495345211364,EXITOSO,2026-05-26
8536,589.0,78.33922495205533,EXITOSO,2026-05-26
8537,349.0,89.7178025152048,EXITOSO,2026-05-26
8538,147.0,23.825140084011828,EXITOSO,2026-05-26
8539,67.0,0.7373311250458698,EXITOSO,2026-05-26
8540,904.0,66.33809566385138,FALLIDO,2026-05-26
8541,520.0,34.99482488701736,EXITOSO,2026-05-26
8542,122.0,102.11032879854496,EXITOSO,2026-05-26
8543,340.0,72.57188641476566,EXITOSO,2026-05-26
8544,175.0,101.43245613374111,EXITOSO,2026-05-26
8545,900.0,11.93404400608781,EXITOSO,2026-05-26
8546,691.0,100.06145733974813,EXITOSO,2026-05-26
8547,597.0,-31.950331390247413,EXITOSO,2026-05-26
8548,451.0,15.215594232229236,EXITOSO,2026-05-26
8549,557.0,85.28953757366986,FALLIDO,2026-05-26
8550,136.0,39.89754331566039,EXITOSO,2026-05-26
8551,855.0,43.747930213147704,EXITOSO,2026-05-26
8552,16.0,64.28937110122281,EXITOSO,2026-05-26
8553,333.0,116.8782002852178,EXITOSO,2026-05-26
8554,195.0,-16.870779059816826,EXITOSO,2026-05-26
8555,496.0,109.94825450791447,EXITOSO,2026-05-26
8556,9.0,112.29840476565488,EXITOSO,2026-05-26
8557,828.0,39.82505512154556,EXITOSO,2026-05-26
8558,334.0,32.20460772046495,EXITOSO,2026-05-26
8559,333.0,55.2811729401319,EXITOSO,2026-05-26
8560,327.0,31.353131895955123,EXITOSO,2026-05-26
8561,15.0,73.79106281811315,EXITOSO,2026-05-26
8562,839.0,79.00049001407329,EXITOSO,2026-05-26
8563,614.0,-2.156380983094614,EXITOSO,2026-05-26
8564,226.0,23.1857529811585,EXITOSO,2026-05-26
8565,425.0,12.594438837645015,EXITOSO,2026-05-26
8566,790.0,68.5874995879008,EXITOSO,2026-05-26
8567,408.0,94.8932843761347,EXITOSO,2026-05-26
8568,113.0,17.06258024669072,EXITOSO,2026-05-26
8569,997.0,94.61104424705321,EXITOSO,2026-05-26
8570,428.0,23.00801977636337,EXITOSO,2026-05-26
8571,1.0,88.74487839850526,EXITOSO,2026-05-26
8572,266.0,48.6507428189635,EXITOSO,2026-05-26
8573,491.0,42.33197177076223,EXITOSO,2026-05-26
8574,208.0,105.69802149906862,EXITOSO,2026-05-26
8575,622.0,131.50762924232356,EXITOSO,2026-05-26
8576,712.0,-17.669977662606996,EXITOSO,2026-05-26
8577,952.0,83.97742719097667,EXITOSO,2026-05-26
8578,369.0,67.09336968673176,EXITOSO,2026-05-26
8579,985.0,86.31530030001429,EXITOSO,2026-05-26
8580,306.0,2.45942942544864,EXITOSO,2026-05-26
8581,12.0,16.62717378546104,FALLIDO,2026-05-26
8582,345.0,33.14281099741409,EXITOSO,2026-05-26
8583,465.0,68.5226307480531,EXITOSO,2026-05-26
8584,700.0,30.693849981302982,EXITOSO,2026-05-26
8585,666.0,47.079084432250625,EXITOSO,2026-05-26
8586,494.0,93.22111690198432,EXITOSO,2026-05-26
8587,368.0,141.95254476393336,EXITOSO,2026-05-26
8588,846.0,90.36801037412746,EXITOSO,2026-05-26
8589,937.0,94.37580817355514,EXITOSO,2026-05-26
8590,420.0,52.72595821919868,EXITOSO,2026-05-26
8591,889.0,24.375863909143114,EXITOSO,2026-05-26
8592,791.0,46.96168029085956,FALLIDO,2026-05-26
8593,171.0,57.6839099444861,EXITOSO,2026-05-26
8594,134.0,13.59448740922494,EXITOSO,2026-05-26
8595,965.0,92.60482741811245,FALLIDO,2026-05-26
8596,427.0,120.77802138275487,FALLIDO,2026-05-26
8597,25.0,64.89687698868978,EXITOSO,2026-05-26
8598,530.0,103.36295909000475,EXITOSO,2026-05-26
8599,190.0,108.33728572181818,EXITOSO,2026-05-26
8600,141.0,18.61399106623565,EXITOSO,2026-05-26
8601,555.0,-9.512241340005616,EXITOSO,2026-05-26
8602,846.0,40.03936659529661,EXITOSO,2026-05-26
8603,796.0,63.835307965126866,EXITOSO,2026-05-26
8604,658.0,12.154729769073356,EXITOSO,2026-05-26
8605,315.0,116.88894330713538,EXITOSO,2026-05-26
8606,444.0,137.95206261002346,EXITOSO,2026-05-26
8607,319.0,67.16787792909366,EXITOSO,2026-05-26
8608,441.0,20.7281070237594,EXITOSO,2026-05-26
8609,92.0,79.45181394022862,EXITOSO,2026-05-26
8610,179.0,20.60238842592444,EXITOSO,2026-05-26
8611,56.0,105.72374196083463,FALLIDO,2026-05-26
8612,155.0,50.74273635012022,EXITOSO,2026-05-26
8613,672.0,89.09011424716356,FALLIDO,2026-05-26
8614,111.0,96.0758904395836,EXITOSO,2026-05-26
8615,137.0,81.51832055360775,FALLIDO,2026-05-26
8616,232.0,131.41122919086644,EXITOSO,2026-05-26
8617,992.0,67.13092464385684,EXITOSO,2026-05-26
8618,468.0,39.87218732202825,EXITOSO,2026-05-26
8619,732.0,-24.0875820460616,EXITOSO,2026-05-26
8620,481.0,-31.358448970567622,EXITOSO,2026-05-26
8621,68.0,86.08152420888274,EXITOSO,2026-05-26
8622,814.0,52.64623765316745,EXITOSO,2026-05-26
8623,249.0,27.384167724200296,FALLIDO,2026-05-26
8624,994.0,15.443793244422388,EXITOSO,2026-05-26
8625,323.0,89.63817346685865,EXITOSO,2026-05-26
8626,922.0,20.658598162155094,EXITOSO,2026-05-26
8627,904.0,125.22643948568627,EXITOSO,2026-05-26
8628,518.0,154.03946462938418,EXITOSO,2026-05-26
8629,976.0,23.998527520257163,EXITOSO,2026-05-26
8630,792.0,86.79300581704939,EXITOSO,2026-05-26
8631,432.0,77.60086374035956,EXITOSO,2026-05-26
8632,487.0,20.494047588709783,EXITOSO,2026-05-26
8633,606.0,20.720476932421143,EXITOSO,2026-05-26
8634,429.0,55.09635112582041,EXITOSO,2026-05-26
8635,269.0,14.46442273242787,EXITOSO,2026-05-26
8636,709.0,103.65027843924638,EXITOSO,2026-05-26
8637,537.0,50.15557944568749,FALLIDO,2026-05-26
8638,148.0,15.174865346446879,EXITOSO,2026-05-26
8639,118.0,56.44042564466537,EXITOSO,2026-05-26
8640,850.0,78.65693202969408,EXITOSO,2026-05-26
8641,367.0,31.02209287820242,EXITOSO,2026-05-26
8642,850.0,-19.723647678117175,EXITOSO,2026-05-26
8643,66.0,65.05471083049336,EXITOSO,2026-05-26
8644,970.0,11.320014688209511,EXITOSO,2026-05-26
8645,813.0,28.25006667821563,EXITOSO,2026-05-26
8646,370.0,78.76420679596316,FALLIDO,2026-05-26
8647,175.0,36.48404417385554,EXITOSO,2026-05-26
8648,831.0,54.355528528030696,EXITOSO,2026-05-26
8649,588.0,118.12204394549042,EXITOSO,2026-05-26
8650,495.0,45.918506585790325,EXITOSO,2026-05-26
8651,973.0,140.85264570280432,EXITOSO,2026-05-26
8652,114.0,89.59658578940093,EXITOSO,2026-05-26
8653,111.0,22.745027927610884,EXITOSO,2026-05-26
8654,761.0,40.94585542084961,EXITOSO,2026-05-26
8655,439.0,9.494284598377895,EXITOSO,2026-05-26
8656,715.0,85.49825599720586,EXITOSO,2026-05-26
8657,147.0,112.98058388354043,EXITOSO,2026-05-26
8658,35.0,45.664246415564264,EXITOSO,2026-05-26
8659,999.0,-14.455790157680198,EXITOSO,2026-05-26
8660,309.0,74.41879079855784,EXITOSO,2026-05-26
8661,538.0,25.52068413713141,FALLIDO,2026-05-26
8662,750.0,31.573239235517654,EXITOSO,2026-05-26
8663,14.0,72.46108664241765,EXITOSO,2026-05-26
8664,374.0,109.27936481277737,EXITOSO,2026-05-26
8665,557.0,89.58006912481547,EXITOSO,2026-05-26
8666,428.0,77.1800395317527,EXITOSO,2026-05-26
8667,728.0,53.709915896538234,EXITOSO,2026-05-26
8668,233.0,7.182561533775804,EXITOSO,2026-05-26
8669,705.0,73.91768467994487,EXITOSO,2026-05-26
8670,563.0,88.70919858769952,EXITOSO,2026-05-26
8671,939.0,36.19670613761651,FALLIDO,2026-05-26
8672,887.0,45.34546151883549,EXITOSO,2026-05-26
8673,726.0,104.40207696732948,EXITOSO,2026-05-26
8674,663.0,44.30097920199391,EXITOSO,2026-05-26
8675,440.0,49.177574050278984,FALLIDO,2026-05-26
8676,502.0,56.464007520256374,EXITOSO,2026-05-26
8677,275.0,86.62230331757685,FALLIDO,2026-05-26
8678,850.0,71.73324816952906,EXITOSO,2026-05-26
8679,76.0,68.77052001791992,EXITOSO,2026-05-26
8680,439.0,120.71477252009123,EXITOSO,2026-05-26
8681,732.0,43.619243064892785,EXITOSO,2026-05-26
8682,860.0,21.978643875172715,EXITOSO,2026-05-26
8683,956.0,100.88392218983799,EXITOSO,2026-05-26
8684,699.0,69.237264005648,EXITOSO,2026-05-26
8685,289.0,36.43015213759797,EXITOSO,2026-05-26
8686,915.0,45.60538344880932,EXITOSO,2026-05-26
8687,540.0,9.04279891477863,EXITOSO,2026-05-26
8688,891.0,69.2672073115261,EXITOSO,2026-05-26
8689,692.0,1.5431585611094363,EXITOSO,2026-05-26
8690,253.0,87.28112230523186,FALLIDO,2026-05-26
8691,126.0,39.10397138582829,EXITOSO,2026-05-26
8692,177.0,4.238767931679973,EXITOSO,2026-05-26
8693,37.0,103.88995146764873,EXITOSO,2026-05-26
8694,410.0,150.25577551119903,EXITOSO,2026-05-26
8695,611.0,77.49282035354334,EXITOSO,2026-05-26
8696,610.0,48.58316654890123,EXITOSO,2026-05-26
8697,127.0,21.597266207317205,EXITOSO,2026-05-26
8698,483.0,70.47338448420474,EXITOSO,2026-05-26
8699,168.0,85.46931053599297,EXITOSO,2026-05-26
8700,592.0,60.27572605982558,EXITOSO,2026-05-26
8701,294.0,95.81751691973619,EXITOSO,2026-05-26
8702,845.0,120.55558750816259,EXITOSO,2026-05-26
8703,638.0,9.612471973732532,EXITOSO,2026-05-26
8704,343.0,71.76197206876297,EXITOSO,2026-05-26
8705,310.0,-16.133279976928975,EXITOSO,2026-05-26
8706,662.0,27.438047807006633,EXITOSO,2026-05-26
8707,528.0,88.79455831800567,EXITOSO,2026-05-26
8708,540.0,58.12779698452124,EXITOSO,2026-05-26
8709,419.0,-4.435936782660818,EXITOSO,2026-05-26
8710,444.0,101.99644656041593,FALLIDO,2026-05-26
8711,685.0,38.27064842473444,EXITOSO,2026-05-26
8712,558.0,94.03548915032562,EXITOSO,2026-05-26
8713,840.0,80.5072789893993,EXITOSO,2026-05-26
8714,236.0,26.674888757043057,FALLIDO,2026-05-26
8715,439.0,94.75624471322446,EXITOSO,2026-05-26
8716,214.0,72.74466560797836,EXITOSO,2026-05-26
8717,85.0,67.00190733075407,FALLIDO,2026-05-26
8718,794.0,41.273951038571255,EXITOSO,2026-05-26
8719,744.0,15.891038420822682,EXITOSO,2026-05-26
8720,85.0,43.25279744779877,EXITOSO,2026-05-26
8721,921.0,42.38206613395941,EXITOSO,2026-05-26
8722,489.0,94.06475874930837,EXITOSO,2026-05-26
8723,65.0,-5.959382321977358,EXITOSO,2026-05-26
8724,646.0,118.82859559867433,EXITOSO,2026-05-26
8725,663.0,121.0238167022028,FALLIDO,2026-05-26
8726,627.0,34.35984789905217,EXITOSO,2026-05-26
8727,64.0,116.06295242686052,EXITOSO,2026-05-26
8728,343.0,19.776724516582583,EXITOSO,2026-05-26
8729,939.0,105.08502187360884,EXITOSO,2026-05-26
8730,875.0,27.213637828010988,EXITOSO,2026-05-26
8731,919.0,101.33747563549244,EXITOSO,2026-05-26
8732,352.0,2.5042707955695818,EXITOSO,2026-05-26
8733,158.0,103.31409114062467,EXITOSO,2026-05-26
8734,589.0,111.5432228843846,INVALIDO,2026-05-26
8735,491.0,1.2170790492821482,EXITOSO,2026-05-26
8736,658.0,130.2903777190461,EXITOSO,2026-05-26
8737,855.0,100.73986006899162,EXITOSO,2026-05-26
8738,463.0,-19.919683129207385,FALLIDO,2026-05-26
8739,225.0,40.40158924080522,EXITOSO,2026-05-26
8740,917.0,101.50407222723007,FALLIDO,2026-05-26
8741,313.0,88.9244644739418,EXITOSO,2026-05-26
8742,615.0,64.47150279509111,FALLIDO,2026-05-26
8743,919.0,97.11858599597102,EXITOSO,2026-05-26
8744,859.0,25.03883271266878,EXITOSO,2026-05-26
8745,813.0,61.894517608561394,EXITOSO,2026-05-26
8746,940.0,26.17675207189255,EXITOSO,2026-05-26
8747,466.0,65.39237040488885,FALLIDO,2026-05-26
8748,88.0,100.04123832102295,EXITOSO,2026-05-26
8749,883.0,91.26241918526435,EXITOSO,2026-05-26
8750,303.0,68.91558950204941,EXITOSO,2026-05-26
8751,680.0,99.58775002383247,EXITOSO,2026-05-26
8752,435.0,103.52712055026855,EXITOSO,2026-05-26
8753,682.0,131.8929148585029,EXITOSO,2026-05-26
8754,135.0,106.6987281819035,FALLIDO,2026-05-26
8755,50.0,86.25692072311112,FALLIDO,2026-05-26
8756,432.0,97.36365418575195,EXITOSO,2026-05-26
8757,340.0,69.74237657105542,EXITOSO,2026-05-26
8758,347.0,48.8020226802663,EXITOSO,2026-05-26
8759,646.0,94.70435308414106,EXITOSO,2026-05-26
8760,347.0,90.2849734290022,EXITOSO,2026-05-26
8761,649.0,71.67821090691442,EXITOSO,2026-05-26
8762,245.0,52.21623223361458,EXITOSO,2026-05-26
8763,109.0,49.997845758117,EXITOSO,2026-05-26
8764,825.0,43.65157889040804,EXITOSO,2026-05-26
8765,799.0,110.22831302339324,EXITOSO,2026-05-26
8766,533.0,107.13707833950626,EXITOSO,2026-05-26
8767,90.0,105.42007587434809,EXITOSO,2026-05-26
8768,296.0,17.925656310205042,EXITOSO,2026-05-26
8769,112.0,45.62836641739928,EXITOSO,2026-05-26
8770,813.0,49.704349008089885,EXITOSO,2026-05-26
8771,589.0,35.75422119359018,EXITOSO,2026-05-26
8772,177.0,134.50380394404692,EXITOSO,2026-05-26
8773,343.0,76.01857822197374,EXITOSO,2026-05-26
8774,660.0,73.14436767614836,EXITOSO,2026-05-26
8775,101.0,41.36318658353707,EXITOSO,2026-05-26
8776,758.0,94.48367948592562,EXITOSO,2026-05-26
8777,629.0,147.66147038649711,EXITOSO,2026-05-26
8778,604.0,63.23804089585562,EXITOSO,2026-05-26
8779,401.0,50.65940793820536,EXITOSO,2026-05-26
8780,28.0,56.37659428846085,EXITOSO,2026-05-26
8781,937.0,47.117922788211544,EXITOSO,2026-05-26
8782,962.0,59.885357422398116,EXITOSO,2026-05-26
8783,537.0,35.54103953403332,EXITOSO,2026-05-26
8784,58.0,24.538046796415912,EXITOSO,2026-05-26
8785,498.0,59.15043769691977,EXITOSO,2026-05-26
8786,297.0,63.24394415647641,EXITOSO,2026-05-26
8787,134.0,49.07541747847992,EXITOSO,2026-05-26
8788,331.0,118.27913144785313,EXITOSO,2026-05-26
8789,249.0,76.61962601256184,EXITOSO,2026-05-26
8790,550.0,89.69832591276756,EXITOSO,2026-05-26
8791,902.0,90.76089383134948,EXITOSO,2026-05-26
8792,941.0,64.185837843235,EXITOSO,2026-05-26
8793,75.0,68.7460586000932,EXITOSO,2026-05-26
8794,654.0,25.593292326334982,EXITOSO,2026-05-26
8795,834.0,86.23931385517147,EXITOSO,2026-05-26
8796,168.0,46.667412211389596,EXITOSO,2026-05-26
8797,771.0,34.40994472744973,EXITOSO,2026-05-26
8798,503.0,112.07863949579593,INVALIDO,2026-05-26
8799,885.0,6.710357848556832,EXITOSO,2026-05-26
8800,355.0,128.76303102668456,EXITOSO,2026-05-26
8801,225.0,125.59722625425448,EXITOSO,2026-05-26
8802,664.0,51.110357179506096,EXITOSO,2026-05-26
8803,531.0,131.40796314159695,EXITOSO,2026-05-26
8804,146.0,24.4662946485697,EXITOSO,2026-05-26
8805,960.0,99.76355778041184,EXITOSO,2026-05-26
8806,241.0,60.671985432397534,EXITOSO,2026-05-26
8807,884.0,-12.25575495792667,EXITOSO,2026-05-26
8808,893.0,34.75956175661153,EXITOSO,2026-05-26
8809,344.0,53.01989239897833,EXITOSO,2026-05-26
8810,749.0,91.16025246796748,EXITOSO,2026-05-26
8811,35.0,40.91670357665928,EXITOSO,2026-05-26
8812,702.0,49.074191223585245,EXITOSO,2026-05-26
8813,1.0,81.63935288807872,EXITOSO,2026-05-26
8814,996.0,79.5238400681535,FALLIDO,2026-05-26
8815,153.0,56.33097657344901,EXITOSO,2026-05-26
8816,429.0,47.886182913591526,EXITOSO,2026-05-26
8817,945.0,97.57225854512082,EXITOSO,2026-05-26
8818,508.0,47.661333986775276,EXITOSO,2026-05-26
8819,126.0,12.424559061385054,EXITOSO,2026-05-26
8820,491.0,44.22398202405306,EXITOSO,2026-05-26
8821,482.0,81.87266683358814,EXITOSO,2026-05-26
8822,345.0,54.02837553027105,EXITOSO,2026-05-26
8823,912.0,39.889443105431994,EXITOSO,2026-05-26
8824,738.0,9.807875956495728,EXITOSO,2026-05-26
8825,221.0,54.242533554035845,FALLIDO,2026-05-26
8826,915.0,69.11651399412372,EXITOSO,2026-05-26
8827,919.0,19.704623505117205,EXITOSO,2026-05-26
8828,723.0,52.42851465408908,EXITOSO,2026-05-26
8829,25.0,16.244174327484586,EXITOSO,2026-05-26
8830,528.0,54.84886795119633,FALLIDO,2026-05-26
8831,182.0,129.01981448710825,EXITOSO,2026-05-26
8832,499.0,66.86853098027089,EXITOSO,2026-05-26
8833,841.0,-3.262934609841679,EXITOSO,2026-05-26
8834,641.0,73.245211125787,EXITOSO,2026-05-26
8835,42.0,112.47256732776505,EXITOSO,2026-05-26
8836,915.0,4.637739550406579,FALLIDO,2026-05-26
8837,481.0,18.18027130730311,EXITOSO,2026-05-26
8838,930.0,70.33393910415859,EXITOSO,2026-05-26
8839,848.0,56.51538189390663,EXITOSO,2026-05-26
8840,748.0,108.44677481466832,FALLIDO,2026-05-26
8841,872.0,52.77451788899293,EXITOSO,2026-05-26
8842,439.0,93.01789995956946,EXITOSO,2026-05-26
8843,402.0,121.12413050851961,EXITOSO,2026-05-26
8844,546.0,25.296425968985993,EXITOSO,2026-05-26
8845,345.0,89.90689101111407,EXITOSO,2026-05-26
8846,893.0,43.965542697156486,EXITOSO,2026-05-26
8847,45.0,-28.609430017019832,INVALIDO,2026-05-26
8848,646.0,79.05503351268868,EXITOSO,2026-05-26
8849,21.0,83.97764141611013,EXITOSO,2026-05-26
8850,634.0,-1.9697079371561443,EXITOSO,2026-05-26
8851,70.0,41.842831381158845,EXITOSO,2026-05-26
8852,864.0,35.079793720063044,EXITOSO,2026-05-26
8853,873.0,92.39950984389407,INVALIDO,2026-05-26
8854,48.0,-1.967657343870755,EXITOSO,2026-05-26
8855,491.0,64.27035217101349,EXITOSO,2026-05-26
8856,551.0,-33.5877353230905,EXITOSO,2026-05-26
8857,287.0,75.18039131101523,FALLIDO,2026-05-26
8858,10.0,65.00515856801937,EXITOSO,2026-05-26
8859,542.0,39.56157568027461,EXITOSO,2026-05-26
8860,756.0,117.13188901963916,EXITOSO,2026-05-26
8861,274.0,-44.92599622296572,EXITOSO,2026-05-26
8862,956.0,59.273802936330206,EXITOSO,2026-05-26
8863,600.0,107.90394234464735,EXITOSO,2026-05-26
8864,756.0,65.15234316509633,EXITOSO,2026-05-26
8865,381.0,114.64264590650205,FALLIDO,2026-05-26
8866,329.0,41.9770615365875,EXITOSO,2026-05-26
8867,479.0,53.31357971800267,EXITOSO,2026-05-26
8868,15.0,109.33027726879949,INVALIDO,2026-05-26
8869,516.0,95.78214962100115,EXITOSO,2026-05-26
8870,191.0,155.9701323262701,EXITOSO,2026-05-26
8871,168.0,64.11267149016781,EXITOSO,2026-05-26
8872,521.0,68.00985703756828,EXITOSO,2026-05-26
8873,621.0,41.54399699905224,EXITOSO,2026-05-26
8874,137.0,51.837848515072885,EXITOSO,2026-05-26
8875,154.0,103.12262253570425,EXITOSO,2026-05-26
8876,388.0,59.98938513690777,EXITOSO,2026-05-26
8877,209.0,27.708340255440483,EXITOSO,2026-05-26
8878,272.0,44.95792738408901,EXITOSO,2026-05-26
8879,143.0,56.386856590046946,EXITOSO,2026-05-26
8880,611.0,30.29954925487563,EXITOSO,2026-05-26
8881,889.0,41.681634273750745,EXITOSO,2026-05-26
8882,820.0,20.00822819875794,EXITOSO,2026-05-26
8883,69.0,43.09580793637818,EXITOSO,2026-05-26
8884,247.0,106.64836603899391,EXITOSO,2026-05-26
8885,261.0,61.935575809291635,FALLIDO,2026-05-26
8886,788.0,158.45277574564233,EXITOSO,2026-05-26
8887,79.0,29.4453842803669,EXITOSO,2026-05-26
8888,658.0,79.41977981355322,FALLIDO,2026-05-26
8889,623.0,68.88823294325536,FALLIDO,2026-05-26
8890,770.0,86.01758048936094,EXITOSO,2026-05-26
8891,605.0,35.75723232037116,EXITOSO,2026-05-26
8892,525.0,45.2613931626322,FALLIDO,2026-05-26
8893,772.0,76.29023126189949,EXITOSO,2026-05-26
8894,938.0,39.81322974382423,EXITOSO,2026-05-26
8895,621.0,-10.938775987059259,EXITOSO,2026-05-26
8896,330.0,112.41806220173757,EXITOSO,2026-05-26
8897,189.0,95.52380257293137,EXITOSO,2026-05-26
8898,95.0,43.314507961209145,EXITOSO,2026-05-26
8899,617.0,68.73268772281298,EXITOSO,2026-05-26
8900,8.0,100.27322171652278,EXITOSO,2026-05-26
8901,67.0,113.76884931199427,EXITOSO,2026-05-26
8902,496.0,64.17037236061552,FALLIDO,2026-05-26
8903,191.0,36.58562422090389,EXITOSO,2026-05-26
8904,366.0,118.57073822220116,EXITOSO,2026-05-26
8905,768.0,63.7887701645455,EXITOSO,2026-05-26
8906,521.0,54.1120797396965,EXITOSO,2026-05-26
8907,990.0,70.52852921447722,EXITOSO,2026-05-26
8908,117.0,106.18906878940811,EXITOSO,2026-05-26
8909,267.0,58.44805142233538,EXITOSO,2026-05-26
8910,611.0,99.43997067745096,EXITOSO,2026-05-26
8911,485.0,51.658313819974296,FALLIDO,2026-05-26
8912,509.0,84.3622138497661,EXITOSO,2026-05-26
8913,298.0,22.076464544888125,EXITOSO,2026-05-26
8914,909.0,102.78437649826216,EXITOSO,2026-05-26
8915,164.0,32.9583358358765,EXITOSO,2026-05-26
8916,376.0,78.37148390749446,EXITOSO,2026-05-26
8917,653.0,0.5372709496027355,EXITOSO,2026-05-26
8918,268.0,60.992573252660335,EXITOSO,2026-05-26
8919,549.0,67.52492767445911,FALLIDO,2026-05-26
8920,74.0,32.74696716230551,EXITOSO,2026-05-26
8921,508.0,55.60901443599295,EXITOSO,2026-05-26
8922,73.0,70.48403346071125,INVALIDO,2026-05-26
8923,308.0,82.53074610179709,EXITOSO,2026-05-26
8924,199.0,64.00572434260344,EXITOSO,2026-05-26
8925,130.0,113.297753123132,EXITOSO,2026-05-26
8926,758.0,106.33049182320136,EXITOSO,2026-05-26
8927,824.0,58.775154744127086,EXITOSO,2026-05-26
8928,572.0,6.78676588213186,EXITOSO,2026-05-26
8929,791.0,40.51695140564585,EXITOSO,2026-05-26
8930,615.0,-29.16503584230746,EXITOSO,2026-05-26
8931,808.0,52.6748055488264,EXITOSO,2026-05-26
8932,832.0,116.07013769216138,FALLIDO,2026-05-26
8933,487.0,91.64034839092874,EXITOSO,2026-05-26
8934,853.0,63.340421996038884,EXITOSO,2026-05-26
8935,151.0,30.901427773042922,EXITOSO,2026-05-26
8936,669.0,64.89217160354092,EXITOSO,2026-05-26
8937,206.0,145.24909904394687,EXITOSO,2026-05-26
8938,986.0,119.50794415418304,EXITOSO,2026-05-26
8939,179.0,53.988189575954664,EXITOSO,2026-05-26
8940,197.0,0.7221194770928889,EXITOSO,2026-05-26
8941,735.0,148.32385182115323,INVALIDO,2026-05-26
8942,89.0,30.84640164983563,EXITOSO,2026-05-26
8943,799.0,81.20301350397537,EXITOSO,2026-05-26
8944,434.0,-2.348674627712157,EXITOSO,2026-05-26
8945,788.0,47.07661079223371,EXITOSO,2026-05-26
8946,748.0,-2.511335866108965,EXITOSO,2026-05-26
8947,183.0,13.524582560174458,EXITOSO,2026-05-26
8948,209.0,23.01138001971406,EXITOSO,2026-05-26
8949,493.0,79.08018108060179,EXITOSO,2026-05-26
8950,130.0,56.15639296010388,FALLIDO,2026-05-26
8951,665.0,168.49036428196356,EXITOSO,2026-05-26
8952,13.0,105.35189301048305,FALLIDO,2026-05-26
8953,634.0,106.21964179509746,EXITOSO,2026-05-26
8954,871.0,80.1467015512878,EXITOSO,2026-05-26
8955,732.0,71.04207928787537,EXITOSO,2026-05-26
8956,106.0,107.56229288250765,EXITOSO,2026-05-26
8957,375.0,-35.248850597444374,EXITOSO,2026-05-26
8958,582.0,35.111560668477395,EXITOSO,2026-05-26
8959,707.0,5.580227906059044,EXITOSO,2026-05-26
8960,698.0,-15.371567451940379,EXITOSO,2026-05-26
8961,99.0,29.252210581267594,EXITOSO,2026-05-26
8962,594.0,14.08849568922247,EXITOSO,2026-05-26
8963,587.0,107.76784358974481,EXITOSO,2026-05-26
8964,886.0,63.665281147476996,EXITOSO,2026-05-26
8965,852.0,-20.398564393036963,EXITOSO,2026-05-26
8966,192.0,72.56166117233893,EXITOSO,2026-05-26
8967,325.0,19.512263241393022,EXITOSO,2026-05-26
8968,979.0,62.491809249709036,EXITOSO,2026-05-26
8969,726.0,75.74886733995311,EXITOSO,2026-05-26
8970,827.0,29.980704448810776,EXITOSO,2026-05-26
8971,956.0,68.6943934855366,EXITOSO,2026-05-26
8972,467.0,76.08293706989392,FALLIDO,2026-05-26
8973,894.0,53.429160169722685,EXITOSO,2026-05-26
8974,367.0,31.215016218744502,EXITOSO,2026-05-26
8975,318.0,60.12569671999188,EXITOSO,2026-05-26
8976,144.0,54.420557292195845,EXITOSO,2026-05-26
8977,384.0,72.66083112133049,EXITOSO,2026-05-26
8978,216.0,49.44907900396129,EXITOSO,2026-05-26
8979,361.0,12.319208672921114,EXITOSO,2026-05-26
8980,324.0,53.23963879755556,EXITOSO,2026-05-26
8981,15.0,73.06710653493667,EXITOSO,2026-05-26
8982,217.0,67.40542083257016,EXITOSO,2026-05-26
8983,492.0,55.562949794083316,EXITOSO,2026-05-26
8984,951.0,40.53548041185948,EXITOSO,2026-05-26
8985,547.0,38.4662989129058,EXITOSO,2026-05-26
8986,183.0,42.618303783296454,EXITOSO,2026-05-26
8987,270.0,103.04640783649242,INVALIDO,2026-05-26
8988,945.0,22.085975013496338,EXITOSO,2026-05-26
8989,467.0,63.63958386816564,EXITOSO,2026-05-26
8990,870.0,9.68008491393634,EXITOSO,2026-05-26
8991,612.0,90.58929144676532,EXITOSO,2026-05-26
8992,519.0,38.55469147951613,EXITOSO,2026-05-26
8993,542.0,26.975481700730228,EXITOSO,2026-05-26
8994,467.0,68.61794155633112,EXITOSO,2026-05-26
8995,305.0,-38.429927917464425,EXITOSO,2026-05-26
8996,985.0,8.020918172578405,EXITOSO,2026-05-26
8997,144.0,74.43636349041053,EXITOSO,2026-05-26
8998,111.0,100.58424384700109,EXITOSO,2026-05-26
8999,232.0,78.03749262801429,EXITOSO,2026-05-26
9000,691.0,65.57731854518264,EXITOSO,2026-05-26
9001,584.0,156.41536631743804,EXITOSO,2026-05-26
9002,722.0,79.65601118179049,EXITOSO,2026-05-26
9003,732.0,18.21948334408507,EXITOSO,2026-05-26
9004,592.0,100.98647188926222,EXITOSO,2026-05-26
9005,500.0,34.35861086364347,EXITOSO,2026-05-26
9006,595.0,31.670494511636846,EXITOSO,2026-05-26
9007,554.0,4.762685584851624,EXITOSO,2026-05-26
9008,273.0,43.54342231585406,FALLIDO,2026-05-26
9009,703.0,10.820200781897043,EXITOSO,2026-05-26
9010,173.0,82.2969842013671,FALLIDO,2026-05-26
9011,973.0,54.9833790693871,EXITOSO,2026-05-26
9012,7.0,5.5618434882106556,EXITOSO,2026-05-26
9013,155.0,56.75826681353919,EXITOSO,2026-05-26
9014,522.0,99.75325041325621,FALLIDO,2026-05-26
9015,546.0,124.89045488220488,EXITOSO,2026-05-26
9016,548.0,-11.584618449920484,INVALIDO,2026-05-26
9017,921.0,28.866183016637894,EXITOSO,2026-05-26
9018,518.0,8.425988038625754,EXITOSO,2026-05-26
9019,920.0,74.14204243392923,FALLIDO,2026-05-26
9020,914.0,3.6435836047685086,INVALIDO,2026-05-26
9021,215.0,102.3694019151063,EXITOSO,2026-05-26
9022,134.0,108.14771653638222,FALLIDO,2026-05-26
9023,285.0,92.72474868620291,EXITOSO,2026-05-26
9024,126.0,31.308504311773664,FALLIDO,2026-05-26
9025,921.0,33.82722271324418,FALLIDO,2026-05-26
9026,439.0,41.73411106309216,FALLIDO,2026-05-26
9027,849.0,104.20300559479753,FALLIDO,2026-05-26
9028,686.0,-7.921290979171118,EXITOSO,2026-05-26
9029,152.0,75.4449646347942,EXITOSO,2026-05-26
9030,331.0,22.662049592558816,EXITOSO,2026-05-26
9031,538.0,43.22316925663555,EXITOSO,2026-05-26
9032,383.0,89.44573792131254,EXITOSO,2026-05-26
9033,115.0,-0.6178530226160106,EXITOSO,2026-05-26
9034,894.0,48.89037964457092,EXITOSO,2026-05-26
9035,482.0,54.84651552479046,EXITOSO,2026-05-26
9036,284.0,58.50430646800671,EXITOSO,2026-05-26
9037,899.0,55.87275739339274,EXITOSO,2026-05-26
9038,75.0,82.26633138838929,EXITOSO,2026-05-26
9039,166.0,41.920417748937155,EXITOSO,2026-05-26
9040,189.0,74.6146774854106,EXITOSO,2026-05-26
9041,78.0,73.19355336252534,EXITOSO,2026-05-26
9042,947.0,71.44274250273408,EXITOSO,2026-05-26
9043,602.0,81.11354756840387,EXITOSO,2026-05-26
9044,688.0,71.28321595700594,EXITOSO,2026-05-26
9045,21.0,56.41309364011959,EXITOSO,2026-05-26
9046,566.0,9.242110614469333,EXITOSO,2026-05-26
9047,184.0,114.28747203201607,EXITOSO,2026-05-26
9048,871.0,127.78502434041157,EXITOSO,2026-05-26
9049,222.0,45.623714160255915,EXITOSO,2026-05-26
9050,827.0,78.25631405416978,EXITOSO,2026-05-26
9051,328.0,38.095484838970556,EXITOSO,2026-05-26
9052,179.0,31.19120871266807,EXITOSO,2026-05-26
9053,788.0,62.21263245349207,EXITOSO,2026-05-26
9054,112.0,172.29823328197375,EXITOSO,2026-05-26
9055,736.0,123.81388044011459,EXITOSO,2026-05-26
9056,726.0,117.82134364070458,EXITOSO,2026-05-26
9057,59.0,80.7508765737293,EXITOSO,2026-05-26
9058,327.0,23.298996737281257,EXITOSO,2026-05-26
9059,905.0,101.4726261544015,EXITOSO,2026-05-26
9060,621.0,-53.688275081569856,EXITOSO,2026-05-26
9061,897.0,75.63498628525753,EXITOSO,2026-05-26
9062,669.0,103.91511750876747,EXITOSO,2026-05-26
9063,191.0,66.05937018979431,EXITOSO,2026-05-26
9064,200.0,126.37489521121887,EXITOSO,2026-05-26
9065,312.0,2.964492987735248,FALLIDO,2026-05-26
9066,708.0,124.02782628820859,EXITOSO,2026-05-26
9067,35.0,53.69153180657101,FALLIDO,2026-05-26
9068,379.0,118.03131112812883,FALLIDO,2026-05-26
9069,387.0,100.80787489837093,EXITOSO,2026-05-26
9070,758.0,120.56282048219741,EXITOSO,2026-05-26
9071,237.0,99.01862040172787,EXITOSO,2026-05-26
9072,616.0,87.67739836075432,INVALIDO,2026-05-26
9073,519.0,114.64655008140285,EXITOSO,2026-05-26
9074,283.0,62.21917429932065,FALLIDO,2026-05-26
9075,1.0,84.0936686366907,EXITOSO,2026-05-26
9076,731.0,59.85528197724504,FALLIDO,2026-05-26
9077,464.0,32.56667163434025,EXITOSO,2026-05-26
9078,230.0,81.07785021460657,FALLIDO,2026-05-26
9079,967.0,67.86983203597812,EXITOSO,2026-05-26
9080,172.0,110.27896963615159,EXITOSO,2026-05-26
9081,87.0,52.309824311422666,EXITOSO,2026-05-26
9082,553.0,29.572342080587312,EXITOSO,2026-05-26
9083,123.0,109.72038120646681,EXITOSO,2026-05-26
9084,843.0,62.53364348334172,EXITOSO,2026-05-26
9085,298.0,28.350834446437943,EXITOSO,2026-05-26
9086,885.0,115.56183946942491,EXITOSO,2026-05-26
9087,929.0,97.07042830220863,EXITOSO,2026-05-26
9088,690.0,133.95329995059447,EXITOSO,2026-05-26
9089,575.0,46.36341588442532,EXITOSO,2026-05-26
9090,484.0,40.767368500626404,EXITOSO,2026-05-26
9091,165.0,16.53713559797972,EXITOSO,2026-05-26
9092,699.0,37.3237993485268,EXITOSO,2026-05-26
9093,383.0,44.54559492032501,FALLIDO,2026-05-26
9094,209.0,87.32005858138186,EXITOSO,2026-05-26
9095,739.0,22.82520802962557,EXITOSO,2026-05-26
9096,432.0,33.46652650442244,EXITOSO,2026-05-26
9097,389.0,127.86629212972878,EXITOSO,2026-05-26
9098,560.0,-57.237249609439246,EXITOSO,2026-05-26
9099,224.0,79.21042371150128,EXITOSO,2026-05-26
9100,3.0,8.383335488984088,EXITOSO,2026-05-26
9101,372.0,27.789914440045123,EXITOSO,2026-05-26
9102,687.0,116.93446950521988,EXITOSO,2026-05-26
9103,446.0,62.86306177186914,FALLIDO,2026-05-26
9104,611.0,166.28304345141586,EXITOSO,2026-05-26
9105,116.0,85.07250508979142,FALLIDO,2026-05-26
9106,270.0,26.813045009371898,EXITOSO,2026-05-26
9107,447.0,82.30956078658737,EXITOSO,2026-05-26
9108,368.0,105.19889661562684,EXITOSO,2026-05-26
9109,253.0,80.87730715081024,EXITOSO,2026-05-26
9110,317.0,51.385563788346246,EXITOSO,2026-05-26
9111,415.0,-7.642295705149223,EXITOSO,2026-05-26
9112,95.0,47.10216305854987,EXITOSO,2026-05-26
9113,785.0,126.70465368817474,EXITOSO,2026-05-26
9114,892.0,28.131329378404438,EXITOSO,2026-05-26
9115,24.0,43.52715585583695,EXITOSO,2026-05-26
9116,628.0,99.73156860358051,INVALIDO,2026-05-26
9117,663.0,84.78810118651897,EXITOSO,2026-05-26
9118,850.0,7.604014613569767,EXITOSO,2026-05-26
9119,50.0,55.65532921725034,EXITOSO,2026-05-26
9120,502.0,116.27878727732322,EXITOSO,2026-05-26
9121,718.0,61.059143141425736,EXITOSO,2026-05-26
9122,498.0,117.2492401977246,EXITOSO,2026-05-26
9123,335.0,119.51103181668812,EXITOSO,2026-05-26
9124,79.0,22.893597578820966,EXITOSO,2026-05-26
9125,582.0,48.19819787665871,EXITOSO,2026-05-26
9126,27.0,86.30414226382169,EXITOSO,2026-05-26
9127,271.0,-1.5074406165735255,EXITOSO,2026-05-26
9128,562.0,51.07802162861695,EXITOSO,2026-05-26
9129,804.0,81.84745446869816,EXITOSO,2026-05-26
9130,247.0,35.109957952091,EXITOSO,2026-05-26
9131,776.0,83.52428313323375,EXITOSO,2026-05-26
9132,591.0,35.993092964811254,FALLIDO,2026-05-26
9133,387.0,35.5499152857465,FALLIDO,2026-05-26
9134,702.0,89.76743674967095,EXITOSO,2026-05-26
9135,559.0,114.72179732893096,EXITOSO,2026-05-26
9136,973.0,31.57021524508313,EXITOSO,2026-05-26
9137,361.0,11.54558594243754,EXITOSO,2026-05-26
9138,866.0,58.50974097018468,EXITOSO,2026-05-26
9139,984.0,78.67606409907667,EXITOSO,2026-05-26
9140,488.0,31.170914834004037,EXITOSO,2026-05-26
9141,352.0,126.42754889670233,EXITOSO,2026-05-26
9142,701.0,54.12638671907406,EXITOSO,2026-05-26
9143,928.0,30.825274534087225,EXITOSO,2026-05-26
9144,256.0,137.26808316339117,EXITOSO,2026-05-26
9145,222.0,110.66169378441859,EXITOSO,2026-05-26
9146,884.0,30.90286695540291,EXITOSO,2026-05-26
9147,753.0,102.68563278765662,EXITOSO,2026-05-26
9148,781.0,33.766234504762366,EXITOSO,2026-05-26
9149,1.0,90.70306046771744,EXITOSO,2026-05-26
9150,546.0,131.09297709410723,EXITOSO,2026-05-26
9151,446.0,11.646490174752628,EXITOSO,2026-05-26
9152,79.0,38.489193992982436,FALLIDO,2026-05-26
9153,236.0,39.36675638349328,EXITOSO,2026-05-26
9154,334.0,70.62433576394544,EXITOSO,2026-05-26
9155,889.0,78.93337997203403,INVALIDO,2026-05-26
9156,349.0,56.43599959238705,EXITOSO,2026-05-26
9157,98.0,-7.273577422667145,EXITOSO,2026-05-26
9158,82.0,10.75957225490582,EXITOSO,2026-05-26
9159,502.0,24.65805076084677,EXITOSO,2026-05-26
9160,967.0,82.3958680101101,EXITOSO,2026-05-26
9161,477.0,4.195586247659797,EXITOSO,2026-05-26
9162,927.0,23.452683209240476,EXITOSO,2026-05-26
9163,704.0,14.654289880572534,FALLIDO,2026-05-26
9164,765.0,73.65218374505538,EXITOSO,2026-05-26
9165,921.0,105.26968357522111,FALLIDO,2026-05-26
9166,550.0,66.16616265701123,EXITOSO,2026-05-26
9167,14.0,139.7401310361963,EXITOSO,2026-05-26
9168,392.0,66.15794050696155,EXITOSO,2026-05-26
9169,347.0,56.234188352889284,EXITOSO,2026-05-26
9170,310.0,28.63311831875148,EXITOSO,2026-05-26
9171,386.0,68.11958870677309,EXITOSO,2026-05-26
9172,209.0,26.928961967421998,EXITOSO,2026-05-26
9173,357.0,20.84091632926284,FALLIDO,2026-05-26
9174,974.0,19.69754065124335,EXITOSO,2026-05-26
9175,601.0,51.03090151487277,EXITOSO,2026-05-26
9176,568.0,39.99589989052082,EXITOSO,2026-05-26
9177,94.0,166.18935589668885,EXITOSO,2026-05-26
9178,93.0,68.37519811158569,EXITOSO,2026-05-26
9179,340.0,67.7168029990091,FALLIDO,2026-05-26
9180,597.0,37.92173147056684,EXITOSO,2026-05-26
9181,445.0,182.61898108224872,EXITOSO,2026-05-26
9182,757.0,23.04208872797038,EXITOSO,2026-05-26
9183,22.0,41.051610463450245,EXITOSO,2026-05-26
9184,291.0,99.96842831617303,EXITOSO,2026-05-26
9185,485.0,68.09405593245282,EXITOSO,2026-05-26
9186,784.0,9.07856420610188,EXITOSO,2026-05-26
9187,306.0,61.09169506635245,EXITOSO,2026-05-26
9188,634.0,87.18738585682468,EXITOSO,2026-05-26
9189,128.0,80.48078417191567,EXITOSO,2026-05-26
9190,625.0,86.4473690506313,EXITOSO,2026-05-26
9191,939.0,147.4279155635272,FALLIDO,2026-05-26
9192,273.0,70.86120371292074,EXITOSO,2026-05-26
9193,848.0,91.82577834161428,EXITOSO,2026-05-26
9194,442.0,-36.967120153115275,EXITOSO,2026-05-26
9195,503.0,134.62259602748918,EXITOSO,2026-05-26
9196,130.0,62.59997623321023,EXITOSO,2026-05-26
9197,132.0,25.279774579574045,EXITOSO,2026-05-26
9198,597.0,52.19087421184431,EXITOSO,2026-05-26
9199,935.0,86.5008747667213,EXITOSO,2026-05-26
9200,482.0,101.38994103579262,EXITOSO,2026-05-26
9201,862.0,56.19010444850119,FALLIDO,2026-05-26
9202,390.0,84.05767887693881,FALLIDO,2026-05-26
9203,593.0,49.47131942401607,EXITOSO,2026-05-26
9204,999.0,79.66509456892932,FALLIDO,2026-05-26
9205,985.0,68.25091968782435,FALLIDO,2026-05-26
9206,325.0,72.03304028182366,EXITOSO,2026-05-26
9207,69.0,47.561429688394675,EXITOSO,2026-05-26
9208,660.0,76.14633239918295,EXITOSO,2026-05-26
9209,448.0,26.93813600463053,FALLIDO,2026-05-26
9210,528.0,67.7847459148003,EXITOSO,2026-05-26
9211,819.0,34.62130517819379,EXITOSO,2026-05-26
9212,617.0,20.253476737963638,EXITOSO,2026-05-26
9213,165.0,31.777488041807544,EXITOSO,2026-05-26
9214,488.0,51.67899108123676,EXITOSO,2026-05-26
9215,713.0,38.86112120041054,EXITOSO,2026-05-26
9216,709.0,75.85145242969256,FALLIDO,2026-05-26
9217,426.0,63.18767839942079,EXITOSO,2026-05-26
9218,697.0,100.58241797431714,EXITOSO,2026-05-26
9219,834.0,56.62150584161613,EXITOSO,2026-05-26
9220,265.0,67.22748234129514,EXITOSO,2026-05-26
9221,875.0,134.63684962450702,EXITOSO,2026-05-26
9222,612.0,42.44658005649464,INVALIDO,2026-05-26
9223,342.0,48.59390918586256,EXITOSO,2026-05-26
9224,832.0,108.13953701713373,EXITOSO,2026-05-26
9225,726.0,21.72692472060332,FALLIDO,2026-05-26
9226,278.0,112.61496970936155,FALLIDO,2026-05-26
9227,674.0,50.52410037180785,EXITOSO,2026-05-26
9228,439.0,26.667929898313382,EXITOSO,2026-05-26
9229,157.0,96.20865316270421,EXITOSO,2026-05-26
9230,422.0,49.954947782427055,EXITOSO,2026-05-26
9231,251.0,132.97150021347096,EXITOSO,2026-05-26
9232,878.0,63.24630608292732,EXITOSO,2026-05-26
9233,609.0,62.95544037049137,EXITOSO,2026-05-26
9234,530.0,36.55589913106511,FALLIDO,2026-05-26
9235,327.0,54.12942812004835,EXITOSO,2026-05-26
9236,961.0,49.09424768439971,EXITOSO,2026-05-26
9237,895.0,113.255294457097,EXITOSO,2026-05-26
9238,97.0,71.58410264185953,EXITOSO,2026-05-26
9239,513.0,88.2220298954416,EXITOSO,2026-05-26
9240,216.0,63.93987978648679,EXITOSO,2026-05-26
9241,132.0,43.561917279419006,EXITOSO,2026-05-26
9242,260.0,74.8396369518373,EXITOSO,2026-05-26
9243,125.0,123.6298713490626,EXITOSO,2026-05-26
9244,82.0,18.064282550475767,EXITOSO,2026-05-26
9245,283.0,76.77924919751251,EXITOSO,2026-05-26
9246,683.0,119.86325604261827,EXITOSO,2026-05-26
9247,59.0,27.409088936376065,FALLIDO,2026-05-26
9248,544.0,96.88045300989327,EXITOSO,2026-05-26
9249,161.0,96.92683338308728,EXITOSO,2026-05-26
9250,284.0,8.228773521435258,EXITOSO,2026-05-26
9251,106.0,104.41745876278728,EXITOSO,2026-05-26
9252,105.0,36.23527997750108,EXITOSO,2026-05-26
9253,439.0,74.35399559775063,FALLIDO,2026-05-26
9254,228.0,100.96564730608249,EXITOSO,2026-05-26
9255,700.0,108.00324755749375,EXITOSO,2026-05-26
9256,582.0,-1.4339805864288024,EXITOSO,2026-05-26
9257,318.0,131.54410012498184,EXITOSO,2026-05-26
9258,464.0,116.71712910756163,EXITOSO,2026-05-26
9259,802.0,102.07736481466483,EXITOSO,2026-05-26
9260,599.0,74.45911854382959,EXITOSO,2026-05-26
9261,882.0,42.57208480202723,FALLIDO,2026-05-26
9262,874.0,16.672726633848207,EXITOSO,2026-05-26
9263,472.0,-4.95361352339674,EXITOSO,2026-05-26
9264,56.0,85.78144024938115,EXITOSO,2026-05-26
9265,625.0,102.05723024649946,EXITOSO,2026-05-26
9266,13.0,56.61514712563181,FALLIDO,2026-05-26
9267,440.0,41.561019744762476,EXITOSO,2026-05-26
9268,18.0,62.79651349991525,EXITOSO,2026-05-26
9269,694.0,34.38447081131012,EXITOSO,2026-05-26
9270,973.0,60.86438783492953,EXITOSO,2026-05-26
9271,113.0,32.08937685747401,EXITOSO,2026-05-26
9272,229.0,84.48157257904234,EXITOSO,2026-05-26
9273,171.0,109.75478052872745,EXITOSO,2026-05-26
9274,295.0,80.34025500962042,EXITOSO,2026-05-26
9275,189.0,56.78138141263352,EXITOSO,2026-05-26
9276,426.0,99.56522844607736,FALLIDO,2026-05-26
9277,977.0,60.75625251971236,EXITOSO,2026-05-26
9278,79.0,98.29394894616911,EXITOSO,2026-05-26
9279,658.0,34.55424157003462,FALLIDO,2026-05-26
9280,919.0,39.73050304220298,FALLIDO,2026-05-26
9281,182.0,20.447406384123667,EXITOSO,2026-05-26
9282,499.0,41.380968359334176,EXITOSO,2026-05-26
9283,798.0,99.25586259588492,FALLIDO,2026-05-26
9284,762.0,25.130094588437956,INVALIDO,2026-05-26
9285,866.0,-32.18240161497248,EXITOSO,2026-05-26
9286,826.0,43.41941572607708,FALLIDO,2026-05-26
9287,708.0,13.050834110276107,EXITOSO,2026-05-26
9288,835.0,39.8235573142447,EXITOSO,2026-05-26
9289,71.0,144.27478095970508,EXITOSO,2026-05-26
9290,248.0,24.44122193056488,EXITOSO,2026-05-26
9291,146.0,85.341357279106,EXITOSO,2026-05-26
9292,618.0,56.79138978676035,EXITOSO,2026-05-26
9293,775.0,74.89922652779002,EXITOSO,2026-05-26
9294,296.0,39.62958667885127,EXITOSO,2026-05-26
9295,582.0,106.45385330833419,FALLIDO,2026-05-26
9296,470.0,77.07389366613377,EXITOSO,2026-05-26
9297,506.0,78.1854157224699,EXITOSO,2026-05-26
9298,193.0,63.95575836378258,EXITOSO,2026-05-26
9299,68.0,110.23844942551293,EXITOSO,2026-05-26
9300,494.0,82.40606442699743,INVALIDO,2026-05-26
9301,817.0,74.83618865063413,EXITOSO,2026-05-26
9302,52.0,86.10580571162274,EXITOSO,2026-05-26
9303,882.0,-10.39911566958638,EXITOSO,2026-05-26
9304,363.0,67.51042014754776,EXITOSO,2026-05-26
9305,797.0,57.43904998402178,EXITOSO,2026-05-26
9306,917.0,106.74336708163176,EXITOSO,2026-05-26
9307,474.0,31.958840104548777,FALLIDO,2026-05-26
9308,846.0,68.04423039968191,EXITOSO,2026-05-26
9309,521.0,136.9536198146256,EXITOSO,2026-05-26
9310,763.0,58.97139838275541,EXITOSO,2026-05-26
9311,431.0,6.789048108264446,EXITOSO,2026-05-26
9312,844.0,146.95760204124528,EXITOSO,2026-05-26
9313,298.0,31.37812251562091,EXITOSO,2026-05-26
9314,435.0,18.40888048394529,EXITOSO,2026-05-26
9315,696.0,19.98558950808124,EXITOSO,2026-05-26
9316,691.0,89.10657975783602,EXITOSO,2026-05-26
9317,198.0,111.91119894625938,EXITOSO,2026-05-26
9318,128.0,130.41612055810532,EXITOSO,2026-05-26
9319,532.0,60.61280516244604,EXITOSO,2026-05-26
9320,984.0,20.525052120191262,EXITOSO,2026-05-26
9321,411.0,37.20220271939334,EXITOSO,2026-05-26
9322,934.0,61.34336330916943,EXITOSO,2026-05-26
9323,840.0,59.15260114557222,EXITOSO,2026-05-26
9324,65.0,112.33192666848504,EXITOSO,2026-05-26
9325,694.0,7.2954523946895335,EXITOSO,2026-05-26
9326,241.0,15.380953922190493,EXITOSO,2026-05-26
9327,369.0,47.60760851352012,EXITOSO,2026-05-26
9328,536.0,74.76816569964407,EXITOSO,2026-05-26
9329,384.0,42.29374932483511,EXITOSO,2026-05-26
9330,431.0,39.036683633985476,EXITOSO,2026-05-26
9331,967.0,106.94985677227947,EXITOSO,2026-05-26
9332,83.0,78.87812225551559,EXITOSO,2026-05-26
9333,982.0,20.611088901116872,EXITOSO,2026-05-26
9334,831.0,39.61166796587632,EXITOSO,2026-05-26
9335,697.0,80.67268138893958,EXITOSO,2026-05-26
9336,951.0,9.559106168475111,EXITOSO,2026-05-26
9337,828.0,80.42932483674377,EXITOSO,2026-05-26
9338,611.0,46.24807654995399,EXITOSO,2026-05-26
9339,574.0,74.51233106210746,EXITOSO,2026-05-26
9340,286.0,64.79457911020313,EXITOSO,2026-05-26
9341,989.0,15.305827415626027,EXITOSO,2026-05-26
9342,534.0,34.535211724517126,EXITOSO,2026-05-26
9343,459.0,117.89603993399514,EXITOSO,2026-05-26
9344,212.0,154.85287232351385,EXITOSO,2026-05-26
9345,126.0,-9.889687507415402,EXITOSO,2026-05-26
9346,413.0,101.7249246400057,EXITOSO,2026-05-26
9347,499.0,71.8246695514054,EXITOSO,2026-05-26
9348,425.0,143.29133025897232,EXITOSO,2026-05-26
9349,554.0,37.65952623641306,EXITOSO,2026-05-26
9350,610.0,95.93135202201493,EXITOSO,2026-05-26
9351,961.0,47.894270145744386,FALLIDO,2026-05-26
9352,543.0,111.25612841889763,EXITOSO,2026-05-26
9353,158.0,152.45151459277452,EXITOSO,2026-05-26
9354,112.0,68.52260883914887,EXITOSO,2026-05-26
9355,402.0,14.441504696084316,EXITOSO,2026-05-26
9356,759.0,116.55491091720032,EXITOSO,2026-05-26
9357,122.0,82.61928678721777,EXITOSO,2026-05-26
9358,273.0,75.12131013434343,EXITOSO,2026-05-26
9359,294.0,123.32954432234729,EXITOSO,2026-05-26
9360,398.0,14.49454120534297,EXITOSO,2026-05-26
9361,471.0,31.352722206613628,EXITOSO,2026-05-26
9362,985.0,83.77061380038197,EXITOSO,2026-05-26
9363,207.0,30.460862918967216,EXITOSO,2026-05-26
9364,110.0,47.359624980504236,EXITOSO,2026-05-26
9365,440.0,110.99070781112411,EXITOSO,2026-05-26
9366,278.0,77.31814262114342,EXITOSO,2026-05-26
9367,963.0,12.846896433397667,EXITOSO,2026-05-26
9368,568.0,76.32143270303683,EXITOSO,2026-05-26
9369,887.0,109.56292830527863,EXITOSO,2026-05-26
9370,915.0,66.86152250065714,EXITOSO,2026-05-26
9371,569.0,94.87194125934391,EXITOSO,2026-05-26
9372,940.0,39.319590392648436,EXITOSO,2026-05-26
9373,482.0,70.39513385928086,FALLIDO,2026-05-26
9374,803.0,-3.070571703177862,EXITOSO,2026-05-26
9375,114.0,85.18929118654576,EXITOSO,2026-05-26
9376,893.0,74.40522357900525,EXITOSO,2026-05-26
9377,897.0,8.389371150506705,EXITOSO,2026-05-26
9378,820.0,120.83517047361858,EXITOSO,2026-05-26
9379,853.0,82.8453742008365,EXITOSO,2026-05-26
9380,477.0,32.2930152765414,EXITOSO,2026-05-26
9381,710.0,86.24510384651032,EXITOSO,2026-05-26
9382,933.0,20.622586649033046,EXITOSO,2026-05-26
9383,321.0,26.154494214790944,EXITOSO,2026-05-26
9384,179.0,20.830747193742674,EXITOSO,2026-05-26
9385,897.0,19.675927864801785,EXITOSO,2026-05-26
9386,219.0,77.50451376804696,EXITOSO,2026-05-26
9387,789.0,63.780981992483234,EXITOSO,2026-05-26
9388,949.0,89.9288487667697,FALLIDO,2026-05-26
9389,528.0,-52.78743506784912,EXITOSO,2026-05-26
9390,492.0,44.33842408668082,EXITOSO,2026-05-26
9391,891.0,44.90381016307795,EXITOSO,2026-05-26
9392,61.0,62.105371566754144,EXITOSO,2026-05-26
9393,54.0,61.07086954329347,EXITOSO,2026-05-26
9394,680.0,69.12341179237623,EXITOSO,2026-05-26
9395,538.0,63.55258664817351,EXITOSO,2026-05-26
9396,848.0,41.648099714211824,EXITOSO,2026-05-26
9397,988.0,44.018149692535886,EXITOSO,2026-05-26
9398,65.0,57.88723212084021,EXITOSO,2026-05-26
9399,612.0,80.18573283544308,INVALIDO,2026-05-26
9400,586.0,63.40391589260674,EXITOSO,2026-05-26
9401,704.0,28.59260398506233,INVALIDO,2026-05-26
9402,171.0,26.474947360830193,EXITOSO,2026-05-26
9403,273.0,80.39582237008645,EXITOSO,2026-05-26
9404,889.0,90.29570847596547,EXITOSO,2026-05-26
9405,699.0,102.84056945762549,EXITOSO,2026-05-26
9406,535.0,40.36295677328019,FALLIDO,2026-05-26
9407,391.0,-15.107344145612387,EXITOSO,2026-05-26
9408,940.0,75.26579181763867,EXITOSO,2026-05-26
9409,693.0,31.37472595016839,FALLIDO,2026-05-26
9410,327.0,55.86518561114766,FALLIDO,2026-05-26
9411,108.0,65.92919548756134,EXITOSO,2026-05-26
9412,847.0,82.14598656088344,EXITOSO,2026-05-26
9413,162.0,95.72795388719281,EXITOSO,2026-05-26
9414,814.0,106.78539574581612,EXITOSO,2026-05-26
9415,452.0,112.77274074566532,FALLIDO,2026-05-26
9416,206.0,64.16185701086279,EXITOSO,2026-05-26
9417,590.0,-7.545709382746054,EXITOSO,2026-05-26
9418,16.0,35.61838124660654,FALLIDO,2026-05-26
9419,327.0,116.32504345405289,EXITOSO,2026-05-26
9420,608.0,65.95038231792573,FALLIDO,2026-05-26
9421,659.0,147.13498440093954,EXITOSO,2026-05-26
9422,2.0,44.840584112622246,EXITOSO,2026-05-26
9423,10.0,152.51452142696337,EXITOSO,2026-05-26
9424,434.0,59.939664589240316,EXITOSO,2026-05-26
9425,125.0,43.20986873594643,EXITOSO,2026-05-26
9426,81.0,31.533338415623625,EXITOSO,2026-05-26
9427,485.0,86.39415908081125,EXITOSO,2026-05-26
9428,652.0,3.4778418885350533,EXITOSO,2026-05-26
9429,838.0,38.00977080333098,EXITOSO,2026-05-26
9430,150.0,57.89673271338481,EXITOSO,2026-05-26
9431,800.0,-30.313471541681892,EXITOSO,2026-05-26
9432,873.0,56.10256495995107,EXITOSO,2026-05-26
9433,340.0,128.8198609556112,EXITOSO,2026-05-26
9434,129.0,77.27820121958624,EXITOSO,2026-05-26
9435,438.0,33.67817382010672,EXITOSO,2026-05-26
9436,751.0,40.884987782927055,EXITOSO,2026-05-26
9437,501.0,73.4858165789012,EXITOSO,2026-05-26
9438,58.0,39.570114603245386,EXITOSO,2026-05-26
9439,198.0,78.74239196327768,EXITOSO,2026-05-26
9440,211.0,38.4409916593289,EXITOSO,2026-05-26
9441,914.0,19.028292579693755,EXITOSO,2026-05-26
9442,902.0,107.23181715238692,EXITOSO,2026-05-26
9443,45.0,88.36159070812327,EXITOSO,2026-05-26
9444,97.0,-15.53717877724138,EXITOSO,2026-05-26
9445,279.0,46.52567303181793,EXITOSO,2026-05-26
9446,535.0,101.71756717947912,EXITOSO,2026-05-26
9447,410.0,53.35437440276533,EXITOSO,2026-05-26
9448,461.0,36.77802912884763,EXITOSO,2026-05-26
9449,391.0,49.898235111396616,FALLIDO,2026-05-26
9450,847.0,64.43669631976377,EXITOSO,2026-05-26
9451,44.0,52.81457194046366,FALLIDO,2026-05-26
9452,27.0,56.69293292560499,EXITOSO,2026-05-26
9453,794.0,54.00240880930145,EXITOSO,2026-05-26
9454,97.0,21.055263569414123,EXITOSO,2026-05-26
9455,975.0,18.9936173939775,EXITOSO,2026-05-26
9456,548.0,16.401758954503755,EXITOSO,2026-05-26
9457,621.0,63.65998041829558,EXITOSO,2026-05-26
9458,567.0,83.31062123474166,EXITOSO,2026-05-26
9459,704.0,22.34787332109383,FALLIDO,2026-05-26
9460,219.0,-0.004793207645541031,EXITOSO,2026-05-26
9461,185.0,25.147236153180557,EXITOSO,2026-05-26
9462,69.0,116.09614169462395,FALLIDO,2026-05-26
9463,829.0,47.47564535938756,INVALIDO,2026-05-26
9464,130.0,51.436602134974805,EXITOSO,2026-05-26
9465,567.0,28.091480835734547,FALLIDO,2026-05-26
9466,890.0,82.86823226343671,EXITOSO,2026-05-26
9467,609.0,55.06657126504523,EXITOSO,2026-05-26
9468,848.0,30.93444487192299,EXITOSO,2026-05-26
9469,599.0,18.763574912620797,EXITOSO,2026-05-26
9470,806.0,75.11390358464415,EXITOSO,2026-05-26
9471,631.0,70.55940618397793,EXITOSO,2026-05-26
9472,720.0,10.468772461058094,EXITOSO,2026-05-26
9473,334.0,109.09528753451818,EXITOSO,2026-05-26
9474,925.0,34.32446501433208,EXITOSO,2026-05-26
9475,154.0,-28.99013392152952,EXITOSO,2026-05-26
9476,547.0,121.14537663318127,EXITOSO,2026-05-26
9477,79.0,55.89831205866574,EXITOSO,2026-05-26
9478,579.0,77.37882400109419,EXITOSO,2026-05-26
9479,855.0,126.89144981353701,EXITOSO,2026-05-26
9480,413.0,19.89514202494597,INVALIDO,2026-05-26
9481,546.0,79.17341797765317,EXITOSO,2026-05-26
9482,609.0,107.01313376599506,EXITOSO,2026-05-26
9483,169.0,22.619572935802154,FALLIDO,2026-05-26
9484,681.0,118.42627343363047,EXITOSO,2026-05-26
9485,663.0,3.633612811247957,EXITOSO,2026-05-26
9486,583.0,56.185402328647854,EXITOSO,2026-05-26
9487,515.0,16.986525829659996,EXITOSO,2026-05-26
9488,314.0,87.83371668010281,EXITOSO,2026-05-26
9489,32.0,21.384228603384074,EXITOSO,2026-05-26
9490,287.0,35.30763907771311,EXITOSO,2026-05-26
9491,594.0,24.84138345430233,EXITOSO,2026-05-26
9492,43.0,11.922562735206526,EXITOSO,2026-05-26
9493,903.0,29.32139531399201,EXITOSO,2026-05-26
9494,617.0,58.18673365646235,EXITOSO,2026-05-26
9495,1.0,55.99136467926347,EXITOSO,2026-05-26
9496,573.0,51.3410748240605,EXITOSO,2026-05-26
9497,270.0,33.338275574629435,EXITOSO,2026-05-26
9498,180.0,45.758667693476355,EXITOSO,2026-05-26
9499,736.0,-3.4234352689584995,EXITOSO,2026-05-26
9500,518.0,32.040529155313905,EXITOSO,2026-05-26
9501,103.0,51.12953321470006,EXITOSO,2026-05-26
9502,10.0,71.77427757540184,FALLIDO,2026-05-26
9503,583.0,66.8905103280127,INVALIDO,2026-05-26
9504,90.0,10.880807544891894,EXITOSO,2026-05-26
9505,226.0,77.1114906255083,INVALIDO,2026-05-26
9506,670.0,64.89000925510177,EXITOSO,2026-05-26
9507,740.0,117.60667940720343,INVALIDO,2026-05-26
9508,917.0,0.22396241908373327,EXITOSO,2026-05-26
9509,126.0,54.540923628172095,EXITOSO,2026-05-26
9510,956.0,101.25225541302764,EXITOSO,2026-05-26
9511,209.0,48.14296511897348,FALLIDO,2026-05-26
9512,97.0,23.461767192825988,EXITOSO,2026-05-26
9513,74.0,27.357560553159708,EXITOSO,2026-05-26
9514,627.0,91.39162617213681,INVALIDO,2026-05-26
9515,191.0,-1.9235210144300012,EXITOSO,2026-05-26
9516,682.0,46.67078411365864,EXITOSO,2026-05-26
9517,819.0,24.9572200195759,EXITOSO,2026-05-26
9518,960.0,27.962571052148327,FALLIDO,2026-05-26
9519,716.0,77.66403439332939,INVALIDO,2026-05-26
9520,56.0,44.18828892558197,FALLIDO,2026-05-26
9521,720.0,69.32136313061636,EXITOSO,2026-05-26
9522,553.0,10.31971136241257,EXITOSO,2026-05-26
9523,32.0,93.19594361857338,EXITOSO,2026-05-26
9524,527.0,68.50696064567137,EXITOSO,2026-05-26
9525,574.0,109.52031870675484,EXITOSO,2026-05-26
9526,667.0,43.72198336690947,EXITOSO,2026-05-26
9527,284.0,77.98250644338171,EXITOSO,2026-05-26
9528,721.0,91.33587665417991,FALLIDO,2026-05-26
9529,832.0,77.19580138819632,EXITOSO,2026-05-26
9530,494.0,127.91156762942757,EXITOSO,2026-05-26
9531,187.0,-6.528732041893065,EXITOSO,2026-05-26
9532,498.0,66.98603671591204,EXITOSO,2026-05-26
9533,442.0,43.76582321293139,EXITOSO,2026-05-26
9534,130.0,40.8924058043963,EXITOSO,2026-05-26
9535,639.0,119.74138039292049,FALLIDO,2026-05-26
9536,292.0,35.191514620264364,EXITOSO,2026-05-26
9537,114.0,94.113060500719,EXITOSO,2026-05-26
9538,199.0,17.836649872159704,EXITOSO,2026-05-26
9539,13.0,100.78053752211528,EXITOSO,2026-05-26
9540,271.0,59.10193087263027,EXITOSO,2026-05-26
9541,601.0,48.6895793717509,FALLIDO,2026-05-26
9542,215.0,-1.470181927687051,EXITOSO,2026-05-26
9543,444.0,48.77269636603607,FALLIDO,2026-05-26
9544,790.0,32.529854694580926,EXITOSO,2026-05-26
9545,512.0,129.90650222523595,EXITOSO,2026-05-26
9546,447.0,62.06662942809639,EXITOSO,2026-05-26
9547,986.0,36.14014371924152,EXITOSO,2026-05-26
9548,993.0,34.446132055296005,EXITOSO,2026-05-26
9549,715.0,5.604195201879342,EXITOSO,2026-05-26
9550,74.0,120.89116522623368,EXITOSO,2026-05-26
9551,537.0,110.25116862064719,EXITOSO,2026-05-26
9552,101.0,57.32323561327812,FALLIDO,2026-05-26
9553,176.0,147.17381596182653,FALLIDO,2026-05-26
9554,427.0,59.47598381072584,EXITOSO,2026-05-26
9555,117.0,103.85732513619372,EXITOSO,2026-05-26
9556,166.0,82.64645424807202,FALLIDO,2026-05-26
9557,41.0,37.02008206523072,EXITOSO,2026-05-26
9558,429.0,67.29436070987644,EXITOSO,2026-05-26
9559,344.0,74.90896109023586,EXITOSO,2026-05-26
9560,424.0,7.829305024837616,EXITOSO,2026-05-26
9561,366.0,71.51902167656876,EXITOSO,2026-05-26
9562,120.0,105.63778129413146,EXITOSO,2026-05-26
9563,609.0,32.338795351725054,FALLIDO,2026-05-26
9564,657.0,51.58313735564318,EXITOSO,2026-05-26
9565,728.0,15.615856768945491,FALLIDO,2026-05-26
9566,229.0,40.68808629743255,EXITOSO,2026-05-26
9567,825.0,43.79186396531329,EXITOSO,2026-05-26
9568,130.0,123.12649938774386,EXITOSO,2026-05-26
9569,352.0,47.31240523404768,FALLIDO,2026-05-26
9570,889.0,38.787149919720285,EXITOSO,2026-05-26
9571,318.0,56.24173759619703,EXITOSO,2026-05-26
9572,984.0,-8.307441645473801,EXITOSO,2026-05-26
9573,649.0,-34.34855393423115,EXITOSO,2026-05-26
9574,836.0,4.7153904822755095,EXITOSO,2026-05-26
9575,337.0,72.96411806372609,EXITOSO,2026-05-26
9576,273.0,59.89292376759966,FALLIDO,2026-05-26
9577,117.0,94.76420485578335,EXITOSO,2026-05-26
9578,818.0,-0.814841294175217,EXITOSO,2026-05-26
9579,368.0,51.83747215682956,FALLIDO,2026-05-26
9580,94.0,-3.6728820892293683,EXITOSO,2026-05-26
9581,168.0,70.69282037512554,FALLIDO,2026-05-26
9582,954.0,4.884061338672666,EXITOSO,2026-05-26
9583,715.0,50.26526812169837,FALLIDO,2026-05-26
9584,341.0,68.25587558708153,EXITOSO,2026-05-26
9585,661.0,44.35203266394882,EXITOSO,2026-05-26
9586,914.0,-30.47801219014103,EXITOSO,2026-05-26
9587,695.0,126.49330979418671,EXITOSO,2026-05-26
9588,925.0,40.104965078285325,EXITOSO,2026-05-26
9589,152.0,-4.380291896936228,EXITOSO,2026-05-26
9590,586.0,90.44784003183494,EXITOSO,2026-05-26
9591,877.0,91.94278937086114,FALLIDO,2026-05-26
9592,913.0,47.91276397197674,EXITOSO,2026-05-26
9593,274.0,121.4499290223898,EXITOSO,2026-05-26
9594,554.0,30.372162498454685,EXITOSO,2026-05-26
9595,496.0,67.02594353179902,EXITOSO,2026-05-26
9596,724.0,80.43206557693698,EXITOSO,2026-05-26
9597,101.0,120.55992873826038,EXITOSO,2026-05-26
9598,557.0,-17.73237505522134,EXITOSO,2026-05-26
9599,82.0,151.67222310899007,EXITOSO,2026-05-26
9600,529.0,106.95490799303514,EXITOSO,2026-05-26
9601,73.0,77.97823978176123,EXITOSO,2026-05-26
9602,14.0,28.01390989981332,EXITOSO,2026-05-26
9603,433.0,24.65325005265437,EXITOSO,2026-05-26
9604,157.0,71.51325313802512,EXITOSO,2026-05-26
9605,735.0,79.75199989793164,EXITOSO,2026-05-26
9606,132.0,74.59471999957128,EXITOSO,2026-05-26
9607,338.0,66.39010983824541,EXITOSO,2026-05-26
9608,404.0,77.27851055129474,EXITOSO,2026-05-26
9609,376.0,-27.424903740981506,EXITOSO,2026-05-26
9610,888.0,49.355823443779556,EXITOSO,2026-05-26
9611,559.0,4.670728133795478,EXITOSO,2026-05-26
9612,107.0,58.37845452808611,EXITOSO,2026-05-26
9613,620.0,112.25862785081841,EXITOSO,2026-05-26
9614,265.0,23.652524372995472,EXITOSO,2026-05-26
9615,205.0,31.628417201090514,EXITOSO,2026-05-26
9616,79.0,26.01932675031476,EXITOSO,2026-05-26
9617,155.0,31.363715779031537,EXITOSO,2026-05-26
9618,783.0,82.1621080336853,EXITOSO,2026-05-26
9619,988.0,91.48788722018949,EXITOSO,2026-05-26
9620,997.0,118.76802720507682,EXITOSO,2026-05-26
9621,247.0,19.794823937418784,INVALIDO,2026-05-26
9622,531.0,87.35758082643578,EXITOSO,2026-05-26
9623,858.0,94.01476771380442,EXITOSO,2026-05-26
9624,948.0,126.1318539518071,INVALIDO,2026-05-26
9625,538.0,22.78048261848773,EXITOSO,2026-05-26
9626,729.0,-20.143194994870726,EXITOSO,2026-05-26
9627,154.0,48.90456935114826,EXITOSO,2026-05-26
9628,154.0,172.3474980175367,EXITOSO,2026-05-26
9629,686.0,16.18948865388633,FALLIDO,2026-05-26
9630,92.0,79.47699788847518,INVALIDO,2026-05-26
9631,433.0,-28.661143863000106,FALLIDO,2026-05-26
9632,338.0,132.59359671677808,FALLIDO,2026-05-26
9633,480.0,-15.128181512142845,EXITOSO,2026-05-26
9634,693.0,-35.64518384452363,EXITOSO,2026-05-26
9635,131.0,63.9547635652734,EXITOSO,2026-05-26
9636,450.0,64.73478184526783,EXITOSO,2026-05-26
9637,993.0,116.77157800530904,EXITOSO,2026-05-26
9638,810.0,93.97845295962286,EXITOSO,2026-05-26
9639,787.0,-20.023043134514637,FALLIDO,2026-05-26
9640,273.0,53.92521844820293,EXITOSO,2026-05-26
9641,929.0,32.116429632878166,EXITOSO,2026-05-26
9642,588.0,6.597907202338824,EXITOSO,2026-05-26
9643,177.0,77.34690322329183,EXITOSO,2026-05-26
9644,696.0,101.7192384988604,EXITOSO,2026-05-26
9645,831.0,27.78816749374821,EXITOSO,2026-05-26
9646,643.0,46.68598939992823,EXITOSO,2026-05-26
9647,875.0,49.35255070758541,EXITOSO,2026-05-26
9648,49.0,33.55659483384974,EXITOSO,2026-05-26
9649,567.0,42.90463857371745,EXITOSO,2026-05-26
9650,666.0,33.53096640551549,EXITOSO,2026-05-26
9651,355.0,64.98536807977668,EXITOSO,2026-05-26
9652,712.0,36.54229127398801,FALLIDO,2026-05-26
9653,308.0,77.08369843048945,INVALIDO,2026-05-26
9654,868.0,36.395663754690396,EXITOSO,2026-05-26
9655,885.0,85.8696231479075,FALLIDO,2026-05-26
9656,630.0,35.53261677970861,EXITOSO,2026-05-26
9657,775.0,84.22945127576803,INVALIDO,2026-05-26
9658,46.0,26.056349347242367,EXITOSO,2026-05-26
9659,302.0,95.41450170445125,EXITOSO,2026-05-26
9660,868.0,-11.120998633642344,EXITOSO,2026-05-26
9661,912.0,59.76614779800606,EXITOSO,2026-05-26
9662,408.0,37.31396039473525,EXITOSO,2026-05-26
9663,189.0,58.152747162296805,EXITOSO,2026-05-26
9664,822.0,12.560448536331663,EXITOSO,2026-05-26
9665,830.0,52.21612254397712,EXITOSO,2026-05-26
9666,129.0,15.625853873158135,EXITOSO,2026-05-26
9667,561.0,50.47318373537974,EXITOSO,2026-05-26
9668,537.0,46.75392248904962,EXITOSO,2026-05-26
9669,266.0,73.19691227137089,EXITOSO,2026-05-26
9670,118.0,62.63237253666182,EXITOSO,2026-05-26
9671,464.0,135.13209574419812,EXITOSO,2026-05-26
9672,144.0,39.602609783399984,EXITOSO,2026-05-26
9673,442.0,54.69485428915843,EXITOSO,2026-05-26
9674,200.0,187.37226274437802,EXITOSO,2026-05-26
9675,157.0,51.057922808132915,EXITOSO,2026-05-26
9676,487.0,98.12885475669106,EXITOSO,2026-05-26
9677,860.0,83.06199445810654,EXITOSO,2026-05-26
9678,134.0,153.39118081164912,EXITOSO,2026-05-26
9679,912.0,2.7741712944946215,EXITOSO,2026-05-26
9680,148.0,-1.783228671420943,EXITOSO,2026-05-26
9681,336.0,15.28481514429663,EXITOSO,2026-05-26
9682,71.0,66.91116436082021,EXITOSO,2026-05-26
9683,233.0,19.863907466640107,EXITOSO,2026-05-26
9684,334.0,-25.33767438290201,EXITOSO,2026-05-26
9685,811.0,23.025694596627837,EXITOSO,2026-05-26
9686,666.0,74.74333361912369,FALLIDO,2026-05-26
9687,90.0,23.85617843921404,EXITOSO,2026-05-26
9688,334.0,105.69648540258694,EXITOSO,2026-05-26
9689,199.0,14.98461045045957,EXITOSO,2026-05-26
9690,161.0,60.56575784100402,EXITOSO,2026-05-26
9691,538.0,44.36299610383435,EXITOSO,2026-05-26
9692,121.0,67.53920633970002,EXITOSO,2026-05-26
9693,301.0,71.55416595738544,EXITOSO,2026-05-26
9694,724.0,123.40785381561258,EXITOSO,2026-05-26
9695,575.0,87.59383855276721,EXITOSO,2026-05-26
9696,963.0,43.16934802349118,EXITOSO,2026-05-26
9697,436.0,84.51450960993367,EXITOSO,2026-05-26
9698,68.0,90.00993213543612,EXITOSO,2026-05-26
9699,765.0,141.7986351496563,EXITOSO,2026-05-26
9700,922.0,53.714670151124764,EXITOSO,2026-05-26
9701,459.0,56.68339788013154,EXITOSO,2026-05-26
9702,514.0,112.49197185128833,EXITOSO,2026-05-26
9703,398.0,-19.94082705066168,EXITOSO,2026-05-26
9704,620.0,51.81448073308989,EXITOSO,2026-05-26
9705,286.0,87.77332694736226,EXITOSO,2026-05-26
9706,561.0,101.88851299823028,INVALIDO,2026-05-26
9707,140.0,-28.37405941023924,FALLIDO,2026-05-26
9708,730.0,6.469297142456284,EXITOSO,2026-05-26
9709,556.0,-39.707608853360114,EXITOSO,2026-05-26
9710,929.0,94.91756042102094,EXITOSO,2026-05-26
9711,781.0,68.17826752204392,EXITOSO,2026-05-26
9712,590.0,116.76055288630295,EXITOSO,2026-05-26
9713,728.0,61.166697585767565,EXITOSO,2026-05-26
9714,894.0,149.63936210576725,EXITOSO,2026-05-26
9715,610.0,22.27878617627821,EXITOSO,2026-05-26
9716,748.0,45.31443455553289,EXITOSO,2026-05-26
9717,282.0,76.51321782785848,EXITOSO,2026-05-26
9718,661.0,31.489848411684633,EXITOSO,2026-05-26
9719,924.0,76.68664119291353,EXITOSO,2026-05-26
9720,816.0,55.573892681898066,EXITOSO,2026-05-26
9721,996.0,53.24310913753269,EXITOSO,2026-05-26
9722,936.0,54.98868328356744,EXITOSO,2026-05-26
9723,578.0,88.21600119895982,EXITOSO,2026-05-26
9724,746.0,46.2843847355212,EXITOSO,2026-05-26
9725,457.0,15.202125526943071,EXITOSO,2026-05-26
9726,87.0,62.68675984937508,EXITOSO,2026-05-26
9727,79.0,34.643366137735704,FALLIDO,2026-05-26
9728,205.0,20.031529416287192,EXITOSO,2026-05-26
9729,791.0,-9.23944452454441,EXITOSO,2026-05-26
9730,337.0,97.24528908350817,EXITOSO,2026-05-26
9731,254.0,86.49995529190844,FALLIDO,2026-05-26
9732,304.0,116.29651671859698,EXITOSO,2026-05-26
9733,380.0,60.11100199328092,EXITOSO,2026-05-26
9734,130.0,103.14206985278766,EXITOSO,2026-05-26
9735,596.0,22.253287400832996,EXITOSO,2026-05-26
9736,276.0,-16.324495665972336,EXITOSO,2026-05-26
9737,699.0,29.933764395584284,EXITOSO,2026-05-26
9738,558.0,51.76225353158939,EXITOSO,2026-05-26
9739,899.0,74.41822709723218,EXITOSO,2026-05-26
9740,183.0,111.23414412411677,EXITOSO,2026-05-26
9741,268.0,72.88321517523926,EXITOSO,2026-05-26
9742,808.0,150.2958703232835,EXITOSO,2026-05-26
9743,322.0,64.79280094524795,EXITOSO,2026-05-26
9744,512.0,64.02941800415965,EXITOSO,2026-05-26
9745,612.0,73.52810555484963,EXITOSO,2026-05-26
9746,78.0,75.15809940476345,EXITOSO,2026-05-26
9747,784.0,74.58354017866759,FALLIDO,2026-05-26
9748,339.0,10.709920197003875,EXITOSO,2026-05-26
9749,674.0,94.08770993984069,EXITOSO,2026-05-26
9750,556.0,160.22741270809928,EXITOSO,2026-05-26
9751,509.0,24.68064073969557,FALLIDO,2026-05-26
9752,238.0,58.35045937451255,EXITOSO,2026-05-26
9753,134.0,5.088366344828621,EXITOSO,2026-05-26
9754,973.0,90.07685237614555,EXITOSO,2026-05-26
9755,192.0,90.0384224299551,EXITOSO,2026-05-26
9756,356.0,-0.16133460843028047,FALLIDO,2026-05-26
9757,278.0,7.501914287789646,FALLIDO,2026-05-26
9758,18.0,-23.266581152946628,EXITOSO,2026-05-26
9759,524.0,122.81518298333233,EXITOSO,2026-05-26
9760,180.0,26.451336687360588,EXITOSO,2026-05-26
9761,123.0,54.631551942831564,EXITOSO,2026-05-26
9762,246.0,45.33383789209641,EXITOSO,2026-05-26
9763,734.0,99.53792087383496,FALLIDO,2026-05-26
9764,373.0,86.40889753593795,EXITOSO,2026-05-26
9765,51.0,84.2728369880272,EXITOSO,2026-05-26
9766,71.0,27.517752324906553,EXITOSO,2026-05-26
9767,480.0,87.24925103737458,INVALIDO,2026-05-26
9768,560.0,97.13749563790242,EXITOSO,2026-05-26
9769,19.0,86.06788139122773,EXITOSO,2026-05-26
9770,774.0,8.43751473487842,EXITOSO,2026-05-26
9771,84.0,14.810253370748555,EXITOSO,2026-05-26
9772,155.0,129.48495427396136,EXITOSO,2026-05-26
9773,565.0,137.7578358800203,FALLIDO,2026-05-26
9774,619.0,57.20091318617505,EXITOSO,2026-05-26
9775,357.0,57.14915070605941,EXITOSO,2026-05-26
9776,816.0,66.29659226131542,EXITOSO,2026-05-26
9777,647.0,83.16016135920594,EXITOSO,2026-05-26
9778,443.0,2.299875827059246,EXITOSO,2026-05-26
9779,69.0,69.2167533745467,EXITOSO,2026-05-26
9780,523.0,18.7699402117207,FALLIDO,2026-05-26
9781,143.0,59.19034101246044,EXITOSO,2026-05-26
9782,192.0,24.646789086845416,EXITOSO,2026-05-26
9783,387.0,34.06865162787777,EXITOSO,2026-05-26
9784,378.0,67.26349642831302,EXITOSO,2026-05-26
9785,581.0,35.307853199247326,EXITOSO,2026-05-26
9786,535.0,16.046017559972647,EXITOSO,2026-05-26
9787,693.0,118.14037207820104,EXITOSO,2026-05-26
9788,293.0,16.618288920343794,EXITOSO,2026-05-26
9789,9.0,-32.418269554206546,FALLIDO,2026-05-26
9790,271.0,82.75059184999036,FALLIDO,2026-05-26
9791,387.0,48.4128036011856,EXITOSO,2026-05-26
9792,93.0,58.826495788545635,EXITOSO,2026-05-26
9793,966.0,66.32732011187717,EXITOSO,2026-05-26
9794,529.0,110.82619510769624,FALLIDO,2026-05-26
9795,154.0,134.55192799607823,EXITOSO,2026-05-26
9796,405.0,70.13778596353957,EXITOSO,2026-05-26
9797,840.0,12.970917531901911,EXITOSO,2026-05-26
9798,149.0,65.83854033670768,EXITOSO,2026-05-26
9799,889.0,83.5672860148104,EXITOSO,2026-05-26
9800,267.0,100.14542573875545,EXITOSO,2026-05-26
9801,422.0,65.49175501397288,EXITOSO,2026-05-26
9802,840.0,37.57835679488906,EXITOSO,2026-05-26
9803,618.0,23.72848984172176,EXITOSO,2026-05-26
9804,472.0,55.33783657855719,EXITOSO,2026-05-26
9805,893.0,-0.040177915942848585,EXITOSO,2026-05-26
9806,547.0,75.77523442315838,EXITOSO,2026-05-26
9807,631.0,67.09264581893662,EXITOSO,2026-05-26
9808,526.0,66.89384908418762,FALLIDO,2026-05-26
9809,503.0,88.70507271270608,EXITOSO,2026-05-26
9810,14.0,118.0388383495964,EXITOSO,2026-05-26
9811,778.0,57.18275091818517,EXITOSO,2026-05-26
9812,652.0,63.07733103118708,EXITOSO,2026-05-26
9813,806.0,45.213386080966295,EXITOSO,2026-05-26
9814,364.0,82.06044959400883,FALLIDO,2026-05-26
9815,119.0,59.695346636844555,EXITOSO,2026-05-26
9816,238.0,106.20238670875356,EXITOSO,2026-05-26
9817,546.0,105.36187710127379,EXITOSO,2026-05-26
9818,169.0,72.64300026967383,EXITOSO,2026-05-26
9819,522.0,56.81554242561431,FALLIDO,2026-05-26
9820,634.0,49.07010210109418,EXITOSO,2026-05-26
9821,913.0,79.21466096483105,EXITOSO,2026-05-26
9822,657.0,79.32106636230088,EXITOSO,2026-05-26
9823,963.0,49.05469040626345,EXITOSO,2026-05-26
9824,958.0,71.53772902911986,EXITOSO,2026-05-26
9825,735.0,29.0311223138044,EXITOSO,2026-05-26
9826,883.0,78.03716478181849,EXITOSO,2026-05-26
9827,769.0,32.39239784432728,EXITOSO,2026-05-26
9828,780.0,90.8814258969368,EXITOSO,2026-05-26
9829,871.0,47.33142675442164,EXITOSO,2026-05-26
9830,516.0,126.95377039072147,EXITOSO,2026-05-26
9831,938.0,61.56391982401608,EXITOSO,2026-05-26
9832,397.0,69.51859567599553,EXITOSO,2026-05-26
9833,866.0,4.053523795085205,EXITOSO,2026-05-26
9834,106.0,116.261725887067,EXITOSO,2026-05-26
9835,85.0,58.482612174895024,FALLIDO,2026-05-26
9836,214.0,129.58018386152253,FALLIDO,2026-05-26
9837,121.0,61.92974752336894,EXITOSO,2026-05-26
9838,132.0,51.4349232692475,EXITOSO,2026-05-26
9839,850.0,39.54105374902614,EXITOSO,2026-05-26
9840,197.0,85.68731180398119,INVALIDO,2026-05-26
9841,19.0,80.83027093525845,EXITOSO,2026-05-26
9842,642.0,6.638614847259596,EXITOSO,2026-05-26
9843,12.0,37.24438361506901,EXITOSO,2026-05-26
9844,81.0,88.89936974264272,EXITOSO,2026-05-26
9845,330.0,34.22096919138469,EXITOSO,2026-05-26
9846,866.0,27.318522760688083,FALLIDO,2026-05-26
9847,774.0,67.84975400941582,EXITOSO,2026-05-26
9848,392.0,63.48580010866379,EXITOSO,2026-05-26
9849,637.0,41.440508610753156,EXITOSO,2026-05-26
9850,307.0,130.69545330637936,EXITOSO,2026-05-26
9851,267.0,54.03957534725596,EXITOSO,2026-05-26
9852,447.0,9.400233749558382,EXITOSO,2026-05-26
9853,441.0,-4.756467878900779,EXITOSO,2026-05-26
9854,895.0,100.89904510344255,EXITOSO,2026-05-26
9855,652.0,16.104290107640544,EXITOSO,2026-05-26
9856,841.0,61.21766237712588,EXITOSO,2026-05-26
9857,2.0,25.040898709275012,EXITOSO,2026-05-26
9858,520.0,55.915537315332024,EXITOSO,2026-05-26
9859,762.0,73.91947631194488,EXITOSO,2026-05-26
9860,651.0,5.378325781168698,EXITOSO,2026-05-26
9861,636.0,41.77193564104846,EXITOSO,2026-05-26
9862,309.0,33.05638850242997,EXITOSO,2026-05-26
9863,740.0,21.385221348405395,EXITOSO,2026-05-26
9864,522.0,44.97335523217308,EXITOSO,2026-05-26
9865,469.0,35.04798831742367,EXITOSO,2026-05-26
9866,212.0,94.91951943633205,EXITOSO,2026-05-26
9867,112.0,31.368916247433845,FALLIDO,2026-05-26
9868,8.0,78.03293113866711,EXITOSO,2026-05-26
9869,804.0,76.63307932459242,EXITOSO,2026-05-26
9870,477.0,-0.04427966520050575,EXITOSO,2026-05-26
9871,874.0,39.77201938204618,EXITOSO,2026-05-26
9872,460.0,55.597513930216024,EXITOSO,2026-05-26
9873,253.0,70.61647408490403,EXITOSO,2026-05-26
9874,526.0,50.54522707189221,EXITOSO,2026-05-26
9875,752.0,101.67657301683157,EXITOSO,2026-05-26
9876,438.0,64.18983912990602,EXITOSO,2026-05-26
9877,754.0,77.8205814825673,EXITOSO,2026-05-26
9878,981.0,36.31306186258976,EXITOSO,2026-05-26
9879,854.0,78.40319004070099,EXITOSO,2026-05-26
9880,661.0,137.45558423614656,EXITOSO,2026-05-26
9881,236.0,81.06341451557614,EXITOSO,2026-05-26
9882,306.0,104.12061898678292,EXITOSO,2026-05-26
9883,478.0,48.3380207197421,EXITOSO,2026-05-26
9884,679.0,96.96984016125589,EXITOSO,2026-05-26
9885,20.0,100.46274495359674,EXITOSO,2026-05-26
9886,216.0,69.81794483418331,EXITOSO,2026-05-26
9887,855.0,57.009962516487064,EXITOSO,2026-05-26
9888,135.0,0.19650992132264378,FALLIDO,2026-05-26
9889,905.0,58.7046210494093,EXITOSO,2026-05-26
9890,129.0,82.60893891694742,EXITOSO,2026-05-26
9891,410.0,29.3902814945575,INVALIDO,2026-05-26
9892,422.0,9.196682641165566,EXITOSO,2026-05-26
9893,294.0,64.07806715596793,EXITOSO,2026-05-26
9894,246.0,69.2266367973422,FALLIDO,2026-05-26
9895,701.0,6.1051503504130125,EXITOSO,2026-05-26
9896,556.0,61.63086766105501,EXITOSO,2026-05-26
9897,86.0,71.59710234435094,EXITOSO,2026-05-26
9898,556.0,112.85214796807149,EXITOSO,2026-05-26
9899,842.0,40.939234590456266,EXITOSO,2026-05-26
9900,375.0,143.45686860251604,EXITOSO,2026-05-26
9901,446.0,62.15540883334513,INVALIDO,2026-05-26
9902,378.0,11.922298710469178,EXITOSO,2026-05-26
9903,390.0,46.792577550738926,EXITOSO,2026-05-26
9904,657.0,15.48614519784526,EXITOSO,2026-05-26
9905,51.0,53.310484308583554,EXITOSO,2026-05-26
9906,242.0,78.7386566804467,EXITOSO,2026-05-26
9907,294.0,70.72754255856307,EXITOSO,2026-05-26
9908,920.0,14.794990237870316,EXITOSO,2026-05-26
9909,563.0,9.820277898510113,EXITOSO,2026-05-26
9910,266.0,76.77556166116,EXITOSO,2026-05-26
9911,120.0,85.7639591987712,EXITOSO,2026-05-26
9912,712.0,40.442780183859796,EXITOSO,2026-05-26
9913,917.0,-41.50688728196525,EXITOSO,2026-05-26
9914,248.0,13.664038923950415,EXITOSO,2026-05-26
9915,70.0,99.45201474646717,EXITOSO,2026-05-26
9916,853.0,30.458788496584503,EXITOSO,2026-05-26
9917,57.0,46.11071900390956,FALLIDO,2026-05-26
9918,382.0,82.13358613510543,EXITOSO,2026-05-26
9919,39.0,47.74919964771911,EXITOSO,2026-05-26
9920,984.0,115.89691443292513,EXITOSO,2026-05-26
9921,801.0,45.062539023966295,EXITOSO,2026-05-26
9922,443.0,25.57386087413235,EXITOSO,2026-05-26
9923,18.0,107.29088812070292,EXITOSO,2026-05-26
9924,952.0,61.91224373533829,EXITOSO,2026-05-26
9925,732.0,16.864086058519618,EXITOSO,2026-05-26
9926,825.0,78.87297490741454,EXITOSO,2026-05-26
9927,756.0,48.22691346061969,FALLIDO,2026-05-26
9928,352.0,14.165441716068173,EXITOSO,2026-05-26
9929,972.0,63.80463091917372,EXITOSO,2026-05-26
9930,816.0,53.67613990549954,EXITOSO,2026-05-26
9931,298.0,-7.496755195148694,EXITOSO,2026-05-26
9932,283.0,17.627040194371034,EXITOSO,2026-05-26
9933,586.0,134.61382665844985,EXITOSO,2026-05-26
9934,110.0,63.25238289428205,EXITOSO,2026-05-26
9935,180.0,113.86681905582937,EXITOSO,2026-05-26
9936,938.0,72.35272800670234,EXITOSO,2026-05-26
9937,544.0,109.48543936936154,EXITOSO,2026-05-26
9938,746.0,82.22994536440866,EXITOSO,2026-05-26
9939,794.0,22.146841056507483,EXITOSO,2026-05-26
9940,25.0,84.27300449765353,EXITOSO,2026-05-26
9941,843.0,21.88891375982132,EXITOSO,2026-05-26
9942,791.0,97.17476141997207,EXITOSO,2026-05-26
9943,738.0,68.70896207037084,EXITOSO,2026-05-26
9944,57.0,60.75090095355545,FALLIDO,2026-05-26
9945,180.0,42.4587587752101,EXITOSO,2026-05-26
9946,232.0,91.9377320947315,EXITOSO,2026-05-26
9947,894.0,53.69389283666146,EXITOSO,2026-05-26
9948,343.0,-16.39580673380061,EXITOSO,2026-05-26
9949,477.0,-8.570056675092388,FALLIDO,2026-05-26
9950,799.0,9.229107255580587,EXITOSO,2026-05-26
9951,576.0,91.36720841516669,EXITOSO,2026-05-26
9952,455.0,94.41002346072014,EXITOSO,2026-05-26
9953,232.0,72.99990901306188,INVALIDO,2026-05-26
9954,289.0,72.57635180748424,EXITOSO,2026-05-26
9955,213.0,117.84538548760293,EXITOSO,2026-05-26
9956,258.0,73.71393568319986,EXITOSO,2026-05-26
9957,530.0,85.52438262009224,FALLIDO,2026-05-26
9958,687.0,59.57010653259867,EXITOSO,2026-05-26
9959,929.0,41.55779944020958,FALLIDO,2026-05-26
9960,229.0,48.79060278997993,FALLIDO,2026-05-26
9961,226.0,142.03075277154062,EXITOSO,2026-05-26
9962,596.0,16.531257497810223,EXITOSO,2026-05-26
9963,803.0,72.5724638165316,EXITOSO,2026-05-26
9964,435.0,-0.6155543117588138,EXITOSO,2026-05-26
9965,882.0,35.57933798820294,EXITOSO,2026-05-26
9966,758.0,90.95304343863606,EXITOSO,2026-05-26
9967,402.0,-12.398477234814038,EXITOSO,2026-05-26
9968,622.0,96.18957151897266,INVALIDO,2026-05-26
9969,766.0,141.90174437757065,EXITOSO,2026-05-26
9970,88.0,74.60642067274046,EXITOSO,2026-05-26
9971,584.0,110.47656378172081,EXITOSO,2026-05-26
9972,893.0,69.9215231543148,EXITOSO,2026-05-26
9973,542.0,88.44355416831431,EXITOSO,2026-05-26
9974,684.0,78.15065039935962,EXITOSO,2026-05-26
9975,309.0,39.59776769345653,EXITOSO,2026-05-26
9976,906.0,36.01269529628805,EXITOSO,2026-05-26
9977,343.0,107.25828229937923,EXITOSO,2026-05-26
9978,436.0,58.311445679040794,EXITOSO,2026-05-26
9979,177.0,54.32911462023456,EXITOSO,2026-05-26
9980,139.0,53.50051929713645,FALLIDO,2026-05-26
9981,194.0,72.2562707935799,EXITOSO,2026-05-26
9982,186.0,12.57917948564834,EXITOSO,2026-05-26
9983,218.0,52.71425633737472,EXITOSO,2026-05-26
9984,164.0,72.42237135458787,EXITOSO,2026-05-26
9985,161.0,8.836574167948896,EXITOSO,2026-05-26
9986,943.0,68.36926911622973,EXITOSO,2026-05-26
9987,525.0,24.094938328909542,FALLIDO,2026-05-26
9988,808.0,72.49749849264862,EXITOSO,2026-05-26
9989,601.0,146.34047867653481,EXITOSO,2026-05-26
9990,836.0,55.1654612450428,EXITOSO,2026-05-26
9991,42.0,16.85465849765898,EXITOSO,2026-05-26
9992,915.0,69.48334880112446,EXITOSO,2026-05-26
9993,210.0,78.96840449929218,EXITOSO,2026-05-26
9994,741.0,22.52308066052153,FALLIDO,2026-05-26
9995,862.0,-8.739201046823212,EXITOSO,2026-05-26
9996,275.0,22.645625298850696,FALLIDO,2026-05-26
9997,954.0,58.06593266090647,EXITOSO,2026-05-26
9998,279.0,41.78745825483171,EXITOSO,2026-05-26
9999,251.0,103.0997580142328,FALLIDO,2026-05-26
10000,310.0,80.68452294741928,EXITOSO,2026-05-26
101,556.0,87.73598823487544,EXITOSO,2026-05-26
102,162.0,56.43333673460127,EXITOSO,2026-05-26
103,202.0,51.06228360547486,FALLIDO,2026-05-26
104,958.0,-14.69378274798025,EXITOSO,2026-05-26
105,996.0,91.78956868221228,EXITOSO,2026-05-26
